Country,variable,x,predicted,band_low,band_high
Belgium,netustm_log,-2.017651430380346,-0.10769169306901427,-0.12891546307049784,-0.08646792306753072
Belgium,netustm_log,-1.9934521454636227,-0.10670542414828504,-0.1279291941497686,-0.08548165414680149
Belgium,netustm_log,-1.9692528605468995,-0.10571915522755582,-0.12694292522903938,-0.08449538522607226
Belgium,netustm_log,-1.9450535756301763,-0.10473288630682656,-0.1259566563083101,-0.08350911630534301
Belgium,netustm_log,-1.920854290713453,-0.1037466173860973,-0.12497038738758086,-0.08252284738461375
Belgium,netustm_log,-1.8966550057967297,-0.10276034846536808,-0.12398411846685163,-0.08153657846388453
Belgium,netustm_log,-1.8724557208800066,-0.10177407954463885,-0.1229978495461224,-0.0805503095431553
Belgium,netustm_log,-1.8482564359632834,-0.1007878106239096,-0.12201158062539315,-0.07956404062242604
Belgium,netustm_log,-1.8240571510465602,-0.09980154170318037,-0.12102531170466392,-0.07857777170169682
Belgium,netustm_log,-1.799857866129837,-0.09881527278245111,-0.12003904278393467,-0.07759150278096756
Belgium,netustm_log,-1.7756585812131138,-0.09782900386172189,-0.11905277386320544,-0.07660523386023833
Belgium,netustm_log,-1.7514592962963906,-0.09684273494099263,-0.11806650494247618,-0.07561896493950908
Belgium,netustm_log,-1.7272600113796672,-0.0958564660202634,-0.11708023602174696,-0.07463269601877985
Belgium,netustm_log,-1.703060726462944,-0.09487019709953415,-0.1160939671010177,-0.0736464270980506
Belgium,netustm_log,-1.6788614415462209,-0.09388392817880492,-0.11510769818028847,-0.07266015817732137
Belgium,netustm_log,-1.6546621566294977,-0.09289765925807567,-0.11412142925955922,-0.07167388925659211
Belgium,netustm_log,-1.6304628717127745,-0.09191139033734644,-0.11313516033882999,-0.07068762033586289
Belgium,netustm_log,-1.606263586796051,-0.09092512141661718,-0.11214889141810074,-0.06970135141513363
Belgium,netustm_log,-1.5820643018793281,-0.08993885249588796,-0.11116262249737151,-0.0687150824944044
Belgium,netustm_log,-1.5578650169626047,-0.0889525835751587,-0.11017635357664225,-0.06772881357367515
Belgium,netustm_log,-1.5336657320458815,-0.08796631465442947,-0.10919008465591303,-0.06674254465294592
Belgium,netustm_log,-1.5094664471291583,-0.08698004573370023,-0.10820381573518378,-0.06575627573221668
Belgium,netustm_log,-1.4852671622124352,-0.08599377681297099,-0.10721754681445454,-0.06477000681148744
Belgium,netustm_log,-1.461067877295712,-0.08500750789224176,-0.10623127789372531,-0.06378373789075821
Belgium,netustm_log,-1.4368685923789886,-0.08402123897151251,-0.10524500897299606,-0.06279746897002896
Belgium,netustm_log,-1.4126693074622656,-0.08303497005078328,-0.10425874005226683,-0.06181120004929973
Belgium,netustm_log,-1.3884700225455422,-0.08204870113005402,-0.10327247113153758,-0.06082493112857047
Belgium,netustm_log,-1.364270737628819,-0.0810624322093248,-0.10228620221080835,-0.059838662207841245
Belgium,netustm_log,-1.3400714527120958,-0.08007616328859554,-0.1012999332900791,-0.05885239328711199
Belgium,netustm_log,-1.3158721677953726,-0.07908989436786631,-0.10031366436934987,-0.05786612436638276
Belgium,netustm_log,-1.2916728828786495,-0.07810362544713707,-0.09932739544862063,-0.05687985544565352
Belgium,netustm_log,-1.267473597961926,-0.07711735652640783,-0.09834112652789138,-0.05589358652492428
Belgium,netustm_log,-1.243274313045203,-0.0761310876056786,-0.09735485760716216,-0.05490731760419505
Belgium,netustm_log,-1.2190750281284797,-0.07514481868494935,-0.0963685886864329,-0.0539210486834658
Belgium,netustm_log,-1.1948757432117565,-0.07415854976422011,-0.09538231976570366,-0.052934779762736556
Belgium,netustm_log,-1.1706764582950333,-0.07317228084349087,-0.09439605084497442,-0.051948510842007314
Belgium,netustm_log,-1.1464771733783101,-0.07218601192276164,-0.09340978192424519,-0.05096224192127809
Belgium,netustm_log,-1.122277888461587,-0.07119974300203238,-0.09242351300351594,-0.04997597300054883
Belgium,netustm_log,-1.0980786035448635,-0.07021347408130314,-0.0914372440827867,-0.04898970407981959
Belgium,netustm_log,-1.0738793186281406,-0.06922720516057392,-0.09045097516205747,-0.04800343515909036
Belgium,netustm_log,-1.0496800337114172,-0.06824093623984467,-0.08946470624132823,-0.04701716623836112
Belgium,netustm_log,-1.025480748794694,-0.06725466731911542,-0.08847843732059897,-0.046030897317631866
Belgium,netustm_log,-1.0012814638779708,-0.06626839839838619,-0.08749216839986974,-0.04504462839690264
Belgium,netustm_log,-0.9770821789612476,-0.06528212947765695,-0.0865058994791405,-0.0440583594761734
Belgium,netustm_log,-0.9528828940445244,-0.06429586055692771,-0.08551963055841126,-0.043072090555444156
Belgium,netustm_log,-0.9286836091278012,-0.06330959163619847,-0.08453336163768202,-0.042085821634714915
Belgium,netustm_log,-0.904484324211078,-0.06232332271546923,-0.08354709271695279,-0.04109955271398568
Belgium,netustm_log,-0.8802850392943546,-0.061337053794739985,-0.08256082379622354,-0.04011328379325643
Belgium,netustm_log,-0.8560857543776315,-0.06035078487401074,-0.0815745548754943,-0.03912701487252719
Belgium,netustm_log,-0.8318864694609083,-0.0593645159532815,-0.08058828595476505,-0.03814074595179795
Belgium,netustm_log,-0.8076871845441851,-0.05837824703255227,-0.07960201703403583,-0.037154477031068715
Belgium,netustm_log,-0.7834878996274619,-0.057391978111823026,-0.07861574811330657,-0.036168208110339474
Belgium,netustm_log,-0.7592886147107387,-0.05640570919109379,-0.07762947919257734,-0.03518193918961024
Belgium,netustm_log,-0.7350893297940155,-0.05541944027036455,-0.0766432102718481,-0.034195670268881
Belgium,netustm_log,-0.7108900448772921,-0.054433171349635295,-0.07565694135111885,-0.03320940134815174
Belgium,netustm_log,-0.6866907599605689,-0.05344690242890606,-0.0746706724303896,-0.03222313242742251
Belgium,netustm_log,-0.6624914750438458,-0.05246063350817683,-0.07368440350966038,-0.031236863506693274
Belgium,netustm_log,-0.6382921901271226,-0.051474364587447585,-0.07269813458893114,-0.030250594585964033
Belgium,netustm_log,-0.6140929052103994,-0.050488095666718344,-0.0717118656682019,-0.02926432566523479
Belgium,netustm_log,-0.5898936202936762,-0.0495018267459891,-0.07072559674747265,-0.02827805674450555
Belgium,netustm_log,-0.565694335376953,-0.04851555782525986,-0.06973932782674341,-0.02729178782377631
Belgium,netustm_log,-0.5414950504602296,-0.04752928890453062,-0.06875305890601417,-0.026305518903047068
Belgium,netustm_log,-0.5172957655435064,-0.04654301998380138,-0.06776678998528493,-0.025319249982317826
Belgium,netustm_log,-0.49309648062678324,-0.04555675106307214,-0.06678052106455569,-0.024332981061588585
Belgium,netustm_log,-0.46889719571006006,-0.044570482142342896,-0.06579425214382645,-0.023346712140859344
Belgium,netustm_log,-0.44469791079333687,-0.04358421322161366,-0.06480798322309722,-0.02236044322013011
Belgium,netustm_log,-0.4204986258766137,-0.04259794430088443,-0.06382171430236798,-0.021374174299400875
Belgium,netustm_log,-0.3962993409598905,-0.041611675380155186,-0.06283544538163874,-0.020387905378671634
Belgium,netustm_log,-0.3721000560431671,-0.04062540645942594,-0.06184917646090949,-0.019401636457942385
Belgium,netustm_log,-0.3479007711264439,-0.039639137538696696,-0.06086290754018025,-0.018415367537213144
Belgium,netustm_log,-0.3237014862097207,-0.03865286861796746,-0.059876638619451014,-0.01742909861648391
Belgium,netustm_log,-0.29950220129299754,-0.03766659969723822,-0.05889036969872177,-0.016442829695754668
Belgium,netustm_log,-0.27530291637627435,-0.03668033077650898,-0.05790410077799253,-0.015456560775025427
Belgium,netustm_log,-0.25110363145955117,-0.03569406185577974,-0.05691783185726329,-0.014470291854296186
Belgium,netustm_log,-0.22690434654282798,-0.034707792935050504,-0.055931562936534056,-0.013484022933566951
Belgium,netustm_log,-0.20270506162610458,-0.033721524014321255,-0.05494529401580481,-0.012497754012837703
Belgium,netustm_log,-0.1785057767093814,-0.032735255093592014,-0.053959025095075566,-0.011511485092108462
Belgium,netustm_log,-0.1543064917926582,-0.03174898617286277,-0.052972756174346325,-0.01052521617137922
Belgium,netustm_log,-0.13010720687593502,-0.030762717252133538,-0.05198648725361709,-0.009538947250649986
Belgium,netustm_log,-0.10590792195921184,-0.029776448331404297,-0.05100021833288785,-0.008552678329920745
Belgium,netustm_log,-0.08170863704248865,-0.02879017941067506,-0.050013949412158615,-0.007566409409191507
Belgium,netustm_log,-0.05750935212576547,-0.027803910489945818,-0.04902768049142937,-0.006580140488462265
Belgium,netustm_log,-0.03331006720904206,-0.02681764156921657,-0.04804141157070012,-0.005593871567733017
Belgium,netustm_log,-0.009110782292319097,-0.025831372648487342,-0.04705514264997089,-0.00460760264700379
Belgium,netustm_log,0.01508850262440431,-0.024845103727758094,-0.04606887372924165,-0.0036213337262745414
Belgium,netustm_log,0.03928778754112727,-0.023858834807028863,-0.045082604808512415,-0.0026350648055453105
Belgium,netustm_log,0.06348707245785068,-0.022872565886299615,-0.04409633588778317,-0.0016487958848160622
Belgium,netustm_log,0.08768635737457409,-0.021886296965570366,-0.04311006696705392,-0.0006625269640868139
Belgium,netustm_log,0.11188564229129705,-0.02090002804484114,-0.04212379804632469,0.0003237419566424135
Belgium,netustm_log,0.13608492720802046,-0.01991375912411189,-0.04113752912559544,0.0013100108773716618
Belgium,netustm_log,0.16028421212474342,-0.01892749020338266,-0.040151260204866215,0.0022962797981008927
Belgium,netustm_log,0.18448349704146683,-0.01794122128265341,-0.03916499128413696,0.003282548718830141
Belgium,netustm_log,0.2086827819581898,-0.01695495236192418,-0.03817872236340773,0.004268817639559372
Belgium,netustm_log,0.2328820668749132,-0.015968683441194932,-0.037192453442678484,0.00525508656028862
Belgium,netustm_log,0.2570813517916366,-0.014982414520465684,-0.036206184521949236,0.006241355481017868
Belgium,netustm_log,0.28128063670835957,-0.013996145599736455,-0.03521991560122001,0.007227624401747098
Belgium,netustm_log,0.305479921625083,-0.013009876679007206,-0.03423364668049076,0.008213893322476346
Belgium,netustm_log,0.32967920654180594,-0.012023607758277976,-0.033247377759761526,0.009200162243205577
Belgium,netustm_log,0.35387849145852934,-0.011037338837548727,-0.03226110883903228,0.010186431163934825
Belgium,netustm_log,0.3780777763752523,-0.010051069916819498,-0.03127483991830305,0.011172700084664054
Belgium,netustm_log,0.4022770612919757,-0.00906480099609025,-0.030288570997573802,0.012158969005393302
Belgium,netustm_log,0.4264763462086991,-0.008078532075361002,-0.029302302076844554,0.01314523792612255
Belgium,netustm_log,0.4506756311254221,-0.007092263154631771,-0.028316033156115323,0.014131506846851782
Belgium,netustm_log,0.4748749160421455,-0.006105994233902522,-0.027329764235386075,0.01511777576758103
Belgium,netustm_log,0.49907420095886845,-0.005119725313173295,-0.026343495314656847,0.016104044688310257
Belgium,netustm_log,0.5232734858755919,-0.004133456392444047,-0.0253572263939276,0.017090313609039506
Belgium,netustm_log,0.5474727707923148,-0.0031471874717148157,-0.024370957473198368,0.018076582529768737
Belgium,netustm_log,0.5716720557090382,-0.0021609185509855675,-0.02338468855246912,0.019062851450497985
Belgium,netustm_log,0.5958713406257616,-0.0011746496302563192,-0.02239841963173987,0.020049120371227233
Belgium,netustm_log,0.6200706255424846,-0.00018838070952708827,-0.02141215071101064,0.021035389291956464
Belgium,netustm_log,0.644269910459208,0.00079788821120216,-0.020425881790281392,0.022021658212685712
Belgium,netustm_log,0.668469195375931,0.0017841571319313874,-0.019439612869552165,0.02300792713341494
Belgium,netustm_log,0.6926684802926544,0.0027704260526606357,-0.018453343948822917,0.023994196054144188
Belgium,netustm_log,0.7168677652093773,0.0037566949733898666,-0.017467075028093686,0.02498046497487342
Belgium,netustm_log,0.7410670501261007,0.004742963894119115,-0.016480806107364437,0.025966733895602667
Belgium,netustm_log,0.7652663350428242,0.005729232814848363,-0.01549453718663519,0.026953002816331915
Belgium,netustm_log,0.7894656199595471,0.006715501735577591,-0.014508268265905962,0.027939271737061143
Belgium,netustm_log,0.8136649048762705,0.007701770656306839,-0.013521999345176713,0.02892554065779039
Belgium,netustm_log,0.8378641897929935,0.008688039577036073,-0.012535730424447479,0.029911809578519626
Belgium,netustm_log,0.8620634747097169,0.009674308497765322,-0.01154946150371823,0.030898078499248874
Belgium,netustm_log,0.8862627596264399,0.010660577418494549,-0.010563192582989003,0.0318843474199781
Belgium,netustm_log,0.9104620445431633,0.011646846339223797,-0.009576923662259755,0.03287061634070735
Belgium,netustm_log,0.9346613294598867,0.012633115259953046,-0.008590654741530507,0.0338568852614366
Belgium,netustm_log,0.9588606143766096,0.013619384180682273,-0.007604385820801279,0.034843154182165825
Belgium,netustm_log,0.983059899293333,0.014605653101411521,-0.006618116900072031,0.035829423102895074
Belgium,netustm_log,1.007259184210056,0.015591922022140756,-0.005631847979342797,0.03681569202362431
Belgium,netustm_log,1.0314584691267794,0.016578190942870004,-0.004645579058613548,0.037801960944353556
Belgium,netustm_log,1.0556577540435024,0.01756445986359923,-0.003659310137884321,0.038788229865082784
Belgium,netustm_log,1.0798570389602258,0.01855072878432848,-0.0026730412171550727,0.03977449878581203
Belgium,netustm_log,1.1040563238769492,0.019536997705057728,-0.0016867722964258244,0.04076076770654128
Belgium,netustm_log,1.1282556087936721,0.020523266625786955,-0.000700503375696597,0.04174703662727051
Belgium,netustm_log,1.1524548937103956,0.021509535546516204,0.0002857655450326513,0.042733305547999756
Belgium,netustm_log,1.1766541786271185,0.022495804467245438,0.0012720344657618857,0.04371957446872899
Belgium,netustm_log,1.200853463543842,0.023482073387974686,0.002258303386491134,0.04470584338945824
Belgium,netustm_log,1.2250527484605649,0.024468342308703914,0.0032445723072203614,0.045692112310187466
Belgium,netustm_log,1.2492520333772883,0.025454611229433162,0.00423084122794961,0.046678381230916714
Belgium,netustm_log,1.2734513182940117,0.02644088015016241,0.005217110148678858,0.04766465015164596
Belgium,netustm_log,1.2976506032107347,0.027427149070891638,0.006203379069408085,0.04865091907237519
Belgium,netustm_log,1.321849888127458,0.028413417991620886,0.007189647990137334,0.04963718799310444
Belgium,netustm_log,1.346049173044181,0.02939968691235012,0.008175916910866568,0.05062345691383367
Belgium,netustm_log,1.3702484579609044,0.03038595583307937,0.009162185831595816,0.05160972583456292
Belgium,netustm_log,1.3944477428776274,0.031372224753808596,0.010148454752325044,0.05259599475529215
Belgium,netustm_log,1.4186470277943508,0.032358493674537844,0.011134723673054292,0.0535822636760214
Belgium,netustm_log,1.4428463127110742,0.03334476259526709,0.01212099259378354,0.054568532596750645
Belgium,netustm_log,1.4670455976277972,0.03433103151599632,0.013107261514512768,0.05555480151747987
Belgium,netustm_log,1.4912448825445206,0.03531730043672557,0.014093530435242016,0.05654107043820912
Belgium,netustm_log,1.5154441674612436,0.0363035693574548,0.01507979935597125,0.057527339358938355
Belgium,netustm_log,1.539643452377967,0.037289838278184044,0.01606606827670049,0.058513608279667596
Belgium,netustm_log,1.56384273729469,0.03827610719891327,0.01705233719742972,0.059499877200396824
Belgium,netustm_log,1.588042022211413,0.03926237611964251,0.01803860611815896,0.060486146121126065
Belgium,nwspol_log,-2.918043184533,-0.17891227028638795,-0.20104358928514135,-0.15678095128763456
Belgium,nwspol_log,-2.890136518045641,-0.17738914342344328,-0.19952046242219668,-0.15525782442468988
Belgium,nwspol_log,-2.862229851558282,-0.17586601656049858,-0.19799733555925197,-0.15373469756174518
Belgium,nwspol_log,-2.834323185070923,-0.17434288969755388,-0.19647420869630727,-0.15221157069880048
Belgium,nwspol_log,-2.806416518583564,-0.1728197628346092,-0.1949510818333626,-0.1506884438358558
Belgium,nwspol_log,-2.7785098520962053,-0.1712966359716645,-0.1934279549704179,-0.1491653169729111
Belgium,nwspol_log,-2.7506031856088464,-0.16977350910871983,-0.19190482810747322,-0.14764219010996643
Belgium,nwspol_log,-2.722696519121487,-0.1682503822457751,-0.1903817012445285,-0.1461190632470217
Belgium,nwspol_log,-2.6947898526341283,-0.16672725538283042,-0.18885857438158382,-0.14459593638407703
Belgium,nwspol_log,-2.6668831861467694,-0.16520412851988572,-0.18733544751863912,-0.14307280952113233
Belgium,nwspol_log,-2.63897651965941,-0.16368100165694102,-0.18581232065569442,-0.14154968265818763
Belgium,nwspol_log,-2.6110698531720513,-0.16215787479399632,-0.18428919379274972,-0.14002655579524292
Belgium,nwspol_log,-2.5831631866846925,-0.16063474793105165,-0.18276606692980504,-0.13850342893229825
Belgium,nwspol_log,-2.5552565201973336,-0.15911162106810695,-0.18124294006686034,-0.13698030206935355
Belgium,nwspol_log,-2.527349853709975,-0.15758849420516227,-0.17971981320391567,-0.13545717520640888
Belgium,nwspol_log,-2.4994431872226155,-0.15606536734221754,-0.17819668634097094,-0.13393404834346415
Belgium,nwspol_log,-2.4715365207352566,-0.15454224047927287,-0.17667355947802627,-0.13241092148051947
Belgium,nwspol_log,-2.443629854247898,-0.15301911361632817,-0.17515043261508156,-0.13088779461757477
Belgium,nwspol_log,-2.4157231877605385,-0.15149598675338347,-0.17362730575213686,-0.12936466775463007
Belgium,nwspol_log,-2.3878165212731797,-0.14997285989043876,-0.17210417888919216,-0.12784154089168537
Belgium,nwspol_log,-2.359909854785821,-0.1484497330274941,-0.1705810520262475,-0.1263184140287407
Belgium,nwspol_log,-2.332003188298462,-0.1469266061645494,-0.16905792516330279,-0.12479528716579599
Belgium,nwspol_log,-2.304096521811103,-0.14540347930160472,-0.1675347983003581,-0.12327216030285132
Belgium,nwspol_log,-2.276189855323744,-0.14388035243866,-0.16601167143741338,-0.12174903343990659
Belgium,nwspol_log,-2.248283188836385,-0.1423572255757153,-0.1644885445744687,-0.12022590657696192
Belgium,nwspol_log,-2.220376522349026,-0.14083409871277064,-0.16296541771152404,-0.11870277971401724
Belgium,nwspol_log,-2.192469855861667,-0.1393109718498259,-0.1614422908485793,-0.11717965285107251
Belgium,nwspol_log,-2.164563189374308,-0.13778784498688124,-0.15991916398563463,-0.11565652598812784
Belgium,nwspol_log,-2.136656522886949,-0.13626471812393653,-0.15839603712268993,-0.11413339912518314
Belgium,nwspol_log,-2.1087498563995903,-0.13474159126099183,-0.15687291025974523,-0.11261027226223844
Belgium,nwspol_log,-2.0808431899122315,-0.13321846439804716,-0.15534978339680056,-0.11108714539929376
Belgium,nwspol_log,-2.052936523424872,-0.13169533753510243,-0.15382665653385583,-0.10956401853634903
Belgium,nwspol_log,-2.0250298569375134,-0.13017221067215776,-0.15230352967091115,-0.10804089167340436
Belgium,nwspol_log,-1.9971231904501545,-0.12864908380921308,-0.15078040280796648,-0.10651776481045969
Belgium,nwspol_log,-1.9692165239627955,-0.12712595694626838,-0.14925727594502178,-0.10499463794751498
Belgium,nwspol_log,-1.9413098574754364,-0.12560283008332368,-0.14773414908207708,-0.10347151108457028
Belgium,nwspol_log,-1.9134031909880775,-0.12407970322037899,-0.14621102221913237,-0.10194838422162561
Belgium,nwspol_log,-1.8854965245007187,-0.1225565763574343,-0.1446878953561877,-0.10042525735868091
Belgium,nwspol_log,-1.8575898580133596,-0.1210334494944896,-0.143164768493243,-0.0989021304957362
Belgium,nwspol_log,-1.8296831915260006,-0.1195103226315449,-0.1416416416302983,-0.0973790036327915
Belgium,nwspol_log,-1.8017765250386417,-0.11798719576860021,-0.1401185147673536,-0.09585587676984683
Belgium,nwspol_log,-1.7738698585512829,-0.11646406890565553,-0.13859538790440892,-0.09433274990690213
Belgium,nwspol_log,-1.7459631920639238,-0.11494094204271083,-0.13707226104146422,-0.09280962304395743
Belgium,nwspol_log,-1.7180565255765647,-0.11341781517976612,-0.13554913417851952,-0.09128649618101273
Belgium,nwspol_log,-1.690149859089206,-0.11189468831682144,-0.13402600731557482,-0.08976336931806805
Belgium,nwspol_log,-1.662243192601847,-0.11037156145387675,-0.13250288045263015,-0.08824024245512335
Belgium,nwspol_log,-1.634336526114488,-0.10884843459093205,-0.13097975358968544,-0.08671711559217865
Belgium,nwspol_log,-1.606429859627129,-0.10732530772798735,-0.12945662672674074,-0.08519398872923395
Belgium,nwspol_log,-1.57852319313977,-0.10580218086504266,-0.12793349986379604,-0.08367086186628928
Belgium,nwspol_log,-1.5506165266524112,-0.10427905400209797,-0.12641037300085137,-0.08214773500334457
Belgium,nwspol_log,-1.5227098601650522,-0.10275592713915327,-0.12488724613790667,-0.08062460814039987
Belgium,nwspol_log,-1.494803193677693,-0.10123280027620857,-0.12336411927496196,-0.07910148127745517
Belgium,nwspol_log,-1.4668965271903343,-0.09970967341326388,-0.12184099241201726,-0.0775783544145105
Belgium,nwspol_log,-1.4389898607029754,-0.09818654655031919,-0.12031786554907259,-0.0760552275515658
Belgium,nwspol_log,-1.4110831942156163,-0.0966634196873745,-0.11879473868612789,-0.07453210068862112
Belgium,nwspol_log,-1.3831765277282573,-0.0951402928244298,-0.11727161182318319,-0.07300897382567642
Belgium,nwspol_log,-1.3552698612408984,-0.09361716596148512,-0.11574848496023851,-0.07148584696273172
Belgium,nwspol_log,-1.3273631947535396,-0.09209403909854043,-0.11422535809729381,-0.06996272009978705
Belgium,nwspol_log,-1.2994565282661805,-0.09057091223559573,-0.11270223123434911,-0.06843959323684234
Belgium,nwspol_log,-1.2715498617788215,-0.08904778537265103,-0.11117910437140441,-0.06691646637389764
Belgium,nwspol_log,-1.2436431952914626,-0.08752465850970634,-0.10965597750845973,-0.06539333951095294
Belgium,nwspol_log,-1.2157365288041038,-0.08600153164676165,-0.10813285064551503,-0.06387021264800827
Belgium,nwspol_log,-1.1878298623167447,-0.08447840478381695,-0.10660972378257033,-0.06234708578506356
Belgium,nwspol_log,-1.1599231958293856,-0.08295527792087225,-0.10508659691962563,-0.06082395892211886
Belgium,nwspol_log,-1.1320165293420268,-0.08143215105792756,-0.10356347005668096,-0.05930083205917417
Belgium,nwspol_log,-1.104109862854668,-0.07990902419498287,-0.10204034319373625,-0.05777770519622948
Belgium,nwspol_log,-1.0762031963673089,-0.07838589733203817,-0.10051721633079155,-0.05625457833328478
Belgium,nwspol_log,-1.0482965298799498,-0.07686277046909347,-0.09899408946784685,-0.05473145147034008
Belgium,nwspol_log,-1.020389863392591,-0.07533964360614878,-0.09747096260490218,-0.05320832460739539
Belgium,nwspol_log,-0.9924831969052321,-0.0738165167432041,-0.09594783574195748,-0.051685197744450705
Belgium,nwspol_log,-0.9645765304178731,-0.0722933898802594,-0.0944247088790128,-0.05016207088150602
Belgium,nwspol_log,-0.936669863930514,-0.0707702630173147,-0.0929015820160681,-0.048638944018561316
Belgium,nwspol_log,-0.9087631974431551,-0.06924713615437,-0.0913784551531234,-0.047115817155616614
Belgium,nwspol_log,-0.8808565309557963,-0.06772400929142533,-0.08985532829017873,-0.04559269029267194
Belgium,nwspol_log,-0.8529498644684375,-0.06620088242848063,-0.08833220142723403,-0.04406956342972724
Belgium,nwspol_log,-0.8250431979810782,-0.06467775556553593,-0.08680907456428932,-0.04254643656678254
Belgium,nwspol_log,-0.7971365314937193,-0.06315462870259123,-0.08528594770134462,-0.041023309703837836
Belgium,nwspol_log,-0.7692298650063605,-0.061631501839646545,-0.08376282083839993,-0.039500182840893155
Belgium,nwspol_log,-0.7413231985190012,-0.06010837497670184,-0.08223969397545522,-0.03797705597794845
Belgium,nwspol_log,-0.7134165320316423,-0.05858524811375715,-0.08071656711251055,-0.03645392911500376
Belgium,nwspol_log,-0.6855098655442835,-0.05706212125081246,-0.07919344024956584,-0.03493080225205907
Belgium,nwspol_log,-0.6576031990569247,-0.055538994387867774,-0.07767031338662117,-0.033407675389114384
Belgium,nwspol_log,-0.6296965325695658,-0.054015867524923086,-0.07614718652367647,-0.0318845485261697
Belgium,nwspol_log,-0.6017898660822065,-0.05249274066197837,-0.07462405966073177,-0.03036142166322498
Belgium,nwspol_log,-0.5738831995948477,-0.05096961379903368,-0.07310093279778707,-0.028838294800280294
Belgium,nwspol_log,-0.5459765331074888,-0.049446486936088996,-0.07157780593484239,-0.027315167937335606
Belgium,nwspol_log,-0.5180698666201295,-0.04792336007314428,-0.07005467907189766,-0.02579204107439089
Belgium,nwspol_log,-0.4901632001327707,-0.04640023321019959,-0.06853155220895299,-0.024268914211446203
Belgium,nwspol_log,-0.46225653364541186,-0.044877106347254905,-0.06700842534600829,-0.022745787348501516
Belgium,nwspol_log,-0.434349867158053,-0.04335397948431022,-0.06548529848306361,-0.021222660485556828
Belgium,nwspol_log,-0.40644320067069417,-0.04183085262136553,-0.06396217162011891,-0.01969953362261214
Belgium,nwspol_log,-0.3785365341833349,-0.04030772575842082,-0.06243904475717421,-0.018176406759667432
Belgium,nwspol_log,-0.35062986769597604,-0.03878459889547613,-0.06091591789422952,-0.016653279896722738
Belgium,nwspol_log,-0.3227232012086172,-0.03726147203253144,-0.05939279103128483,-0.01513015303377805
Belgium,nwspol_log,-0.2948165347212579,-0.03573834516958673,-0.05786966416834012,-0.013607026170833342
Belgium,nwspol_log,-0.26690986823389906,-0.034215218306642044,-0.05634653730539543,-0.012083899307888654
Belgium,nwspol_log,-0.23900320174654022,-0.032692091443697356,-0.054823410442450746,-0.010560772444943967
Belgium,nwspol_log,-0.21109653525918137,-0.03116896458075267,-0.05330028357950606,-0.009037645581999279
Belgium,nwspol_log,-0.18318986877182253,-0.02964583771780798,-0.05177715671656137,-0.0075145187190545915
Belgium,nwspol_log,-0.15528320228446324,-0.02812271085486327,-0.050254029853616655,-0.00599139185610988
Belgium,nwspol_log,-0.1273765357971044,-0.02659958399191858,-0.04873090299067197,-0.004468264993165192
Belgium,nwspol_log,-0.09946986930974555,-0.025076457128973894,-0.04720777612772728,-0.0029451381302205044
Belgium,nwspol_log,-0.07156320282238626,-0.023553330266029182,-0.04568464926478257,-0.0014220112672757926
Belgium,nwspol_log,-0.04365653633502742,-0.022030203403084495,-0.044161522401837884,0.000101115595668895
Belgium,nwspol_log,-0.015749869847668574,-0.020507076540139807,-0.042638395538893197,0.0016242424586135826
Belgium,nwspol_log,0.01215679663969027,-0.01898394967719512,-0.04111526867594851,0.00314736932155827
Belgium,nwspol_log,0.040063463127049115,-0.017460822814250432,-0.03959214181300382,0.004670496184502958
Belgium,nwspol_log,0.0679701296144084,-0.01593769595130572,-0.03806901495005911,0.00619362304744767
Belgium,nwspol_log,0.09587679610176725,-0.014414569088361032,-0.036545888087114425,0.007716749910392357
Belgium,nwspol_log,0.12378346258912609,-0.012891442225416343,-0.03502276122416973,0.009239876773337046
Belgium,nwspol_log,0.15169012907648538,-0.011368315362471631,-0.03349963436122502,0.010763003636281758
Belgium,nwspol_log,0.17959679556384422,-0.009845188499526944,-0.031976507498280335,0.012286130499226446
Belgium,nwspol_log,0.20750346205120307,-0.008322061636582256,-0.030453380635335647,0.013809257362171133
Belgium,nwspol_log,0.2354101285385619,-0.0067989347736375685,-0.02893025377239096,0.015332384225115821
Belgium,nwspol_log,0.26331679502592076,-0.005275807910692881,-0.027407126909446272,0.016855511088060507
Belgium,nwspol_log,0.29122346151328005,-0.0037526810477481673,-0.025884000046501557,0.018378637951005222
Belgium,nwspol_log,0.3191301280006389,-0.0022295541848034797,-0.02436087318355687,0.01990176481394991
Belgium,nwspol_log,0.34703679448799774,-0.0007064273218587921,-0.02283774632061218,0.021424891676894597
Belgium,nwspol_log,0.374943460975357,0.0008166995410859197,-0.02131461945766747,0.02294801853983931
Belgium,nwspol_log,0.40285012746271587,0.0023398264040306073,-0.019791492594722782,0.024471145402783997
Belgium,nwspol_log,0.4307567939500747,0.003862953266975295,-0.018268365731778095,0.025994272265728684
Belgium,nwspol_log,0.45866346043743356,0.0053860801299199824,-0.016745238868833407,0.027517399128673372
Belgium,nwspol_log,0.4865701269247924,0.00690920699286467,-0.01522211200588872,0.02904052599161806
Belgium,nwspol_log,0.5144767934121517,0.008432333855809382,-0.013698985142944008,0.03056365285456277
Belgium,nwspol_log,0.5423834598995105,0.00995546071875407,-0.01217585827999932,0.03208677971750746
Belgium,nwspol_log,0.5702901263868694,0.011478587581698757,-0.010652731417054633,0.03360990658045215
Belgium,nwspol_log,0.5981967928742287,0.013001714444643472,-0.009129604554109917,0.03513303344339686
Belgium,nwspol_log,0.6261034593615875,0.01452484130758816,-0.00760647769116523,0.03665616030634155
Belgium,nwspol_log,0.6540101258489464,0.016047968170532848,-0.006083350828220542,0.03817928716928624
Belgium,nwspol_log,0.6819167923363052,0.017571095033477535,-0.0045602239652758544,0.039702414032230925
Belgium,nwspol_log,0.709823458823664,0.019094221896422223,-0.003037097102331167,0.04122554089517561
Belgium,nwspol_log,0.7377301253110233,0.02061734875936693,-0.0015139702393864585,0.04274866775812032
Belgium,nwspol_log,0.7656367917983822,0.02214047562231162,9.156623558229104e-06,0.04427179462106501
Belgium,nwspol_log,0.793543458285741,0.023663602485256306,0.0015322834865029167,0.045794921484009696
Belgium,nwspol_log,0.8214501247731003,0.02518672934820102,0.003055410349447632,0.04731804834695441
Belgium,nwspol_log,0.8493567912604592,0.02670985621114571,0.00457853721239232,0.0488411752098991
Belgium,nwspol_log,0.877263457747818,0.028232983074090397,0.006101664075337007,0.050364302072843786
Belgium,nwspol_log,0.9051701242351768,0.029756109937035084,0.007624790938281695,0.051887428935788474
Belgium,nwspol_log,0.9330767907225357,0.03127923679997977,0.009147917801226382,0.05341055579873316
Belgium,nwspol_log,0.960983457209895,0.03280236366292449,0.010671044664171098,0.05493368266167788
Belgium,nwspol_log,0.9888901236972538,0.034325490525869175,0.012194171527115785,0.056456809524622564
Belgium,nwspol_log,1.0167967901846127,0.03584861738881386,0.013717298390060473,0.05797993638756725
Belgium,nwspol_log,1.044703456671972,0.03737174425175857,0.015240425253005181,0.05950306325051196
Belgium,nwspol_log,1.0726101231593308,0.03889487111470326,0.01676355211594987,0.06102619011345665
Belgium,nwspol_log,1.1005167896466896,0.040417997977647946,0.018286678978894556,0.06254931697640134
Belgium,nwspol_log,1.128423456134049,0.04194112484059266,0.01980980584183927,0.06407244383934604
Belgium,nwspol_log,1.1563301226214073,0.04346425170353732,0.02133293270478393,0.06559557070229072
Belgium,nwspol_log,1.1842367891087666,0.044987378566482036,0.022856059567728647,0.06711869756523542
Belgium,nwspol_log,1.212143455596125,0.046510505429426696,0.024379186430673307,0.06864182442818009
Belgium,nwspol_log,1.240050122083484,0.0480336322923714,0.025902313293618008,0.0701649512911248
Finland,netustm_log,-2.017651430380346,0.12190860690303543,0.10229041956988097,0.14152679423618988
Finland,netustm_log,-1.9934521454636227,0.12311410665036747,0.10349591931721303,0.1427322939835219
Finland,netustm_log,-1.9692528605468995,0.12431960639769951,0.10470141906454505,0.14393779373085397
Finland,netustm_log,-1.9450535756301763,0.12552510614503154,0.10590691881187708,0.145143293478186
Finland,netustm_log,-1.920854290713453,0.12673060589236362,0.10711241855920917,0.14634879322551808
Finland,netustm_log,-1.8966550057967297,0.12793610563969565,0.1083179183065412,0.1475542929728501
Finland,netustm_log,-1.8724557208800066,0.12914160538702768,0.10952341805387322,0.14875979272018214
Finland,netustm_log,-1.8482564359632834,0.13034710513435976,0.1107289178012053,0.14996529246751422
Finland,netustm_log,-1.8240571510465602,0.1315526048816918,0.11193441754853733,0.15117079221484625
Finland,netustm_log,-1.799857866129837,0.13275810462902382,0.11313991729586936,0.15237629196217828
Finland,netustm_log,-1.7756585812131138,0.13396360437635588,0.11434541704320142,0.15358179170951033
Finland,netustm_log,-1.7514592962963906,0.13516910412368793,0.11555091679053348,0.1547872914568424
Finland,netustm_log,-1.7272600113796672,0.13637460387101996,0.1167564165378655,0.15599279120417442
Finland,netustm_log,-1.703060726462944,0.13758010361835202,0.11796191628519756,0.15719829095150648
Finland,netustm_log,-1.6788614415462209,0.13878560336568407,0.11916741603252962,0.15840379069883853
Finland,netustm_log,-1.6546621566294977,0.1399911031130161,0.12037291577986164,0.15960929044617056
Finland,netustm_log,-1.6304628717127745,0.14119660286034813,0.12157841552719367,0.1608147901935026
Finland,netustm_log,-1.606263586796051,0.14240210260768021,0.12278391527452576,0.16202028994083467
Finland,netustm_log,-1.5820643018793281,0.14360760235501224,0.12398941502185779,0.1632257896881667
Finland,netustm_log,-1.5578650169626047,0.14481310210234427,0.1251949147691898,0.16443128943549873
Finland,netustm_log,-1.5336657320458815,0.14601860184967633,0.12640041451652187,0.16563678918283078
Finland,netustm_log,-1.5094664471291583,0.14722410159700838,0.12760591426385393,0.16684228893016284
Finland,netustm_log,-1.4852671622124352,0.1484296013443404,0.12881141401118595,0.16804778867749487
Finland,netustm_log,-1.461067877295712,0.14963510109167247,0.130016913758518,0.16925328842482693
Finland,netustm_log,-1.4368685923789886,0.15084060083900452,0.13122241350585007,0.17045878817215898
Finland,netustm_log,-1.4126693074622656,0.15204610058633655,0.1324279132531821,0.171664287919491
Finland,netustm_log,-1.3884700225455422,0.1532516003336686,0.13363341300051415,0.17286978766682307
Finland,netustm_log,-1.364270737628819,0.15445710008100066,0.1348389127478462,0.17407528741415512
Finland,netustm_log,-1.3400714527120958,0.1556625998283327,0.13604441249517824,0.17528078716148715
Finland,netustm_log,-1.3158721677953726,0.15686809957566472,0.13724991224251026,0.17648628690881918
Finland,netustm_log,-1.2916728828786495,0.15807359932299678,0.13845541198984232,0.17769178665615123
Finland,netustm_log,-1.267473597961926,0.15927909907032883,0.13966091173717438,0.1788972864034833
Finland,netustm_log,-1.243274313045203,0.16048459881766086,0.1408664114845064,0.18010278615081532
Finland,netustm_log,-1.2190750281284797,0.16169009856499292,0.14207191123183846,0.18130828589814738
Finland,netustm_log,-1.1948757432117565,0.16289559831232497,0.14327741097917052,0.18251378564547943
Finland,netustm_log,-1.1706764582950333,0.164101098059657,0.14448291072650254,0.18371928539281146
Finland,netustm_log,-1.1464771733783101,0.16530659780698903,0.14568841047383457,0.1849247851401435
Finland,netustm_log,-1.122277888461587,0.1665120975543211,0.14689391022116663,0.18613028488747554
Finland,netustm_log,-1.0980786035448635,0.16771759730165314,0.14809940996849869,0.1873357846348076
Finland,netustm_log,-1.0738793186281406,0.16892309704898517,0.1493049097158307,0.18854128438213963
Finland,netustm_log,-1.0496800337114172,0.17012859679631723,0.15051040946316277,0.18974678412947169
Finland,netustm_log,-1.025480748794694,0.17133409654364928,0.15171590921049483,0.19095228387680374
Finland,netustm_log,-1.0012814638779708,0.1725395962909813,0.15292140895782685,0.19215778362413577
Finland,netustm_log,-0.9770821789612476,0.17374509603831337,0.1541269087051589,0.19336328337146783
Finland,netustm_log,-0.9528828940445244,0.1749505957856454,0.15533240845249094,0.19456878311879985
Finland,netustm_log,-0.9286836091278012,0.17615609553297745,0.156537908199823,0.1957742828661319
Finland,netustm_log,-0.904484324211078,0.17736159528030948,0.15774340794715502,0.19697978261346394
Finland,netustm_log,-0.8802850392943546,0.17856709502764156,0.1589489076944871,0.19818528236079602
Finland,netustm_log,-0.8560857543776315,0.1797725947749736,0.16015440744181914,0.19939078210812805
Finland,netustm_log,-0.8318864694609083,0.18097809452230562,0.16135990718915116,0.20059628185546008
Finland,netustm_log,-0.8076871845441851,0.18218359426963768,0.16256540693648322,0.20180178160279214
Finland,netustm_log,-0.7834878996274619,0.18338909401696973,0.16377090668381528,0.2030072813501242
Finland,netustm_log,-0.7592886147107387,0.18459459376430176,0.1649764064311473,0.20421278109745622
Finland,netustm_log,-0.7350893297940155,0.18580009351163382,0.16618190617847936,0.20541828084478828
Finland,netustm_log,-0.7108900448772921,0.18700559325896587,0.16738740592581142,0.20662378059212033
Finland,netustm_log,-0.6866907599605689,0.1882110930062979,0.16859290567314345,0.20782928033945236
Finland,netustm_log,-0.6624914750438458,0.18941659275362996,0.1697984054204755,0.20903478008678442
Finland,netustm_log,-0.6382921901271226,0.190622092500962,0.17100390516780753,0.21024027983411644
Finland,netustm_log,-0.6140929052103994,0.19182759224829404,0.17220940491513959,0.2114457795814485
Finland,netustm_log,-0.5898936202936762,0.19303309199562607,0.17341490466247161,0.21265127932878053
Finland,netustm_log,-0.565694335376953,0.19423859174295813,0.17462040440980367,0.21385677907611259
Finland,netustm_log,-0.5414950504602296,0.19544409149029018,0.17582590415713573,0.21506227882344464
Finland,netustm_log,-0.5172957655435064,0.1966495912376222,0.17703140390446775,0.21626777857077667
Finland,netustm_log,-0.49309648062678324,0.19785509098495427,0.1782369036517998,0.21747327831810873
Finland,netustm_log,-0.46889719571006006,0.19906059073228632,0.17944240339913187,0.21867877806544078
Finland,netustm_log,-0.44469791079333687,0.20026609047961835,0.1806479031464639,0.2198842778127728
Finland,netustm_log,-0.4204986258766137,0.20147159022695038,0.18185340289379592,0.22108977756010484
Finland,netustm_log,-0.3962993409598905,0.20267708997428244,0.18305890264112798,0.2222952773074369
Finland,netustm_log,-0.3721000560431671,0.2038825897216145,0.18426440238846004,0.22350077705476895
Finland,netustm_log,-0.3479007711264439,0.20508808946894652,0.18546990213579206,0.22470627680210098
Finland,netustm_log,-0.3237014862097207,0.20629358921627858,0.18667540188312412,0.22591177654943304
Finland,netustm_log,-0.29950220129299754,0.20749908896361063,0.18788090163045618,0.2271172762967651
Finland,netustm_log,-0.27530291637627435,0.20870458871094266,0.1890864013777882,0.22832277604409712
Finland,netustm_log,-0.25110363145955117,0.20991008845827472,0.19029190112512026,0.22952827579142918
Finland,netustm_log,-0.22690434654282798,0.21111558820560675,0.1914974008724523,0.2307337755387612
Finland,netustm_log,-0.20270506162610458,0.2123210879529388,0.19270290061978435,0.23193927528609326
Finland,netustm_log,-0.1785057767093814,0.21352658770027086,0.1939084003671164,0.23314477503342532
Finland,netustm_log,-0.1543064917926582,0.2147320874476029,0.19511390011444843,0.23435027478075734
Finland,netustm_log,-0.13010720687593502,0.21593758719493494,0.19631939986178049,0.2355557745280894
Finland,netustm_log,-0.10590792195921184,0.21714308694226697,0.19752489960911251,0.23676127427542143
Finland,netustm_log,-0.08170863704248865,0.21834858668959903,0.19873039935644457,0.23796677402275349
Finland,netustm_log,-0.05750935212576547,0.21955408643693106,0.1999358991037766,0.23917227377008551
Finland,netustm_log,-0.03331006720904206,0.2207595861842631,0.20114139885110865,0.24037777351741757
Finland,netustm_log,-0.009110782292319097,0.22196508593159517,0.2023468985984407,0.24158327326474963
Finland,netustm_log,0.01508850262440431,0.22317058567892722,0.20355239834577277,0.24278877301208168
Finland,netustm_log,0.03928778754112727,0.22437608542625925,0.2047578980931048,0.2439942727594137
Finland,netustm_log,0.06348707245785068,0.2255815851735913,0.20596339784043685,0.24519977250674577
Finland,netustm_log,0.08768635737457409,0.22678708492092337,0.2071688975877689,0.24640527225407782
Finland,netustm_log,0.11188564229129705,0.2279925846682554,0.20837439733510094,0.24761077200140985
Finland,netustm_log,0.13608492720802046,0.22919808441558745,0.209579897082433,0.2488162717487419
Finland,netustm_log,0.16028421212474342,0.23040358416291948,0.21078539682976502,0.2500217714960739
Finland,netustm_log,0.18448349704146683,0.23160908391025153,0.21199089657709708,0.251227271243406
Finland,netustm_log,0.2086827819581898,0.23281458365758356,0.2131963963244291,0.252432770990738
Finland,netustm_log,0.2328820668749132,0.23402008340491562,0.21440189607176116,0.25363827073807005
Finland,netustm_log,0.2570813517916366,0.23522558315224767,0.21560739581909322,0.25484377048540213
Finland,netustm_log,0.28128063670835957,0.2364310828995797,0.21681289556642525,0.25604927023273416
Finland,netustm_log,0.305479921625083,0.23763658264691176,0.2180183953137573,0.2572547699800662
Finland,netustm_log,0.32967920654180594,0.2388420823942438,0.21922389506108933,0.2584602697273982
Finland,netustm_log,0.35387849145852934,0.24004758214157584,0.22042939480842139,0.2596657694747303
Finland,netustm_log,0.3780777763752523,0.24125308188890787,0.22163489455575341,0.26087126922206233
Finland,netustm_log,0.4022770612919757,0.24245858163623993,0.22284039430308547,0.26207676896939436
Finland,netustm_log,0.4264763462086991,0.24366408138357198,0.22404589405041753,0.26328226871672644
Finland,netustm_log,0.4506756311254221,0.244869581130904,0.22525139379774956,0.26448776846405847
Finland,netustm_log,0.4748749160421455,0.24607508087823607,0.2264568935450816,0.2656932682113905
Finland,netustm_log,0.49907420095886845,0.2472805806255681,0.22766239329241364,0.2668987679587225
Finland,netustm_log,0.5232734858755919,0.24848608037290015,0.2288678930397457,0.2681042677060546
Finland,netustm_log,0.5474727707923148,0.24969158012023218,0.23007339278707772,0.26930976745338664
Finland,netustm_log,0.5716720557090382,0.25089707986756427,0.2312788925344098,0.2705152672007187
Finland,netustm_log,0.5958713406257616,0.2521025796148963,0.23248439228174184,0.27172076694805075
Finland,netustm_log,0.6200706255424846,0.2533080793622283,0.23368989202907386,0.2729262666953828
Finland,netustm_log,0.644269910459208,0.2545135791095604,0.23489539177640595,0.27413176644271486
Finland,netustm_log,0.668469195375931,0.25571907885689243,0.23610089152373798,0.2753372661900469
Finland,netustm_log,0.6926684802926544,0.25692457860422446,0.23730639127107,0.2765427659373789
Finland,netustm_log,0.7168677652093773,0.2581300783515565,0.23851189101840203,0.27774826568471095
Finland,netustm_log,0.7410670501261007,0.2593355780988886,0.23971739076573412,0.27895376543204303
Finland,netustm_log,0.7652663350428242,0.2605410778462206,0.24092289051306615,0.28015926517937506
Finland,netustm_log,0.7894656199595471,0.26174657759355263,0.24212839026039817,0.2813647649267071
Finland,netustm_log,0.8136649048762705,0.2629520773408847,0.24333389000773026,0.2825702646740392
Finland,netustm_log,0.8378641897929935,0.26415757708821674,0.2445393897550623,0.2837757644213712
Finland,netustm_log,0.8620634747097169,0.2653630768355488,0.24574488950239431,0.28498126416870323
Finland,netustm_log,0.8862627596264399,0.2665685765828808,0.24695038924972634,0.28618676391603526
Finland,netustm_log,0.9104620445431633,0.2677740763302129,0.24815588899705843,0.28739226366336734
Finland,netustm_log,0.9346613294598867,0.2689795760775449,0.24936138874439046,0.28859776341069937
Finland,netustm_log,0.9588606143766096,0.27018507582487694,0.2505668884917225,0.2898032631580314
Finland,netustm_log,0.983059899293333,0.271390575572209,0.25177238823905457,0.2910087629053635
Finland,netustm_log,1.007259184210056,0.27259607531954105,0.2529778879863866,0.2922142626526955
Finland,netustm_log,1.0314584691267794,0.2738015750668731,0.2541833877337186,0.29341976240002754
Finland,netustm_log,1.0556577540435024,0.2750070748142051,0.25538888748105065,0.29462526214735957
Finland,netustm_log,1.0798570389602258,0.2762125745615372,0.25659438722838274,0.29583076189469165
Finland,netustm_log,1.1040563238769492,0.2774180743088692,0.25779988697571476,0.2970362616420237
Finland,netustm_log,1.1282556087936721,0.2786235740562013,0.25900538672304685,0.29824176138935576
Finland,netustm_log,1.1524548937103956,0.27982907380353333,0.2602108864703789,0.2994472611366878
Finland,netustm_log,1.1766541786271185,0.28103457355086536,0.2614163862177109,0.3006527608840198
Finland,netustm_log,1.200853463543842,0.28224007329819745,0.262621885965043,0.3018582606313519
Finland,netustm_log,1.2250527484605649,0.2834455730455294,0.26382738571237496,0.3030637603786839
Finland,netustm_log,1.2492520333772883,0.2846510727928615,0.26503288545970705,0.30426926012601596
Finland,netustm_log,1.2734513182940117,0.2858565725401936,0.26623838520703913,0.30547475987334805
Finland,netustm_log,1.2976506032107347,0.28706207228752556,0.2674438849543711,0.30668025962068
Finland,netustm_log,1.321849888127458,0.28826757203485764,0.2686493847017032,0.3078857593680121
Finland,netustm_log,1.346049173044181,0.2894730717821897,0.2698548844490352,0.30909125911534413
Finland,netustm_log,1.3702484579609044,0.2906785715295217,0.27106038419636724,0.31029675886267616
Finland,netustm_log,1.3944477428776274,0.2918840712768538,0.2722658839436993,0.31150225861000824
Finland,netustm_log,1.4186470277943508,0.2930895710241858,0.27347138369103136,0.31270775835734027
Finland,netustm_log,1.4428463127110742,0.29429507077151784,0.2746768834383634,0.3139132581046723
Finland,netustm_log,1.4670455976277972,0.2955005705188499,0.27588238318569547,0.3151187578520044
Finland,netustm_log,1.4912448825445206,0.29670607026618195,0.2770878829330275,0.3163242575993364
Finland,netustm_log,1.5154441674612436,0.297911570013514,0.2782933826803595,0.31752975734666844
Finland,netustm_log,1.539643452377967,0.29911706976084607,0.2794988824276916,0.3187352570940005
Finland,netustm_log,1.56384273729469,0.3003225695081781,0.28070438217502364,0.31994075684133255
Finland,netustm_log,1.588042022211413,0.3015280692555101,0.28190988192235567,0.3211462565886646
Finland,nwspol_log,-2.918043184533,-0.017772363260426832,-0.039868370011162335,0.004323643490308671
Finland,nwspol_log,-2.890136518045641,-0.015465208798886382,-0.037561215549621885,0.006630797951849121
Finland,nwspol_log,-2.862229851558282,-0.013158054337345904,-0.035254061088081406,0.0089379524133896
Finland,nwspol_log,-2.834323185070923,-0.010850899875805453,-0.032946906626540956,0.01124510687493005
Finland,nwspol_log,-2.806416518583564,-0.008543745414264975,-0.030639752165000478,0.013552261336470528
Finland,nwspol_log,-2.7785098520962053,-0.0062365909527245245,-0.028332597703460027,0.01585941579801098
Finland,nwspol_log,-2.7506031856088464,-0.003929436491184074,-0.026025443241919577,0.01816657025955143
Finland,nwspol_log,-2.722696519121487,-0.001622282029643568,-0.02371828878037907,0.020473724721091935
Finland,nwspol_log,-2.6947898526341283,0.0006848724318968824,-0.02141113431883862,0.022780879182632385
Finland,nwspol_log,-2.6668831861467694,0.002992026893437333,-0.01910397985729817,0.025088033644172836
Finland,nwspol_log,-2.63897651965941,0.005299181354977811,-0.016796825395757692,0.027395188105713314
Finland,nwspol_log,-2.6110698531720513,0.007606335816518289,-0.014489670934217214,0.029702342567253792
Finland,nwspol_log,-2.5831631866846925,0.00991349027805874,-0.012182516472676763,0.03200949702879424
Finland,nwspol_log,-2.5552565201973336,0.01222064473959919,-0.009875362011136313,0.03431665149033469
Finland,nwspol_log,-2.527349853709975,0.01452779920113964,-0.007568207549595862,0.036623805951875144
Finland,nwspol_log,-2.4994431872226155,0.016834953662680147,-0.005261053088055356,0.03893096041341565
Finland,nwspol_log,-2.4715365207352566,0.019142108124220597,-0.002953898626514906,0.0412381148749561
Finland,nwspol_log,-2.443629854247898,0.021449262585761047,-0.0006467441649744554,0.04354526933649655
Finland,nwspol_log,-2.4157231877605385,0.023756417047301526,0.0016604102965660228,0.04585242379803703
Finland,nwspol_log,-2.3878165212731797,0.026063571508842004,0.003967564758106501,0.04815957825957751
Finland,nwspol_log,-2.359909854785821,0.028370725970382454,0.0062747192196469515,0.05046673272111796
Finland,nwspol_log,-2.332003188298462,0.030677880431922905,0.008581873681187402,0.05277388718265841
Finland,nwspol_log,-2.304096521811103,0.032985034893463355,0.010889028142727852,0.05508104164419886
Finland,nwspol_log,-2.276189855323744,0.03529218935500386,0.013196182604268358,0.057388196105739364
Finland,nwspol_log,-2.248283188836385,0.03759934381654431,0.015503337065808809,0.059695350567279815
Finland,nwspol_log,-2.220376522349026,0.03990649827808476,0.01781049152734926,0.062002505028820265
Finland,nwspol_log,-2.192469855861667,0.04221365273962527,0.020117645988889765,0.06430965949036077
Finland,nwspol_log,-2.164563189374308,0.04452080720116572,0.022424800450430216,0.06661681395190122
Finland,nwspol_log,-2.136656522886949,0.04682796166270617,0.024731954911970666,0.06892396841344167
Finland,nwspol_log,-2.1087498563995903,0.04913511612424662,0.027039109373511117,0.07123112287498212
Finland,nwspol_log,-2.0808431899122315,0.05144227058578707,0.029346263835051567,0.07353827733652257
Finland,nwspol_log,-2.052936523424872,0.053749425047327576,0.03165341829659207,0.07584543179806308
Finland,nwspol_log,-2.0250298569375134,0.056056579508868026,0.03396057275813252,0.07815258625960353
Finland,nwspol_log,-1.9971231904501545,0.05836373397040848,0.036267727219672974,0.08045974072114398
Finland,nwspol_log,-1.9692165239627955,0.060670888431948955,0.03857488168121345,0.08276689518268446
Finland,nwspol_log,-1.9413098574754364,0.06297804289348943,0.04088203614275393,0.08507404964422494
Finland,nwspol_log,-1.9134031909880775,0.06528519735502988,0.04318919060429438,0.08738120410576539
Finland,nwspol_log,-1.8854965245007187,0.06759235181657033,0.04549634506583483,0.08968835856730584
Finland,nwspol_log,-1.8575898580133596,0.06989950627811081,0.04780349952737531,0.09199551302884632
Finland,nwspol_log,-1.8296831915260006,0.07220666073965129,0.05011065398891579,0.0943026674903868
Finland,nwspol_log,-1.8017765250386417,0.07451381520119174,0.05241780845045624,0.09660982195192724
Finland,nwspol_log,-1.7738698585512829,0.07682096966273219,0.05472496291199669,0.0989169764134677
Finland,nwspol_log,-1.7459631920639238,0.07912812412427267,0.05703211737353717,0.10122413087500817
Finland,nwspol_log,-1.7180565255765647,0.08143527858581315,0.059339271835077645,0.10353128533654865
Finland,nwspol_log,-1.690149859089206,0.0837424330473536,0.061646426296618095,0.1058384397980891
Finland,nwspol_log,-1.662243192601847,0.08604958750889405,0.06395358075815855,0.10814559425962955
Finland,nwspol_log,-1.634336526114488,0.08835674197043453,0.06626073521969902,0.11045274872117003
Finland,nwspol_log,-1.606429859627129,0.090663896431975,0.0685678896812395,0.11275990318271051
Finland,nwspol_log,-1.57852319313977,0.09297105089351546,0.07087504414277995,0.11506705764425096
Finland,nwspol_log,-1.5506165266524112,0.0952782053550559,0.0731821986043204,0.11737421210579141
Finland,nwspol_log,-1.5227098601650522,0.09758535981659638,0.07548935306586088,0.11968136656733189
Finland,nwspol_log,-1.494803193677693,0.09989251427813686,0.07779650752740136,0.12198852102887237
Finland,nwspol_log,-1.4668965271903343,0.10219966873967731,0.08010366198894181,0.12429567549041282
Finland,nwspol_log,-1.4389898607029754,0.10450682320121778,0.08241081645048227,0.12660282995195327
Finland,nwspol_log,-1.4110831942156163,0.10681397766275824,0.08471797091202274,0.12890998441349374
Finland,nwspol_log,-1.3831765277282573,0.10912113212429872,0.08702512537356322,0.13121713887503422
Finland,nwspol_log,-1.3552698612408984,0.11142828658583917,0.08933227983510367,0.13352429333657467
Finland,nwspol_log,-1.3273631947535396,0.11373544104737963,0.09163943429664413,0.13583144779811512
Finland,nwspol_log,-1.2994565282661805,0.1160425955089201,0.0939465887581846,0.1381386022596556
Finland,nwspol_log,-1.2715498617788215,0.11834974997046058,0.09625374321972507,0.14044575672119608
Finland,nwspol_log,-1.2436431952914626,0.12065690443200103,0.09856089768126552,0.14275291118273653
Finland,nwspol_log,-1.2157365288041038,0.12296405889354149,0.10086805214280599,0.14506006564427698
Finland,nwspol_log,-1.1878298623167447,0.12527121335508196,0.10317520660434645,0.14736722010581746
Finland,nwspol_log,-1.1599231958293856,0.12757836781662243,0.10548236106588693,0.14967437456735794
Finland,nwspol_log,-1.1320165293420268,0.12988552227816288,0.10778951552742738,0.1519815290288984
Finland,nwspol_log,-1.104109862854668,0.13219267673970336,0.11009666998896786,0.15428868349043887
Finland,nwspol_log,-1.0762031963673089,0.1344998312012438,0.11240382445050831,0.15659583795197932
Finland,nwspol_log,-1.0482965298799498,0.1368069856627843,0.11471097891204879,0.1589029924135198
Finland,nwspol_log,-1.020389863392591,0.13911414012432477,0.11701813337358927,0.16121014687506027
Finland,nwspol_log,-0.9924831969052321,0.14142129458586522,0.11932528783512972,0.16351730133660072
Finland,nwspol_log,-0.9645765304178731,0.14372844904740567,0.12163244229667017,0.16582445579814117
Finland,nwspol_log,-0.936669863930514,0.14603560350894615,0.12393959675821065,0.16813161025968165
Finland,nwspol_log,-0.9087631974431551,0.14834275797048663,0.12624675121975112,0.17043876472122213
Finland,nwspol_log,-0.8808565309557963,0.15064991243202708,0.12855390568129157,0.17274591918276258
Finland,nwspol_log,-0.8529498644684375,0.15295706689356753,0.13086106014283203,0.17505307364430303
Finland,nwspol_log,-0.8250431979810782,0.155264221355108,0.1331682146043725,0.1773602281058435
Finland,nwspol_log,-0.7971365314937193,0.15757137581664848,0.13547536906591298,0.179667382567384
Finland,nwspol_log,-0.7692298650063605,0.15987853027818894,0.13778252352745343,0.18197453702892444
Finland,nwspol_log,-0.7413231985190012,0.1621856847397294,0.1400896779889939,0.18428169149046492
Finland,nwspol_log,-0.7134165320316423,0.16449283920126986,0.14239683245053436,0.18658884595200537
Finland,nwspol_log,-0.6855098655442835,0.16679999366281034,0.14470398691207484,0.18889600041354584
Finland,nwspol_log,-0.6576031990569247,0.1691071481243508,0.1470111413736153,0.1912031548750863
Finland,nwspol_log,-0.6296965325695658,0.17141430258589124,0.14931829583515574,0.19351030933662675
Finland,nwspol_log,-0.6017898660822065,0.17372145704743172,0.15162545029669622,0.19581746379816722
Finland,nwspol_log,-0.5738831995948477,0.1760286115089722,0.1539326047582367,0.1981246182597077
Finland,nwspol_log,-0.5459765331074888,0.17833576597051265,0.15623975921977715,0.20043177272124815
Finland,nwspol_log,-0.5180698666201295,0.18064292043205313,0.15854691368131762,0.20273892718278863
Finland,nwspol_log,-0.4901632001327707,0.18295007489359358,0.16085406814285808,0.20504608164432908
Finland,nwspol_log,-0.46225653364541186,0.18525722935513406,0.16316122260439855,0.20735323610586956
Finland,nwspol_log,-0.434349867158053,0.1875643838166745,0.165468377065939,0.20966039056741
Finland,nwspol_log,-0.40644320067069417,0.18987153827821496,0.16777553152747945,0.21196754502895046
Finland,nwspol_log,-0.3785365341833349,0.19217869273975544,0.17008268598901993,0.21427469949049094
Finland,nwspol_log,-0.35062986769597604,0.1944858472012959,0.1723898404505604,0.21658185395203142
Finland,nwspol_log,-0.3227232012086172,0.19679300166283636,0.17469699491210086,0.21888900841357187
Finland,nwspol_log,-0.2948165347212579,0.19910015612437684,0.17700414937364134,0.22119616287511235
Finland,nwspol_log,-0.26690986823389906,0.2014073105859173,0.1793113038351818,0.2235033173366528
Finland,nwspol_log,-0.23900320174654022,0.20371446504745777,0.18161845829672227,0.22581047179819327
Finland,nwspol_log,-0.21109653525918137,0.20602161950899822,0.18392561275826272,0.22811762625973372
Finland,nwspol_log,-0.18318986877182253,0.20832877397053867,0.18623276721980317,0.23042478072127417
Finland,nwspol_log,-0.15528320228446324,0.21063592843207915,0.18853992168134365,0.23273193518281465
Finland,nwspol_log,-0.1273765357971044,0.21294308289361963,0.19084707614288413,0.23503908964435513
Finland,nwspol_log,-0.09946986930974555,0.21525023735516008,0.19315423060442458,0.23734624410589558
Finland,nwspol_log,-0.07156320282238626,0.21755739181670056,0.19546138506596505,0.23965339856743606
Finland,nwspol_log,-0.04365653633502742,0.219864546278241,0.1977685395275055,0.2419605530289765
Finland,nwspol_log,-0.015749869847668574,0.22217170073978149,0.20007569398904598,0.244267707490517
Finland,nwspol_log,0.01215679663969027,0.22447885520132194,0.20238284845058643,0.24657486195205744
Finland,nwspol_log,0.040063463127049115,0.2267860096628624,0.20469000291212688,0.2488820164135979
Finland,nwspol_log,0.0679701296144084,0.2290931641244029,0.2069971573736674,0.25118917087513837
Finland,nwspol_log,0.09587679610176725,0.23140031858594334,0.20930431183520784,0.2534963253366789
Finland,nwspol_log,0.12378346258912609,0.2337074730474838,0.2116114662967483,0.25580347979821927
Finland,nwspol_log,0.15169012907648538,0.23601462750902427,0.21391862075828877,0.2581106342597598
Finland,nwspol_log,0.17959679556384422,0.23832178197056475,0.21622577521982925,0.2604177887213003
Finland,nwspol_log,0.20750346205120307,0.2406289364321052,0.2185329296813697,0.2627249431828407
Finland,nwspol_log,0.2354101285385619,0.24293609089364565,0.22084008414291015,0.2650320976443812
Finland,nwspol_log,0.26331679502592076,0.2452432453551861,0.2231472386044506,0.2673392521059216
Finland,nwspol_log,0.29122346151328005,0.2475503998167266,0.2254543930659911,0.2696464065674621
Finland,nwspol_log,0.3191301280006389,0.24985755427826706,0.22776154752753155,0.2719535610290026
Finland,nwspol_log,0.34703679448799774,0.2521647087398075,0.230068701989072,0.274260715490543
Finland,nwspol_log,0.374943460975357,0.254471863201348,0.2323758564506125,0.2765678699520835
Finland,nwspol_log,0.40285012746271587,0.25677901766288846,0.23468301091215296,0.278875024413624
Finland,nwspol_log,0.4307567939500747,0.2590861721244289,0.2369901653736934,0.2811821788751644
Finland,nwspol_log,0.45866346043743356,0.26139332658596937,0.23929731983523386,0.2834893333367049
Finland,nwspol_log,0.4865701269247924,0.2637004810475098,0.2416044742967743,0.2857964877982453
Finland,nwspol_log,0.5144767934121517,0.2660076355090503,0.24391162875831482,0.2881036422597858
Finland,nwspol_log,0.5423834598995105,0.2683147899705908,0.24621878321985527,0.2904107967213263
Finland,nwspol_log,0.5702901263868694,0.2706219444321312,0.24852593768139572,0.2927179511828667
Finland,nwspol_log,0.5981967928742287,0.27292909889367173,0.25083309214293625,0.2950251056444072
Finland,nwspol_log,0.6261034593615875,0.2752362533552122,0.25314024660447665,0.2973322601059477
Finland,nwspol_log,0.6540101258489464,0.27754340781675263,0.25544740106601715,0.2996394145674881
Finland,nwspol_log,0.6819167923363052,0.2798505622782931,0.25775455552755755,0.3019465690290286
Finland,nwspol_log,0.709823458823664,0.28215771673983353,0.26006170998909806,0.304253723490569
Finland,nwspol_log,0.7377301253110233,0.28446487120137404,0.26236886445063856,0.3065608779521095
Finland,nwspol_log,0.7656367917983822,0.2867720256629145,0.26467601891217896,0.30886803241365
Finland,nwspol_log,0.793543458285741,0.28907918012445494,0.26698317337371946,0.3111751868751904
Finland,nwspol_log,0.8214501247731003,0.29138633458599544,0.26929032783525997,0.3134823413367309
Finland,nwspol_log,0.8493567912604592,0.2936934890475359,0.27159748229680036,0.3157894957982714
Finland,nwspol_log,0.877263457747818,0.29600064350907634,0.27390463675834087,0.3180966502598118
Finland,nwspol_log,0.9051701242351768,0.2983077979706168,0.27621179121988126,0.3204038047213523
Finland,nwspol_log,0.9330767907225357,0.30061495243215725,0.27851894568142177,0.3227109591828927
Finland,nwspol_log,0.960983457209895,0.30292210689369775,0.2808261001429623,0.3250181136444332
Finland,nwspol_log,0.9888901236972538,0.3052292613552382,0.28313325460450267,0.32732526810597373
Finland,nwspol_log,1.0167967901846127,0.30753641581677865,0.2854404090660432,0.3296324225675141
Finland,nwspol_log,1.044703456671972,0.30984357027831916,0.2877475635275837,0.33193957702905463
Finland,nwspol_log,1.0726101231593308,0.3121507247398596,0.2900547179891241,0.33424673149059514
Finland,nwspol_log,1.1005167896466896,0.31445787920140006,0.2923618724506646,0.33655388595213553
Finland,nwspol_log,1.128423456134049,0.31676503366294056,0.2946690269122051,0.33886104041367604
Finland,nwspol_log,1.1563301226214073,0.31907218812448096,0.2969761813737455,0.34116819487521644
Finland,nwspol_log,1.1842367891087666,0.32137934258602147,0.299283335835286,0.34347534933675694
Finland,nwspol_log,1.212143455596125,0.32368649704756186,0.3015904902968264,0.34578250379829734
Finland,nwspol_log,1.240050122083484,0.32599365150910237,0.3038976447583669,0.34808965825983784
France,netustm_log,-2.017651430380346,-0.215056675851869,-0.2360464140546159,-0.19406693764912208
France,netustm_log,-1.9934521454636227,-0.21384737516951471,-0.23483711337226162,-0.1928576369667678
France,netustm_log,-1.9692528605468995,-0.21263807448716043,-0.23362781268990734,-0.19164833628441352
France,netustm_log,-1.9450535756301763,-0.21142877380480612,-0.23241851200755304,-0.19043903560205921
France,netustm_log,-1.920854290713453,-0.21021947312245182,-0.23120921132519873,-0.1892297349197049
France,netustm_log,-1.8966550057967297,-0.20901017244009754,-0.22999991064284445,-0.18802043423735063
France,netustm_log,-1.8724557208800066,-0.20780087175774326,-0.22879060996049017,-0.18681113355499634
France,netustm_log,-1.8482564359632834,-0.20659157107538895,-0.22758130927813586,-0.18560183287264204
France,netustm_log,-1.8240571510465602,-0.20538227039303467,-0.22637200859578158,-0.18439253219028776
France,netustm_log,-1.799857866129837,-0.20417296971068039,-0.2251627079134273,-0.18318323150793347
France,netustm_log,-1.7756585812131138,-0.20296366902832608,-0.223953407231073,-0.18197393082557917
France,netustm_log,-1.7514592962963906,-0.20175436834597182,-0.22274410654871873,-0.1807646301432249
France,netustm_log,-1.7272600113796672,-0.20054506766361752,-0.22153480586636443,-0.1795553294608706
France,netustm_log,-1.703060726462944,-0.1993357669812632,-0.22032550518401012,-0.1783460287785163
France,netustm_log,-1.6788614415462209,-0.19812646629890893,-0.21911620450165584,-0.17713672809616202
France,netustm_log,-1.6546621566294977,-0.19691716561655465,-0.21790690381930156,-0.17592742741380774
France,netustm_log,-1.6304628717127745,-0.19570786493420034,-0.21669760313694725,-0.17471812673145343
France,netustm_log,-1.606263586796051,-0.19449856425184603,-0.21548830245459294,-0.17350882604909912
France,netustm_log,-1.5820643018793281,-0.19328926356949178,-0.2142790017722387,-0.17229952536674487
France,netustm_log,-1.5578650169626047,-0.19207996288713747,-0.21306970108988438,-0.17109022468439056
France,netustm_log,-1.5336657320458815,-0.19087066220478316,-0.21186040040753007,-0.16988092400203625
France,netustm_log,-1.5094664471291583,-0.18966136152242888,-0.2106510997251758,-0.16867162331968197
France,netustm_log,-1.4852671622124352,-0.1884520608400746,-0.2094417990428215,-0.1674623226373277
France,netustm_log,-1.461067877295712,-0.1872427601577203,-0.2082324983604672,-0.16625302195497338
France,netustm_log,-1.4368685923789886,-0.186033459475366,-0.20702319767811292,-0.1650437212726191
France,netustm_log,-1.4126693074622656,-0.18482415879301173,-0.20581389699575864,-0.16383442059026482
France,netustm_log,-1.3884700225455422,-0.18361485811065742,-0.20460459631340433,-0.1626251199079105
France,netustm_log,-1.364270737628819,-0.18240555742830314,-0.20339529563105005,-0.16141581922555623
France,netustm_log,-1.3400714527120958,-0.18119625674594886,-0.20218599494869577,-0.16020651854320195
France,netustm_log,-1.3158721677953726,-0.17998695606359455,-0.20097669426634146,-0.15899721786084764
France,netustm_log,-1.2916728828786495,-0.17877765538124027,-0.19976739358398718,-0.15778791717849336
France,netustm_log,-1.267473597961926,-0.17756835469888596,-0.19855809290163287,-0.15657861649613905
France,netustm_log,-1.243274313045203,-0.17635905401653168,-0.1973487922192786,-0.15536931581378477
France,netustm_log,-1.2190750281284797,-0.17514975333417737,-0.19613949153692428,-0.15416001513143046
France,netustm_log,-1.1948757432117565,-0.1739404526518231,-0.19493019085457,-0.15295071444907618
France,netustm_log,-1.1706764582950333,-0.1727311519694688,-0.19372089017221572,-0.1517414137667219
France,netustm_log,-1.1464771733783101,-0.1715218512871145,-0.1925115894898614,-0.1505321130843676
France,netustm_log,-1.122277888461587,-0.17031255060476022,-0.19130228880750713,-0.1493228124020133
France,netustm_log,-1.0980786035448635,-0.16910324992240594,-0.19009298812515285,-0.14811351171965903
France,netustm_log,-1.0738793186281406,-0.16789394924005163,-0.18888368744279854,-0.14690421103730472
France,netustm_log,-1.0496800337114172,-0.16668464855769735,-0.18767438676044426,-0.14569491035495044
France,netustm_log,-1.025480748794694,-0.16547534787534307,-0.18646508607808998,-0.14448560967259616
France,netustm_log,-1.0012814638779708,-0.16426604719298876,-0.18525578539573567,-0.14327630899024185
France,netustm_log,-0.9770821789612476,-0.16305674651063448,-0.1840464847133814,-0.14206700830788757
France,netustm_log,-0.9528828940445244,-0.1618474458282802,-0.1828371840310271,-0.1408577076255333
France,netustm_log,-0.9286836091278012,-0.1606381451459259,-0.1816278833486728,-0.13964840694317898
France,netustm_log,-0.904484324211078,-0.1594288444635716,-0.18041858266631852,-0.1384391062608247
France,netustm_log,-0.8802850392943546,-0.1582195437812173,-0.1792092819839642,-0.1372298055784704
France,netustm_log,-0.8560857543776315,-0.15701024309886302,-0.17799998130160993,-0.1360205048961161
France,netustm_log,-0.8318864694609083,-0.15580094241650871,-0.17679068061925562,-0.1348112042137618
France,netustm_log,-0.8076871845441851,-0.15459164173415443,-0.17558137993690134,-0.13360190353140752
France,netustm_log,-0.7834878996274619,-0.15338234105180015,-0.17437207925454706,-0.13239260284905324
France,netustm_log,-0.7592886147107387,-0.15217304036944584,-0.17316277857219275,-0.13118330216669893
France,netustm_log,-0.7350893297940155,-0.15096373968709156,-0.17195347788983847,-0.12997400148434465
France,netustm_log,-0.7108900448772921,-0.14975443900473728,-0.1707441772074842,-0.12876470080199037
France,netustm_log,-0.6866907599605689,-0.14854513832238297,-0.16953487652512989,-0.12755540011963606
France,netustm_log,-0.6624914750438458,-0.1473358376400287,-0.1683255758427756,-0.12634609943728178
France,netustm_log,-0.6382921901271226,-0.1461265369576744,-0.16711627516042132,-0.1251367987549275
France,netustm_log,-0.6140929052103994,-0.1449172362753201,-0.16590697447806702,-0.1239274980725732
France,netustm_log,-0.5898936202936762,-0.14370793559296582,-0.16469767379571273,-0.12271819739021891
France,netustm_log,-0.565694335376953,-0.14249863491061154,-0.16348837311335845,-0.12150889670786463
France,netustm_log,-0.5414950504602296,-0.14128933422825724,-0.16227907243100415,-0.12029959602551032
France,netustm_log,-0.5172957655435064,-0.14008003354590293,-0.16106977174864984,-0.11909029534315602
France,netustm_log,-0.49309648062678324,-0.13887073286354865,-0.15986047106629556,-0.11788099466080174
France,netustm_log,-0.46889719571006006,-0.13766143218119437,-0.15865117038394128,-0.11667169397844745
France,netustm_log,-0.44469791079333687,-0.13645213149884008,-0.157441869701587,-0.11546239329609317
France,netustm_log,-0.4204986258766137,-0.13524283081648578,-0.1562325690192327,-0.11425309261373887
France,netustm_log,-0.3962993409598905,-0.1340335301341315,-0.1550232683368784,-0.11304379193138459
France,netustm_log,-0.3721000560431671,-0.1328242294517772,-0.1538139676545241,-0.11183449124903028
France,netustm_log,-0.3479007711264439,-0.1316149287694229,-0.15260466697216982,-0.110625190566676
France,netustm_log,-0.3237014862097207,-0.13040562808706863,-0.15139536628981554,-0.10941588988432172
France,netustm_log,-0.29950220129299754,-0.12919632740471432,-0.15018606560746123,-0.1082065892019674
France,netustm_log,-0.27530291637627435,-0.12798702672236004,-0.14897676492510695,-0.10699728851961313
France,netustm_log,-0.25110363145955117,-0.12677772604000576,-0.14776746424275267,-0.10578798783725885
France,netustm_log,-0.22690434654282798,-0.12556842535765145,-0.14655816356039836,-0.10457868715490454
France,netustm_log,-0.20270506162610458,-0.12435912467529715,-0.14534886287804405,-0.10336938647255024
France,netustm_log,-0.1785057767093814,-0.12314982399294286,-0.14413956219568977,-0.10216008579019595
France,netustm_log,-0.1543064917926582,-0.12194052331058858,-0.1429302615133355,-0.10095078510784167
France,netustm_log,-0.13010720687593502,-0.12073122262823428,-0.14172096083098118,-0.09974148442548737
France,netustm_log,-0.10590792195921184,-0.11952192194587999,-0.1405116601486269,-0.09853218374313308
France,netustm_log,-0.08170863704248865,-0.11831262126352571,-0.13930235946627262,-0.0973228830607788
France,netustm_log,-0.05750935212576547,-0.11710332058117141,-0.1380930587839183,-0.0961135823784245
France,netustm_log,-0.03331006720904206,-0.11589401989881712,-0.13688375810156403,-0.09490428169607021
France,netustm_log,-0.009110782292319097,-0.11468471921646284,-0.13567445741920975,-0.09369498101371593
France,netustm_log,0.01508850262440431,-0.11347541853410853,-0.13446515673685544,-0.09248568033136162
France,netustm_log,0.03928778754112727,-0.11226611785175426,-0.1332558560545012,-0.09127637964900735
France,netustm_log,0.06348707245785068,-0.11105681716939995,-0.13204655537214688,-0.09006707896665304
France,netustm_log,0.08768635737457409,-0.10984751648704566,-0.13083725468979257,-0.08885777828429875
France,netustm_log,0.11188564229129705,-0.10863821580469138,-0.1296279540074383,-0.08764847760194447
France,netustm_log,0.13608492720802046,-0.10742891512233707,-0.12841865332508398,-0.08643917691959016
France,netustm_log,0.16028421212474342,-0.10621961443998279,-0.1272093526427297,-0.08522987623723588
France,netustm_log,0.18448349704146683,-0.1050103137576285,-0.1260000519603754,-0.08402057555488159
France,netustm_log,0.2086827819581898,-0.10380101307527421,-0.12479075127802113,-0.0828112748725273
France,netustm_log,0.2328820668749132,-0.10259171239291992,-0.12358145059566683,-0.08160197419017301
France,netustm_log,0.2570813517916366,-0.10138241171056561,-0.12237214991331252,-0.0803926735078187
France,netustm_log,0.28128063670835957,-0.10017311102821133,-0.12116284923095824,-0.07918337282546442
France,netustm_log,0.305479921625083,-0.09896381034585704,-0.11995354854860395,-0.07797407214311013
France,netustm_log,0.32967920654180594,-0.09775450966350276,-0.11874424786624967,-0.07676477146075585
France,netustm_log,0.35387849145852934,-0.09654520898114846,-0.11753494718389537,-0.07555547077840155
France,netustm_log,0.3780777763752523,-0.09533590829879418,-0.11632564650154109,-0.07434617009604727
France,netustm_log,0.4022770612919757,-0.09412660761643987,-0.11511634581918678,-0.07313686941369296
France,netustm_log,0.4264763462086991,-0.09291730693408558,-0.11390704513683249,-0.07192756873133867
France,netustm_log,0.4506756311254221,-0.0917080062517313,-0.11269774445447821,-0.07071826804898439
France,netustm_log,0.4748749160421455,-0.090498705569377,-0.11148844377212391,-0.06950896736663009
France,netustm_log,0.49907420095886845,-0.08928940488702272,-0.11027914308976963,-0.06829966668427581
France,netustm_log,0.5232734858755919,-0.08808010420466841,-0.10906984240741532,-0.0670903660019215
France,netustm_log,0.5474727707923148,-0.08687080352231413,-0.10786054172506104,-0.06588106531956722
France,netustm_log,0.5716720557090382,-0.08566150283995984,-0.10665124104270675,-0.06467176463721293
France,netustm_log,0.5958713406257616,-0.08445220215760554,-0.10544194036035245,-0.06346246395485863
France,netustm_log,0.6200706255424846,-0.08324290147525126,-0.10423263967799817,-0.06225316327250435
France,netustm_log,0.644269910459208,-0.08203360079289695,-0.10302333899564386,-0.061043862590150044
France,netustm_log,0.668469195375931,-0.08082430011054267,-0.10181403831328958,-0.059834561907795764
France,netustm_log,0.6926684802926544,-0.07961499942818838,-0.10060473763093529,-0.05862526122544147
France,netustm_log,0.7168677652093773,-0.0784056987458341,-0.09939543694858101,-0.05741596054308719
France,netustm_log,0.7410670501261007,-0.0771963980634798,-0.09818613626622671,-0.056206659860732894
France,netustm_log,0.7652663350428242,-0.0759870973811255,-0.0969768355838724,-0.054997359178378585
France,netustm_log,0.7894656199595471,-0.07477779669877122,-0.09576753490151813,-0.053788058496024305
France,netustm_log,0.8136649048762705,-0.07356849601641692,-0.09455823421916383,-0.05257875781367001
France,netustm_log,0.8378641897929935,-0.07235919533406264,-0.09334893353680955,-0.05136945713131573
France,netustm_log,0.8620634747097169,-0.07114989465170835,-0.09213963285445526,-0.050160156448961435
France,netustm_log,0.8862627596264399,-0.06994059396935406,-0.09093033217210097,-0.048950855766607154
France,netustm_log,0.9104620445431633,-0.06873129328699976,-0.08972103148974667,-0.047741555084252846
France,netustm_log,0.9346613294598867,-0.06752199260464546,-0.08851173080739237,-0.04653225440189855
France,netustm_log,0.9588606143766096,-0.06631269192229118,-0.08730243012503809,-0.04532295371954427
France,netustm_log,0.983059899293333,-0.06510339123993689,-0.0860931294426838,-0.044113653037189976
France,netustm_log,1.007259184210056,-0.0638940905575826,-0.08488382876032952,-0.042904352354835695
France,netustm_log,1.0314584691267794,-0.0626847898752283,-0.08367452807797521,-0.04169505167248139
France,netustm_log,1.0556577540435024,-0.061475489192874024,-0.08246522739562093,-0.04048575099012711
France,netustm_log,1.0798570389602258,-0.06026618851051972,-0.08125592671326663,-0.03927645030777281
France,netustm_log,1.1040563238769492,-0.05905688782816542,-0.08004662603091234,-0.03806714962541851
France,netustm_log,1.1282556087936721,-0.05784758714581115,-0.07883732534855806,-0.036857848943064236
France,netustm_log,1.1524548937103956,-0.056638286463456845,-0.07762802466620375,-0.035648548260709935
France,netustm_log,1.1766541786271185,-0.055428985781102565,-0.07641872398384947,-0.034439247578355654
France,netustm_log,1.200853463543842,-0.05421968509874826,-0.07520942330149517,-0.03322994689600135
France,netustm_log,1.2250527484605649,-0.05301038441639398,-0.07400012261914089,-0.03202064621364707
France,netustm_log,1.2492520333772883,-0.05180108373403969,-0.0727908219367866,-0.030811345531292778
France,netustm_log,1.2734513182940117,-0.05059178305168538,-0.07158152125443229,-0.02960204484893847
France,netustm_log,1.2976506032107347,-0.0493824823693311,-0.07037222057207801,-0.02839274416658419
France,netustm_log,1.321849888127458,-0.048173181686976804,-0.06916291988972371,-0.027183443484229894
France,netustm_log,1.346049173044181,-0.046963881004622524,-0.06795361920736943,-0.025974142801875613
France,netustm_log,1.3702484579609044,-0.04575458032226823,-0.06674431852501514,-0.02476484211952132
France,netustm_log,1.3944477428776274,-0.04454527963991395,-0.06553501784266086,-0.023555541437167038
France,netustm_log,1.4186470277943508,-0.04333597895755964,-0.06432571716030655,-0.02234624075481273
France,netustm_log,1.4428463127110742,-0.042126678275205345,-0.06311641647795226,-0.021136940072458435
France,netustm_log,1.4670455976277972,-0.040917377592851065,-0.061907115795597975,-0.019927639390104154
France,netustm_log,1.4912448825445206,-0.03970807691049677,-0.06069781511324368,-0.01871833870774986
France,netustm_log,1.5154441674612436,-0.03849877622814249,-0.0594885144308894,-0.01750903802539558
France,netustm_log,1.539643452377967,-0.03728947554578818,-0.05827921374853509,-0.01629973734304127
France,netustm_log,1.56384273729469,-0.036080174863433914,-0.057069913066180825,-0.015090436660687004
France,netustm_log,1.588042022211413,-0.03487087418107962,-0.05586061238382653,-0.01388113597833271
France,nwspol_log,-2.918043184533,-0.13218668450917623,-0.15240972470343872,-0.11196364431491372
France,nwspol_log,-2.890136518045641,-0.1320633045126285,-0.152286344706891,-0.11184026431836598
France,nwspol_log,-2.862229851558282,-0.13193992451608078,-0.1521629647103433,-0.11171688432181827
France,nwspol_log,-2.834323185070923,-0.13181654451953304,-0.15203958471379553,-0.11159350432527053
France,nwspol_log,-2.806416518583564,-0.13169316452298532,-0.15191620471724782,-0.11147012432872282
France,nwspol_log,-2.7785098520962053,-0.13156978452643758,-0.1517928247207001,-0.11134674433217508
France,nwspol_log,-2.7506031856088464,-0.13144640452988987,-0.1516694447241524,-0.11122336433562736
France,nwspol_log,-2.722696519121487,-0.13132302453334213,-0.15154606472760462,-0.11109998433907962
France,nwspol_log,-2.6947898526341283,-0.13119964453679442,-0.1514226847310569,-0.11097660434253191
France,nwspol_log,-2.6668831861467694,-0.13107626454024668,-0.1512993047345092,-0.11085322434598417
France,nwspol_log,-2.63897651965941,-0.13095288454369897,-0.1511759247379615,-0.11072984434943646
France,nwspol_log,-2.6110698531720513,-0.13082950454715123,-0.15105254474141372,-0.11060646435288872
France,nwspol_log,-2.5831631866846925,-0.13070612455060351,-0.150929164744866,-0.11048308435634101
France,nwspol_log,-2.5552565201973336,-0.13058274455405577,-0.1508057847483183,-0.11035970435979327
France,nwspol_log,-2.527349853709975,-0.13045936455750806,-0.15068240475177058,-0.11023632436324556
France,nwspol_log,-2.4994431872226155,-0.13033598456096032,-0.15055902475522281,-0.11011294436669782
France,nwspol_log,-2.4715365207352566,-0.1302126045644126,-0.1504356447586751,-0.1099895643701501
France,nwspol_log,-2.443629854247898,-0.13008922456786487,-0.1503122647621274,-0.10986618437360236
France,nwspol_log,-2.4157231877605385,-0.12996584457131716,-0.15018888476557968,-0.10974280437705465
France,nwspol_log,-2.3878165212731797,-0.12984246457476942,-0.1500655047690319,-0.10961942438050691
France,nwspol_log,-2.359909854785821,-0.1297190845782217,-0.1499421247724842,-0.1094960443839592
France,nwspol_log,-2.332003188298462,-0.12959570458167397,-0.14981874477593649,-0.10937266438741146
France,nwspol_log,-2.304096521811103,-0.12947232458512625,-0.14969536477938877,-0.10924928439086375
France,nwspol_log,-2.276189855323744,-0.1293489445885785,-0.149571984782841,-0.109125904394316
France,nwspol_log,-2.248283188836385,-0.1292255645920308,-0.1494486047862933,-0.1090025243977683
France,nwspol_log,-2.220376522349026,-0.12910218459548306,-0.14932522478974558,-0.10887914440122055
France,nwspol_log,-2.192469855861667,-0.12897880459893535,-0.14920184479319787,-0.10875576440467284
France,nwspol_log,-2.164563189374308,-0.1288554246023876,-0.1490784647966501,-0.1086323844081251
France,nwspol_log,-2.136656522886949,-0.1287320446058399,-0.1489550848001024,-0.10850900441157739
France,nwspol_log,-2.1087498563995903,-0.12860866460929216,-0.14883170480355468,-0.10838562441502965
France,nwspol_log,-2.0808431899122315,-0.12848528461274444,-0.14870832480700696,-0.10826224441848194
France,nwspol_log,-2.052936523424872,-0.12836190461619673,-0.14858494481045925,-0.10813886442193422
France,nwspol_log,-2.0250298569375134,-0.128238524619649,-0.14846156481391148,-0.10801548442538648
France,nwspol_log,-1.9971231904501545,-0.12811514462310128,-0.14833818481736377,-0.10789210442883877
France,nwspol_log,-1.9692165239627955,-0.12799176462655354,-0.14821480482081606,-0.10776872443229103
France,nwspol_log,-1.9413098574754364,-0.12786838463000583,-0.14809142482426835,-0.10764534443574332
France,nwspol_log,-1.9134031909880775,-0.1277450046334581,-0.14796804482772058,-0.10752196443919558
France,nwspol_log,-1.8854965245007187,-0.12762162463691037,-0.14784466483117287,-0.10739858444264787
France,nwspol_log,-1.8575898580133596,-0.12749824464036263,-0.14772128483462516,-0.10727520444610013
France,nwspol_log,-1.8296831915260006,-0.12737486464381492,-0.14759790483807744,-0.10715182444955242
France,nwspol_log,-1.8017765250386417,-0.12725148464726718,-0.14747452484152968,-0.10702844445300468
France,nwspol_log,-1.7738698585512829,-0.12712810465071947,-0.14735114484498196,-0.10690506445645696
France,nwspol_log,-1.7459631920639238,-0.12700472465417173,-0.14722776484843425,-0.10678168445990922
France,nwspol_log,-1.7180565255765647,-0.12688134465762402,-0.14710438485188654,-0.10665830446336151
France,nwspol_log,-1.690149859089206,-0.12675796466107628,-0.14698100485533877,-0.10653492446681377
France,nwspol_log,-1.662243192601847,-0.12663458466452857,-0.14685762485879106,-0.10641154447026606
France,nwspol_log,-1.634336526114488,-0.12651120466798083,-0.14673424486224335,-0.10628816447371832
France,nwspol_log,-1.606429859627129,-0.1263878246714331,-0.14661086486569563,-0.1061647844771706
France,nwspol_log,-1.57852319313977,-0.12626444467488537,-0.14648748486914787,-0.10604140448062287
France,nwspol_log,-1.5506165266524112,-0.12614106467833766,-0.14636410487260015,-0.10591802448407515
France,nwspol_log,-1.5227098601650522,-0.12601768468178992,-0.14624072487605244,-0.10579464448752741
France,nwspol_log,-1.494803193677693,-0.1258943046852422,-0.14611734487950473,-0.1056712644909797
France,nwspol_log,-1.4668965271903343,-0.12577092468869447,-0.14599396488295696,-0.10554788449443196
France,nwspol_log,-1.4389898607029754,-0.12564754469214676,-0.14587058488640925,-0.10542450449788425
France,nwspol_log,-1.4110831942156163,-0.12552416469559902,-0.14574720488986154,-0.10530112450133651
France,nwspol_log,-1.3831765277282573,-0.1254007846990513,-0.14562382489331382,-0.1051777445047888
France,nwspol_log,-1.3552698612408984,-0.12527740470250356,-0.14550044489676606,-0.10505436450824106
France,nwspol_log,-1.3273631947535396,-0.12515402470595585,-0.14537706490021834,-0.10493098451169335
France,nwspol_log,-1.2994565282661805,-0.1250306447094081,-0.14525368490367063,-0.1048076045151456
France,nwspol_log,-1.2715498617788215,-0.1249072647128604,-0.14513030490712292,-0.1046842245185979
France,nwspol_log,-1.2436431952914626,-0.12478388471631267,-0.14500692491057518,-0.10456084452205017
France,nwspol_log,-1.2157365288041038,-0.12466050471976495,-0.14488354491402744,-0.10443746452550244
France,nwspol_log,-1.1878298623167447,-0.12453712472321722,-0.14476016491747973,-0.10431408452895471
France,nwspol_log,-1.1599231958293856,-0.1244137447266695,-0.14463678492093202,-0.10419070453240699
France,nwspol_log,-1.1320165293420268,-0.12429036473012177,-0.14451340492438428,-0.10406732453585926
France,nwspol_log,-1.104109862854668,-0.12416698473357404,-0.14439002492783654,-0.10394394453931154
France,nwspol_log,-1.0762031963673089,-0.12404360473702632,-0.14426664493128882,-0.10382056454276381
France,nwspol_log,-1.0482965298799498,-0.12392022474047859,-0.1441432649347411,-0.10369718454621608
France,nwspol_log,-1.020389863392591,-0.12379684474393086,-0.14401988493819337,-0.10357380454966836
France,nwspol_log,-0.9924831969052321,-0.12367346474738314,-0.14389650494164563,-0.10345042455312063
France,nwspol_log,-0.9645765304178731,-0.12355008475083541,-0.14377312494509792,-0.1033270445565729
France,nwspol_log,-0.936669863930514,-0.12342670475428769,-0.1436497449485502,-0.10320366456002518
France,nwspol_log,-0.9087631974431551,-0.12330332475773996,-0.14352636495200247,-0.10308028456347745
France,nwspol_log,-0.8808565309557963,-0.12317994476119223,-0.14340298495545473,-0.10295690456692973
France,nwspol_log,-0.8529498644684375,-0.12305656476464451,-0.14327960495890701,-0.102833524570382
France,nwspol_log,-0.8250431979810782,-0.12293318476809678,-0.1431562249623593,-0.10271014457383427
France,nwspol_log,-0.7971365314937193,-0.12280980477154906,-0.14303284496581156,-0.10258676457728655
France,nwspol_log,-0.7692298650063605,-0.12268642477500133,-0.14290946496926382,-0.10246338458073882
France,nwspol_log,-0.7413231985190012,-0.1225630447784536,-0.1427860849727161,-0.1023400045841911
France,nwspol_log,-0.7134165320316423,-0.12243966478190588,-0.1426627049761684,-0.10221662458764337
France,nwspol_log,-0.6855098655442835,-0.12231628478535815,-0.14253932497962066,-0.10209324459109564
France,nwspol_log,-0.6576031990569247,-0.12219290478881042,-0.14241594498307292,-0.10196986459454792
France,nwspol_log,-0.6296965325695658,-0.12206952479226271,-0.1422925649865252,-0.1018464845980002
France,nwspol_log,-0.6017898660822065,-0.12194614479571497,-0.1421691849899775,-0.10172310460145247
France,nwspol_log,-0.5738831995948477,-0.12182276479916725,-0.14204580499342975,-0.10159972460490474
France,nwspol_log,-0.5459765331074888,-0.12169938480261953,-0.14192242499688204,-0.10147634460835703
France,nwspol_log,-0.5180698666201295,-0.1215760048060718,-0.1417990450003343,-0.10135296461180929
France,nwspol_log,-0.4901632001327707,-0.12145262480952408,-0.1416756650037866,-0.10122958461526158
France,nwspol_log,-0.46225653364541186,-0.12132924481297636,-0.14155228500723888,-0.10110620461871385
France,nwspol_log,-0.434349867158053,-0.12120586481642863,-0.14142890501069114,-0.10098282462216612
France,nwspol_log,-0.40644320067069417,-0.1210824848198809,-0.1413055250141434,-0.1008594446256184
France,nwspol_log,-0.3785365341833349,-0.12095910482333318,-0.14118214501759568,-0.10073606462907067
France,nwspol_log,-0.35062986769597604,-0.12083572482678545,-0.14105876502104797,-0.10061268463252294
France,nwspol_log,-0.3227232012086172,-0.12071234483023772,-0.14093538502450023,-0.10048930463597522
France,nwspol_log,-0.2948165347212579,-0.12058896483369,-0.1408120050279525,-0.10036592463942749
France,nwspol_log,-0.26690986823389906,-0.12046558483714227,-0.14068862503140478,-0.10024254464287977
France,nwspol_log,-0.23900320174654022,-0.12034220484059455,-0.14056524503485707,-0.10011916464633204
France,nwspol_log,-0.21109653525918137,-0.12021882484404682,-0.14044186503830933,-0.09999578464978431
France,nwspol_log,-0.18318986877182253,-0.1200954448474991,-0.1403184850417616,-0.09987240465323659
France,nwspol_log,-0.15528320228446324,-0.11997206485095137,-0.14019510504521387,-0.09974902465668886
France,nwspol_log,-0.1273765357971044,-0.11984868485440364,-0.14007172504866616,-0.09962564466014114
France,nwspol_log,-0.09946986930974555,-0.11972530485785592,-0.13994834505211842,-0.09950226466359341
France,nwspol_log,-0.07156320282238626,-0.11960192486130819,-0.13982496505557068,-0.09937888466704568
France,nwspol_log,-0.04365653633502742,-0.11947854486476046,-0.13970158505902297,-0.09925550467049796
France,nwspol_log,-0.015749869847668574,-0.11935516486821274,-0.13957820506247526,-0.09913212467395023
France,nwspol_log,0.01215679663969027,-0.11923178487166501,-0.13945482506592752,-0.0990087446774025
France,nwspol_log,0.040063463127049115,-0.11910840487511729,-0.13933144506937978,-0.09888536468085478
France,nwspol_log,0.0679701296144084,-0.11898502487856956,-0.13920806507283207,-0.09876198468430705
France,nwspol_log,0.09587679610176725,-0.11886164488202183,-0.13908468507628435,-0.09863860468775933
France,nwspol_log,0.12378346258912609,-0.1187382648854741,-0.1389613050797366,-0.0985152246912116
France,nwspol_log,0.15169012907648538,-0.11861488488892638,-0.13883792508318887,-0.09839184469466387
France,nwspol_log,0.17959679556384422,-0.11849150489237865,-0.13871454508664116,-0.09826846469811615
France,nwspol_log,0.20750346205120307,-0.11836812489583093,-0.13859116509009345,-0.09814508470156842
France,nwspol_log,0.2354101285385619,-0.1182447448992832,-0.1384677850935457,-0.0980217047050207
France,nwspol_log,0.26331679502592076,-0.11812136490273548,-0.13834440509699797,-0.09789832470847297
France,nwspol_log,0.29122346151328005,-0.11799798490618775,-0.13822102510045026,-0.09777494471192524
France,nwspol_log,0.3191301280006389,-0.11787460490964002,-0.13809764510390254,-0.09765156471537752
France,nwspol_log,0.34703679448799774,-0.1177512249130923,-0.1379742651073548,-0.09752818471882979
France,nwspol_log,0.374943460975357,-0.11762784491654457,-0.13785088511080706,-0.09740480472228207
France,nwspol_log,0.40285012746271587,-0.11750446491999685,-0.13772750511425935,-0.09728142472573434
France,nwspol_log,0.4307567939500747,-0.11738108492344912,-0.13760412511771164,-0.09715804472918661
France,nwspol_log,0.45866346043743356,-0.11725770492690141,-0.13748074512116393,-0.0970346647326389
France,nwspol_log,0.4865701269247924,-0.11713432493035368,-0.1373573651246162,-0.09691128473609117
France,nwspol_log,0.5144767934121517,-0.11701094493380595,-0.13723398512806845,-0.09678790473954345
France,nwspol_log,0.5423834598995105,-0.11688756493725823,-0.13711060513152074,-0.09666452474299572
France,nwspol_log,0.5702901263868694,-0.1167641849407105,-0.13698722513497302,-0.096541144746448
France,nwspol_log,0.5981967928742287,-0.11664080494416278,-0.13686384513842528,-0.09641776474990027
France,nwspol_log,0.6261034593615875,-0.11651742494761505,-0.13674046514187754,-0.09629438475335254
France,nwspol_log,0.6540101258489464,-0.11639404495106732,-0.13661708514532983,-0.09617100475680482
France,nwspol_log,0.6819167923363052,-0.1162706649545196,-0.13649370514878212,-0.09604762476025709
France,nwspol_log,0.709823458823664,-0.11614728495797187,-0.13637032515223438,-0.09592424476370937
France,nwspol_log,0.7377301253110233,-0.11602390496142415,-0.13624694515568664,-0.09580086476716164
France,nwspol_log,0.7656367917983822,-0.11590052496487642,-0.13612356515913893,-0.09567748477061391
France,nwspol_log,0.793543458285741,-0.1157771449683287,-0.13600018516259121,-0.09555410477406619
France,nwspol_log,0.8214501247731003,-0.11565376497178097,-0.13587680516604347,-0.09543072477751846
France,nwspol_log,0.8493567912604592,-0.11553038497523324,-0.13575342516949573,-0.09530734478097073
France,nwspol_log,0.877263457747818,-0.11540700497868552,-0.13563004517294802,-0.09518396478442301
France,nwspol_log,0.9051701242351768,-0.11528362498213779,-0.1355066651764003,-0.09506058478787528
France,nwspol_log,0.9330767907225357,-0.11516024498559006,-0.13538328517985257,-0.09493720479132756
France,nwspol_log,0.960983457209895,-0.11503686498904234,-0.13525990518330483,-0.09481382479477983
France,nwspol_log,0.9888901236972538,-0.11491348499249461,-0.13513652518675712,-0.0946904447982321
France,nwspol_log,1.0167967901846127,-0.11479010499594688,-0.1350131451902094,-0.09456706480168438
France,nwspol_log,1.044703456671972,-0.11466672499939916,-0.13488976519366166,-0.09444368480513665
France,nwspol_log,1.0726101231593308,-0.11454334500285143,-0.13476638519711392,-0.09432030480858893
France,nwspol_log,1.1005167896466896,-0.1144199650063037,-0.1346430052005662,-0.0941969248120412
France,nwspol_log,1.128423456134049,-0.11429658500975598,-0.1345196252040185,-0.09407354481549347
France,nwspol_log,1.1563301226214073,-0.11417320501320825,-0.13439624520747076,-0.09395016481894575
France,nwspol_log,1.1842367891087666,-0.11404982501666053,-0.13427286521092302,-0.09382678482239802
France,nwspol_log,1.212143455596125,-0.1139264450201128,-0.1341494852143753,-0.0937034048258503
France,nwspol_log,1.240050122083484,-0.11380306502356508,-0.1340261052178276,-0.09358002482930257
Germany,netustm_log,-2.017651430380346,-0.03965804184187872,-0.05403520879047365,-0.025280874893283782
Germany,netustm_log,-1.9934521454636227,-0.03904153881932161,-0.05341870576791655,-0.024664371870726676
Germany,netustm_log,-1.9692528605468995,-0.038425035796764505,-0.05280220274535944,-0.02404786884816957
Germany,netustm_log,-1.9450535756301763,-0.0378085327742074,-0.052185699722802334,-0.023431365825612463
Germany,netustm_log,-1.920854290713453,-0.03719202975165029,-0.05156919670024523,-0.022814862803055357
Germany,netustm_log,-1.8966550057967297,-0.036575526729093186,-0.05095269367768812,-0.02219835978049825
Germany,netustm_log,-1.8724557208800066,-0.03595902370653608,-0.050336190655131015,-0.021581856757941144
Germany,netustm_log,-1.8482564359632834,-0.03534252068397898,-0.049719687632573915,-0.020965353735384044
Germany,netustm_log,-1.8240571510465602,-0.034726017661421874,-0.04910318461001681,-0.020348850712826938
Germany,netustm_log,-1.799857866129837,-0.03410951463886477,-0.0484866815874597,-0.01973234769026983
Germany,netustm_log,-1.7756585812131138,-0.03349301161630767,-0.0478701785649026,-0.019115844667712732
Germany,netustm_log,-1.7514592962963906,-0.03287650859375056,-0.0472536755423455,-0.018499341645155626
Germany,netustm_log,-1.7272600113796672,-0.03226000557119345,-0.046637172519788384,-0.017882838622598513
Germany,netustm_log,-1.703060726462944,-0.03164350254863635,-0.046020669497231284,-0.017266335600041413
Germany,netustm_log,-1.6788614415462209,-0.031026999526079242,-0.04540416647467418,-0.016649832577484307
Germany,netustm_log,-1.6546621566294977,-0.030410496503522136,-0.04478766345211707,-0.0160333295549272
Germany,netustm_log,-1.6304628717127745,-0.02979399348096503,-0.044171160429559965,-0.015416826532370096
Germany,netustm_log,-1.606263586796051,-0.029177490458407923,-0.04355465740700286,-0.01480032350981299
Germany,netustm_log,-1.5820643018793281,-0.028560987435850824,-0.04293815438444576,-0.01418382048725589
Germany,netustm_log,-1.5578650169626047,-0.02794448441329371,-0.042321651361888646,-0.013567317464698777
Germany,netustm_log,-1.5336657320458815,-0.02732798139073661,-0.041705148339331546,-0.012950814442141677
Germany,netustm_log,-1.5094664471291583,-0.026711478368179505,-0.04108864531677444,-0.01233431141958457
Germany,netustm_log,-1.4852671622124352,-0.026094975345622398,-0.040472142294217334,-0.011717808397027464
Germany,netustm_log,-1.461067877295712,-0.0254784723230653,-0.039855639271660234,-0.011101305374470365
Germany,netustm_log,-1.4368685923789886,-0.024861969300508185,-0.03923913624910312,-0.010484802351913252
Germany,netustm_log,-1.4126693074622656,-0.024245466277951086,-0.03862263322654602,-0.009868299329356152
Germany,netustm_log,-1.3884700225455422,-0.02362896325539398,-0.038006130203988915,-0.009251796306799046
Germany,netustm_log,-1.364270737628819,-0.023012460232836873,-0.03738962718143181,-0.00863529328424194
Germany,netustm_log,-1.3400714527120958,-0.022395957210279767,-0.0367731241588747,-0.008018790261684833
Germany,netustm_log,-1.3158721677953726,-0.02177945418772266,-0.036156621136317596,-0.007402287239127727
Germany,netustm_log,-1.2916728828786495,-0.02116295116516556,-0.0355401181137605,-0.006785784216570627
Germany,netustm_log,-1.267473597961926,-0.020546448142608448,-0.03492361509120338,-0.006169281194013514
Germany,netustm_log,-1.243274313045203,-0.01992994512005135,-0.034307112068646284,-0.005552778171456415
Germany,netustm_log,-1.2190750281284797,-0.019313442097494242,-0.03369060904608918,-0.004936275148899308
Germany,netustm_log,-1.1948757432117565,-0.018696939074937136,-0.03307410602353207,-0.004319772126342202
Germany,netustm_log,-1.1706764582950333,-0.018080436052380033,-0.032457603000974965,-0.003703269103785099
Germany,netustm_log,-1.1464771733783101,-0.017463933029822926,-0.03184109997841786,-0.0030867660812279926
Germany,netustm_log,-1.122277888461587,-0.016847430007265823,-0.03122459695586076,-0.0024702630586708896
Germany,netustm_log,-1.0980786035448635,-0.016230926984708714,-0.030608093933303646,-0.0018537600361137798
Germany,netustm_log,-1.0738793186281406,-0.015614423962151614,-0.029991590910746546,-0.0012372570135566804
Germany,netustm_log,-1.0496800337114172,-0.014997920939594504,-0.02937508788818944,-0.0006207539909995705
Germany,netustm_log,-1.025480748794694,-0.014381417917037398,-0.028758584865632333,-4.250968442464156e-06
Germany,netustm_log,-1.0012814638779708,-0.013764914894480295,-0.028142081843075227,0.0006122520541146387
Germany,netustm_log,-0.9770821789612476,-0.013148411871923192,-0.027525578820518128,0.0012287550766717417
Germany,netustm_log,-0.9528828940445244,-0.012531908849366086,-0.02690907579796102,0.001845258099228848
Germany,netustm_log,-0.9286836091278012,-0.011915405826808983,-0.026292572775403915,0.002461761121785951
Germany,netustm_log,-0.904484324211078,-0.011298902804251876,-0.02567606975284681,0.0030782641443430573
Germany,netustm_log,-0.8802850392943546,-0.010682399781694767,-0.025059566730289702,0.003694767166900167
Germany,netustm_log,-0.8560857543776315,-0.010065896759137664,-0.024443063707732596,0.00431127018945727
Germany,netustm_log,-0.8318864694609083,-0.009449393736580557,-0.02382656068517549,0.004927773212014376
Germany,netustm_log,-0.8076871845441851,-0.008832890714023454,-0.02321005766261839,0.005544276234571479
Germany,netustm_log,-0.7834878996274619,-0.008216387691466348,-0.022593554640061284,0.006160779257128586
Germany,netustm_log,-0.7592886147107387,-0.007599884668909245,-0.021977051617504177,0.006777282279685689
Germany,netustm_log,-0.7350893297940155,-0.006983381646352142,-0.021360548594947078,0.0073937853022427915
Germany,netustm_log,-0.7108900448772921,-0.006366878623795029,-0.020744045572389964,0.008010288324799905
Germany,netustm_log,-0.6866907599605689,-0.005750375601237926,-0.020127542549832858,0.008626791347357008
Germany,netustm_log,-0.6624914750438458,-0.005133872578680823,-0.01951103952727576,0.00924329436991411
Germany,netustm_log,-0.6382921901271226,-0.004517369556123717,-0.018894536504718652,0.009859797392471217
Germany,netustm_log,-0.6140929052103994,-0.003900866533566614,-0.018278033482161546,0.01047630041502832
Germany,netustm_log,-0.5898936202936762,-0.0032843635110095092,-0.017661530459604443,0.011092803437585425
Germany,netustm_log,-0.565694335376953,-0.0026678604884524046,-0.01704502743704734,0.01170930646014253
Germany,netustm_log,-0.5414950504602296,-0.0020513574658952947,-0.016428524414490227,0.012325809482699639
Germany,netustm_log,-0.5172957655435064,-0.00143485444333819,-0.015812021391933124,0.012942312505256744
Germany,netustm_log,-0.49309648062678324,-0.0008183514207810855,-0.01519551836937602,0.013558815527813848
Germany,netustm_log,-0.46889719571006006,-0.00020184839822398083,-0.014579015346818915,0.014175318550370953
Germany,netustm_log,-0.44469791079333687,0.0004146546243331238,-0.01396251232426181,0.014791821572928058
Germany,netustm_log,-0.4204986258766137,0.0010311576468902284,-0.013346009301704705,0.015408324595485162
Germany,netustm_log,-0.3962993409598905,0.001647660669447333,-0.0127295062791476,0.01602482761804227
Germany,netustm_log,-0.3721000560431671,0.002264163692004443,-0.01211300325659049,0.016641330640599375
Germany,netustm_log,-0.3479007711264439,0.0028806667145615476,-0.011496500234033386,0.01725783366315648
Germany,netustm_log,-0.3237014862097207,0.003497169737118652,-0.010879997211476282,0.017874336685713588
Germany,netustm_log,-0.29950220129299754,0.004113672759675756,-0.010263494188919177,0.01849083970827069
Germany,netustm_log,-0.27530291637627435,0.004730175782232861,-0.009646991166362074,0.019107342730827793
Germany,netustm_log,-0.25110363145955117,0.005346678804789964,-0.00903048814380497,0.0197238457533849
Germany,netustm_log,-0.22690434654282798,0.005963181827347069,-0.008413985121247865,0.020340348775942003
Germany,netustm_log,-0.20270506162610458,0.006579684849904179,-0.007797482098690755,0.020956851798499113
Germany,netustm_log,-0.1785057767093814,0.0071961878724612835,-0.00718097907613365,0.02157335482105622
Germany,netustm_log,-0.1543064917926582,0.007812690895018388,-0.006564476053576546,0.022189857843613322
Germany,netustm_log,-0.13010720687593502,0.008429193917575493,-0.005947973031019441,0.022806360866170425
Germany,netustm_log,-0.10590792195921184,0.009045696940132597,-0.005331470008462336,0.02342286388872753
Germany,netustm_log,-0.08170863704248865,0.009662199962689702,-0.004714966985905232,0.024039366911284638
Germany,netustm_log,-0.05750935212576547,0.010278702985246805,-0.004098463963348129,0.024655869933841737
Germany,netustm_log,-0.03331006720904206,0.010895206007803917,-0.0034819609407910172,0.02527237295639885
Germany,netustm_log,-0.009110782292319097,0.011511709030361014,-0.0028654579182339195,0.02588887597895595
Germany,netustm_log,0.01508850262440431,0.012128212052918124,-0.0022489548956768097,0.026505379001513056
Germany,netustm_log,0.03928778754112727,0.012744715075475224,-0.0016324518731197103,0.027121882024070156
Germany,netustm_log,0.06348707245785068,0.013361218098032333,-0.0010159488505626004,0.02773838504662727
Germany,netustm_log,0.08768635737457409,0.013977721120589443,-0.00039944582800549057,0.028354888069184375
Germany,netustm_log,0.11188564229129705,0.014594224143146543,0.00021705719455160886,0.028971391091741475
Germany,netustm_log,0.13608492720802046,0.015210727165703652,0.0008335602171087187,0.029587894114298588
Germany,netustm_log,0.16028421212474342,0.015827230188260752,0.0014500632396658181,0.030204397136855687
Germany,netustm_log,0.18448349704146683,0.016443733210817862,0.002066566262222928,0.030820900159412794
Germany,netustm_log,0.2086827819581898,0.01706023623337496,0.0026830692847800274,0.03143740318196989
Germany,netustm_log,0.2328820668749132,0.01767673925593207,0.0032995723073371373,0.032053906204527007
Germany,netustm_log,0.2570813517916366,0.01829324227848918,0.003916075329894247,0.03267040922708411
Germany,netustm_log,0.28128063670835957,0.018909745301046277,0.004532578352451343,0.03328691224964121
Germany,netustm_log,0.305479921625083,0.01952624832360339,0.005149081375008456,0.033903415272198326
Germany,netustm_log,0.32967920654180594,0.02014275134616049,0.005765584397565556,0.034519918294755425
Germany,netustm_log,0.35387849145852934,0.020759254368717596,0.006382087420122662,0.03513642131731253
Germany,netustm_log,0.3780777763752523,0.021375757391274695,0.006998590442679762,0.03575292433986963
Germany,netustm_log,0.4022770612919757,0.02199226041383181,0.007615093465236875,0.036369427362426744
Germany,netustm_log,0.4264763462086991,0.022608763436388915,0.008231596487793981,0.03698593038498385
Germany,netustm_log,0.4506756311254221,0.023225266458946014,0.00884809951035108,0.03760243340754095
Germany,netustm_log,0.4748749160421455,0.023841769481503128,0.009464602532908194,0.03821893643009806
Germany,netustm_log,0.49907420095886845,0.024458272504060224,0.01008110555546529,0.038835439452655156
Germany,netustm_log,0.5232734858755919,0.025074775526617334,0.0106976085780224,0.03945194247521227
Germany,netustm_log,0.5474727707923148,0.025691278549174433,0.0113141116005795,0.04006844549776937
Germany,netustm_log,0.5716720557090382,0.026307781571731543,0.011930614623136609,0.040684948520326475
Germany,netustm_log,0.5958713406257616,0.026924284594288653,0.012547117645693719,0.04130145154288359
Germany,netustm_log,0.6200706255424846,0.027540787616845752,0.013163620668250818,0.04191795456544069
Germany,netustm_log,0.644269910459208,0.028157290639402862,0.013780123690807928,0.042534457587997794
Germany,netustm_log,0.668469195375931,0.02877379366195996,0.014396626713365028,0.04315096061055489
Germany,netustm_log,0.6926684802926544,0.02939029668451707,0.015013129735922138,0.04376746363311201
Germany,netustm_log,0.7168677652093773,0.03000679970707417,0.015629632758479235,0.044383966655669106
Germany,netustm_log,0.7410670501261007,0.03062330272963128,0.01624613578103635,0.04500046967822621
Germany,netustm_log,0.7652663350428242,0.03123980575218839,0.016862638803593455,0.045616972700783326
Germany,netustm_log,0.7894656199595471,0.03185630877474549,0.017479141826150554,0.046233475723340425
Germany,netustm_log,0.8136649048762705,0.0324728117973026,0.018095644848707668,0.04684997874589754
Germany,netustm_log,0.8378641897929935,0.0330893148198597,0.018712147871264767,0.04746648176845464
Germany,netustm_log,0.8620634747097169,0.03370581784241681,0.019328650893821873,0.048082984791011744
Germany,netustm_log,0.8862627596264399,0.0343223208649739,0.019945153916378966,0.04869948781356884
Germany,netustm_log,0.9104620445431633,0.034938823887531015,0.02056165693893608,0.04931599083612595
Germany,netustm_log,0.9346613294598867,0.03555532691008813,0.021178159961493193,0.049932493858683064
Germany,netustm_log,0.9588606143766096,0.03617182993264523,0.021794662984050292,0.05054899688124016
Germany,netustm_log,0.983059899293333,0.036788332955202334,0.0224111660066074,0.05116549990379727
Germany,netustm_log,1.007259184210056,0.03740483597775943,0.023027669029164498,0.05178200292635437
Germany,netustm_log,1.0314584691267794,0.03802133900031654,0.023644172051721604,0.052398505948911475
Germany,netustm_log,1.0556577540435024,0.03863784202287364,0.024260675074278704,0.053015008971468575
Germany,netustm_log,1.0798570389602258,0.03925434504543075,0.024877178096835817,0.05363151199402569
Germany,netustm_log,1.1040563238769492,0.039870848067987866,0.02549368111939293,0.0542480150165828
Germany,netustm_log,1.1282556087936721,0.040487351090544965,0.02611018414195003,0.0548645180391399
Germany,netustm_log,1.1524548937103956,0.04110385411310207,0.026726687164507136,0.05548102106169701
Germany,netustm_log,1.1766541786271185,0.04172035713565917,0.027343190187064235,0.056097524084254106
Germany,netustm_log,1.200853463543842,0.04233686015821628,0.027959693209621342,0.05671402710681121
Germany,netustm_log,1.2250527484605649,0.04295336318077338,0.02857619623217844,0.05733053012936831
Germany,netustm_log,1.2492520333772883,0.04356986620333049,0.029192699254735555,0.057947033151925426
Germany,netustm_log,1.2734513182940117,0.044186369225887596,0.02980920227729266,0.05856353617448253
Germany,netustm_log,1.2976506032107347,0.044802872248444696,0.03042570529984976,0.05918003919703963
Germany,netustm_log,1.321849888127458,0.04541937527100181,0.031042208322406874,0.059796542219596745
Germany,netustm_log,1.346049173044181,0.04603587829355891,0.03165871134496397,0.060413045242153844
Germany,netustm_log,1.3702484579609044,0.046652381316116015,0.03227521436752108,0.06102954826471095
Germany,netustm_log,1.3944477428776274,0.047268884338673114,0.03289171739007818,0.06164605128726805
Germany,netustm_log,1.4186470277943508,0.04788538736123023,0.03350822041263529,0.06226255430982516
Germany,netustm_log,1.4428463127110742,0.048501890383787334,0.0341247234351924,0.06287905733238226
Germany,netustm_log,1.4670455976277972,0.049118393406344434,0.0347412264577495,0.06349556035493936
Germany,netustm_log,1.4912448825445206,0.04973489642890155,0.03535772948030661,0.06411206337749648
Germany,netustm_log,1.5154441674612436,0.050351399451458646,0.03597423250286371,0.06472856640005357
Germany,netustm_log,1.539643452377967,0.05096790247401575,0.03659073552542082,0.06534506942261069
Germany,netustm_log,1.56384273729469,0.05158440549657285,0.03720723854797792,0.06596157244516779
Germany,netustm_log,1.588042022211413,0.05220090851912996,0.03782374157053502,0.06657807546772489
Germany,nwspol_log,-2.918043184533,-0.1406186499126368,-0.1585098672761443,-0.12272743254912931
Germany,nwspol_log,-2.890136518045641,-0.13917255492953776,-0.15706377229304525,-0.12128133756603025
Germany,nwspol_log,-2.862229851558282,-0.13772645994643867,-0.15561767730994616,-0.11983524258293117
Germany,nwspol_log,-2.834323185070923,-0.13628036496333962,-0.1541715823268471,-0.11838914759983211
Germany,nwspol_log,-2.806416518583564,-0.13483426998024056,-0.15272548734374805,-0.11694305261673306
Germany,nwspol_log,-2.7785098520962053,-0.13338817499714148,-0.15127939236064897,-0.11549695763363398
Germany,nwspol_log,-2.7506031856088464,-0.13194208001404242,-0.1498332973775499,-0.11405086265053492
Germany,nwspol_log,-2.722696519121487,-0.13049598503094334,-0.14838720239445083,-0.11260476766743584
Germany,nwspol_log,-2.6947898526341283,-0.12904989004784428,-0.14694110741135177,-0.11115867268433678
Germany,nwspol_log,-2.6668831861467694,-0.12760379506474523,-0.14549501242825272,-0.10971257770123773
Germany,nwspol_log,-2.63897651965941,-0.12615770008164615,-0.14404891744515363,-0.10826648271813864
Germany,nwspol_log,-2.6110698531720513,-0.12471160509854708,-0.14260282246205458,-0.10682038773503957
Germany,nwspol_log,-2.5831631866846925,-0.12326551011544802,-0.14115672747895552,-0.10537429275194052
Germany,nwspol_log,-2.5552565201973336,-0.12181941513234897,-0.13971063249585647,-0.10392819776884146
Germany,nwspol_log,-2.527349853709975,-0.12037332014924991,-0.1382645375127574,-0.10248210278574241
Germany,nwspol_log,-2.4994431872226155,-0.11892722516615083,-0.13681844252965833,-0.10103600780264332
Germany,nwspol_log,-2.4715365207352566,-0.11748113018305174,-0.13537234754655925,-0.09958991281954424
Germany,nwspol_log,-2.443629854247898,-0.11603503519995269,-0.1339262525634602,-0.09814381783644519
Germany,nwspol_log,-2.4157231877605385,-0.1145889402168536,-0.1324801575803611,-0.0966977228533461
Germany,nwspol_log,-2.3878165212731797,-0.11314284523375455,-0.13103406259726205,-0.09525162787024705
Germany,nwspol_log,-2.359909854785821,-0.1116967502506555,-0.129587967614163,-0.09380553288714799
Germany,nwspol_log,-2.332003188298462,-0.11025065526755644,-0.12814187263106394,-0.09235943790404894
Germany,nwspol_log,-2.304096521811103,-0.10880456028445738,-0.12669577764796489,-0.09091334292094988
Germany,nwspol_log,-2.276189855323744,-0.1073584653013583,-0.1252496826648658,-0.0894672479378508
Germany,nwspol_log,-2.248283188836385,-0.10591237031825924,-0.12380358768176675,-0.08802115295475174
Germany,nwspol_log,-2.220376522349026,-0.10446627533516017,-0.12235749269866768,-0.08657505797165267
Germany,nwspol_log,-2.192469855861667,-0.10302018035206109,-0.1209113977155686,-0.08512896298855359
Germany,nwspol_log,-2.164563189374308,-0.10157408536896204,-0.11946530273246954,-0.08368286800545453
Germany,nwspol_log,-2.136656522886949,-0.10012799038586298,-0.11801920774937048,-0.08223677302235548
Germany,nwspol_log,-2.1087498563995903,-0.09868189540276393,-0.11657311276627143,-0.08079067803925642
Germany,nwspol_log,-2.0808431899122315,-0.09723580041966486,-0.11512701778317236,-0.07934458305615735
Germany,nwspol_log,-2.052936523424872,-0.09578970543656577,-0.11368092280007328,-0.07789848807305827
Germany,nwspol_log,-2.0250298569375134,-0.09434361045346672,-0.11223482781697422,-0.07645239308995921
Germany,nwspol_log,-1.9971231904501545,-0.09289751547036766,-0.11078873283387516,-0.07500629810686016
Germany,nwspol_log,-1.9692165239627955,-0.09145142048726859,-0.1093426378507761,-0.07356020312376109
Germany,nwspol_log,-1.9413098574754364,-0.09000532550416952,-0.10789654286767703,-0.07211410814066202
Germany,nwspol_log,-1.9134031909880775,-0.08855923052107045,-0.10645044788457796,-0.07066801315756295
Germany,nwspol_log,-1.8854965245007187,-0.0871131355379714,-0.1050043529014789,-0.0692219181744639
Germany,nwspol_log,-1.8575898580133596,-0.08566704055487233,-0.10355825791837983,-0.06777582319136483
Germany,nwspol_log,-1.8296831915260006,-0.08422094557177326,-0.10211216293528076,-0.06632972820826576
Germany,nwspol_log,-1.8017765250386417,-0.0827748505886742,-0.1006660679521817,-0.0648836332251667
Germany,nwspol_log,-1.7738698585512829,-0.08132875560557513,-0.09921997296908264,-0.06343753824206763
Germany,nwspol_log,-1.7459631920639238,-0.07988266062247606,-0.09777387798598357,-0.06199144325896856
Germany,nwspol_log,-1.7180565255765647,-0.078436565639377,-0.0963277830028845,-0.06054534827586949
Germany,nwspol_log,-1.690149859089206,-0.07699047065627794,-0.09488168801978544,-0.05909925329277044
Germany,nwspol_log,-1.662243192601847,-0.07554437567317888,-0.09343559303668639,-0.05765315830967138
Germany,nwspol_log,-1.634336526114488,-0.07409828069007982,-0.09198949805358732,-0.05620706332657231
Germany,nwspol_log,-1.606429859627129,-0.07265218570698073,-0.09054340307048823,-0.05476096834347323
Germany,nwspol_log,-1.57852319313977,-0.07120609072388168,-0.08909730808738918,-0.053314873360374174
Germany,nwspol_log,-1.5506165266524112,-0.06975999574078262,-0.08765121310429012,-0.05186877837727512
Germany,nwspol_log,-1.5227098601650522,-0.06831390075768355,-0.08620511812119105,-0.05042268339417605
Germany,nwspol_log,-1.494803193677693,-0.06686780577458448,-0.08475902313809199,-0.04897658841107698
Germany,nwspol_log,-1.4668965271903343,-0.06542171079148543,-0.08331292815499293,-0.047530493427977924
Germany,nwspol_log,-1.4389898607029754,-0.06397561580838636,-0.08186683317189386,-0.046084398444878855
Germany,nwspol_log,-1.4110831942156163,-0.06252952082528729,-0.08042073818879479,-0.044638303461779785
Germany,nwspol_log,-1.3831765277282573,-0.06108342584218822,-0.07897464320569572,-0.043192208478680716
Germany,nwspol_log,-1.3552698612408984,-0.05963733085908916,-0.07752854822259667,-0.04174611349558166
Germany,nwspol_log,-1.3273631947535396,-0.05819123587599011,-0.07608245323949761,-0.040300018512482605
Germany,nwspol_log,-1.2994565282661805,-0.056745140892891024,-0.07463635825639853,-0.03885392352938352
Germany,nwspol_log,-1.2715498617788215,-0.055299045909791955,-0.07319026327329946,-0.03740782854628445
Germany,nwspol_log,-1.2436431952914626,-0.0538529509266929,-0.0717441682902004,-0.0359617335631854
Germany,nwspol_log,-1.2157365288041038,-0.052406855943593844,-0.07029807330710135,-0.03451563858008634
Germany,nwspol_log,-1.1878298623167447,-0.05096076096049477,-0.06885197832400226,-0.03306954359698727
Germany,nwspol_log,-1.1599231958293856,-0.0495146659773957,-0.0674058833409032,-0.0316234486138882
Germany,nwspol_log,-1.1320165293420268,-0.04806857099429664,-0.06595978835780414,-0.030177353630789144
Germany,nwspol_log,-1.104109862854668,-0.04662247601119758,-0.06451369337470508,-0.02873125864769008
Germany,nwspol_log,-1.0762031963673089,-0.04517638102809851,-0.06306759839160601,-0.027285163664591012
Germany,nwspol_log,-1.0482965298799498,-0.04373028604499944,-0.061621503408506945,-0.025839068681491942
Germany,nwspol_log,-1.020389863392591,-0.04228419106190038,-0.060175408425407875,-0.02439297369839288
Germany,nwspol_log,-0.9924831969052321,-0.040838096078801324,-0.05872931344230882,-0.022946878715293825
Germany,nwspol_log,-0.9645765304178731,-0.039392001095702255,-0.05728321845920975,-0.021500783732194755
Germany,nwspol_log,-0.936669863930514,-0.03794590611260318,-0.05583712347611068,-0.02005468874909568
Germany,nwspol_log,-0.9087631974431551,-0.03649981112950412,-0.054391028493011626,-0.018608593765996623
Germany,nwspol_log,-0.8808565309557963,-0.03505371614640506,-0.052944933509912556,-0.01716249878289756
Germany,nwspol_log,-0.8529498644684375,-0.033607621163306005,-0.0514988385268135,-0.015716403799798506
Germany,nwspol_log,-0.8250431979810782,-0.03216152618020692,-0.05005274354371442,-0.014270308816699422
Germany,nwspol_log,-0.7971365314937193,-0.03071543119710786,-0.04860664856061536,-0.01282421383360036
Germany,nwspol_log,-0.7692298650063605,-0.029269336214008804,-0.047160553577516307,-0.011378118850501304
Germany,nwspol_log,-0.7413231985190012,-0.02782324123090972,-0.04571445859441722,-0.009932023867402221
Germany,nwspol_log,-0.7134165320316423,-0.026377146247810665,-0.04426836361131817,-0.008485928884303166
Germany,nwspol_log,-0.6855098655442835,-0.024931051264711603,-0.0428222686282191,-0.007039833901204103
Germany,nwspol_log,-0.6576031990569247,-0.02348495628161254,-0.04137617364512004,-0.005593738918105041
Germany,nwspol_log,-0.6296965325695658,-0.022038861298513485,-0.03993007866202099,-0.004147643935005985
Germany,nwspol_log,-0.6017898660822065,-0.0205927663154144,-0.038483983678921904,-0.002701548951906902
Germany,nwspol_log,-0.5738831995948477,-0.019146671332315346,-0.03703788869582285,-0.0012554539688078466
Germany,nwspol_log,-0.5459765331074888,-0.017700576349216283,-0.03559179371272378,0.00019064101429121585
Germany,nwspol_log,-0.5180698666201295,-0.0162544813661172,-0.034145698729624696,0.001636735997390299
Germany,nwspol_log,-0.4901632001327707,-0.014808386383018143,-0.03269960374652564,0.0030828309804893563
Germany,nwspol_log,-0.46225653364541186,-0.013362291399919084,-0.031253508763426585,0.004528925963588415
Germany,nwspol_log,-0.434349867158053,-0.011916196416820025,-0.029807413780327523,0.005975020946687474
Germany,nwspol_log,-0.40644320067069417,-0.010470101433720966,-0.028361318797228467,0.007421115929786533
Germany,nwspol_log,-0.3785365341833349,-0.009024006450621883,-0.026915223814129384,0.008867210912885616
Germany,nwspol_log,-0.35062986769597604,-0.007577911467522824,-0.02546912883103032,0.010313305895984675
Germany,nwspol_log,-0.3227232012086172,-0.006131816484423765,-0.024023033847931266,0.011759400879083734
Germany,nwspol_log,-0.2948165347212579,-0.0046857215013246835,-0.022576938864832183,0.013205495862182816
Germany,nwspol_log,-0.26690986823389906,-0.0032396265182256245,-0.021130843881733124,0.014651590845281875
Germany,nwspol_log,-0.23900320174654022,-0.0017935315351265656,-0.019684748898634065,0.016097685828380934
Germany,nwspol_log,-0.21109653525918137,-0.0003474365520275066,-0.018238653915535006,0.017543780811479993
Germany,nwspol_log,-0.18318986877182253,0.0010986584310715523,-0.016792558932435947,0.01898987579457905
Germany,nwspol_log,-0.15528320228446324,0.002544753414170634,-0.015346463949336865,0.020435970777678135
Germany,nwspol_log,-0.1273765357971044,0.003990848397269694,-0.013900368966237805,0.021882065760777194
Germany,nwspol_log,-0.09946986930974555,0.005436943380368753,-0.012454273983138746,0.023328160743876253
Germany,nwspol_log,-0.07156320282238626,0.006883038363467835,-0.011008179000039664,0.024774255726975336
Germany,nwspol_log,-0.04365653633502742,0.008329133346566894,-0.009562084016940605,0.02622035071007439
Germany,nwspol_log,-0.015749869847668574,0.009775228329665953,-0.008115989033841546,0.027666445693173454
Germany,nwspol_log,0.01215679663969027,0.011221323312765012,-0.0066698940507424875,0.02911254067627251
Germany,nwspol_log,0.040063463127049115,0.012667418295864073,-0.005223799067643427,0.030558635659371572
Germany,nwspol_log,0.0679701296144084,0.014113513278963154,-0.0037777040845443453,0.032004730642470655
Germany,nwspol_log,0.09587679610176725,0.015559608262062213,-0.0023316091014452863,0.03345082562556971
Germany,nwspol_log,0.12378346258912609,0.01700570324516127,-0.0008855141183462291,0.034896920608668766
Germany,nwspol_log,0.15169012907648538,0.018451798228260353,0.0005605808647528542,0.03634301559176785
Germany,nwspol_log,0.17959679556384422,0.019897893211359416,0.0020066758478519166,0.03778911057486692
Germany,nwspol_log,0.20750346205120307,0.02134398819445847,0.003452770830950972,0.039235205557965974
Germany,nwspol_log,0.2354101285385619,0.022790083177557534,0.0048988658140500345,0.04068130054106503
Germany,nwspol_log,0.26331679502592076,0.02423617816065659,0.00634496079714909,0.042127395524164085
Germany,nwspol_log,0.29122346151328005,0.025682273143755673,0.007791055780248173,0.04357349050726317
Germany,nwspol_log,0.3191301280006389,0.027128368126854735,0.009237150763347236,0.04501958549036224
Germany,nwspol_log,0.34703679448799774,0.02857446310995379,0.010683245746446291,0.04646568047346129
Germany,nwspol_log,0.374943460975357,0.030020558093052874,0.012129340729545374,0.047911775456560377
Germany,nwspol_log,0.40285012746271587,0.031466653076151936,0.013575435712644437,0.04935787043965943
Germany,nwspol_log,0.4307567939500747,0.03291274805925099,0.015021530695743492,0.05080396542275849
Germany,nwspol_log,0.45866346043743356,0.034358843042350054,0.016467625678842555,0.05225006040585756
Germany,nwspol_log,0.4865701269247924,0.03580493802544911,0.01791372066194161,0.05369615538895661
Germany,nwspol_log,0.5144767934121517,0.03725103300854819,0.019359815645040693,0.055142250372055696
Germany,nwspol_log,0.5423834598995105,0.03869712799164725,0.02080591062813975,0.05658834535515475
Germany,nwspol_log,0.5702901263868694,0.04014322297474631,0.02225200561123881,0.05803444033825381
Germany,nwspol_log,0.5981967928742287,0.041589317957845394,0.023698100594337895,0.05948053532135289
Germany,nwspol_log,0.6261034593615875,0.043035412940944456,0.025144195577436957,0.06092663030445196
Germany,nwspol_log,0.6540101258489464,0.04448150792404351,0.026590290560536013,0.062372725287551015
Germany,nwspol_log,0.6819167923363052,0.045927602907142574,0.028036385543635075,0.06381882027065007
Germany,nwspol_log,0.709823458823664,0.04737369789024163,0.02948248052673413,0.06526491525374913
Germany,nwspol_log,0.7377301253110233,0.04881979287334071,0.030928575509833214,0.06671101023684821
Germany,nwspol_log,0.7656367917983822,0.050265887856439775,0.03237467049293227,0.06815710521994728
Germany,nwspol_log,0.793543458285741,0.05171198283953883,0.03382076547603133,0.06960320020304633
Germany,nwspol_log,0.8214501247731003,0.053158077822637914,0.03526686045913041,0.07104929518614542
Germany,nwspol_log,0.8493567912604592,0.05460417280573697,0.03671295544222947,0.07249539016924447
Germany,nwspol_log,0.877263457747818,0.05605026778883603,0.038159050425328536,0.07394148515234353
Germany,nwspol_log,0.9051701242351768,0.057496362771935094,0.03960514540842759,0.0753875801354426
Germany,nwspol_log,0.9330767907225357,0.05894245775503415,0.04105124039152665,0.07683367511854165
Germany,nwspol_log,0.960983457209895,0.06038855273813323,0.04249733537462573,0.07827977010164074
Germany,nwspol_log,0.9888901236972538,0.06183464772123229,0.043943430357724786,0.07972586508473979
Germany,nwspol_log,1.0167967901846127,0.06328074270433134,0.04538952534082384,0.08117196006783885
Germany,nwspol_log,1.044703456671972,0.06472683768743043,0.046835620323922925,0.08261805505093793
Germany,nwspol_log,1.0726101231593308,0.06617293267052948,0.04828171530702198,0.08406415003403699
Germany,nwspol_log,1.1005167896466896,0.06761902765362855,0.04972781029012105,0.08551024501713606
Germany,nwspol_log,1.128423456134049,0.06906512263672764,0.05117390527322013,0.08695634000023514
Germany,nwspol_log,1.1563301226214073,0.07051121761982666,0.05262000025631916,0.08840243498333417
Germany,nwspol_log,1.1842367891087666,0.07195731260292575,0.054066095239418244,0.08984852996643325
Germany,nwspol_log,1.212143455596125,0.07340340758602479,0.055512190222517285,0.09129462494953229
Germany,nwspol_log,1.240050122083484,0.07484950256912386,0.056958285205616355,0.09274071993263136
Hungary,netustm_log,-2.017651430380346,-0.47848217301639157,-0.5041639419299497,-0.45280040410283334
Hungary,netustm_log,-1.9934521454636227,-0.47872123254469223,-0.5044030014582505,-0.453039463631134
Hungary,netustm_log,-1.9692528605468995,-0.47896029207299295,-0.5046420609865512,-0.45327852315943473
Hungary,netustm_log,-1.9450535756301763,-0.4791993516012937,-0.5048811205148519,-0.45351758268773545
Hungary,netustm_log,-1.920854290713453,-0.4794384111295944,-0.5051201800431526,-0.4537566422160362
Hungary,netustm_log,-1.8966550057967297,-0.47967747065789507,-0.5053592395714532,-0.45399570174433684
Hungary,netustm_log,-1.8724557208800066,-0.4799165301861958,-0.505598299099754,-0.45423476127263757
Hungary,netustm_log,-1.8482564359632834,-0.4801555897144965,-0.5058373586280547,-0.4544738208009383
Hungary,netustm_log,-1.8240571510465602,-0.4803946492427972,-0.5060764181563554,-0.45471288032923896
Hungary,netustm_log,-1.799857866129837,-0.4806337087710979,-0.5063154776846561,-0.4549519398575397
Hungary,netustm_log,-1.7756585812131138,-0.4808727682993986,-0.5065545372129568,-0.4551909993858404
Hungary,netustm_log,-1.7514592962963906,-0.48111182782769935,-0.5067935967412576,-0.4554300589141411
Hungary,netustm_log,-1.7272600113796672,-0.481350887356,-0.5070326562695582,-0.4556691184424418
Hungary,netustm_log,-1.703060726462944,-0.48158994688430073,-0.5072717157978589,-0.4559081779707425
Hungary,netustm_log,-1.6788614415462209,-0.48182900641260146,-0.5075107753261596,-0.45614723749904323
Hungary,netustm_log,-1.6546621566294977,-0.4820680659409022,-0.5077498348544603,-0.45638629702734396
Hungary,netustm_log,-1.6304628717127745,-0.48230712546920285,-0.5079888943827611,-0.4566253565556446
Hungary,netustm_log,-1.606263586796051,-0.48254618499750357,-0.5082279539110618,-0.45686441608394535
Hungary,netustm_log,-1.5820643018793281,-0.4827852445258043,-0.5084670134393625,-0.45710347561224607
Hungary,netustm_log,-1.5578650169626047,-0.48302430405410496,-0.5087060729676631,-0.45734253514054674
Hungary,netustm_log,-1.5336657320458815,-0.4832633635824057,-0.5089451324959638,-0.45758159466884746
Hungary,netustm_log,-1.5094664471291583,-0.4835024231107064,-0.5091841920242646,-0.4578206541971482
Hungary,netustm_log,-1.4852671622124352,-0.4837414826390071,-0.5094232515525653,-0.4580597137254489
Hungary,netustm_log,-1.461067877295712,-0.4839805421673078,-0.509662311080866,-0.45829877325374957
Hungary,netustm_log,-1.4368685923789886,-0.4842196016956085,-0.5099013706091667,-0.4585378327820503
Hungary,netustm_log,-1.4126693074622656,-0.48445866122390924,-0.5101404301374675,-0.458776892310351
Hungary,netustm_log,-1.3884700225455422,-0.48469772075220996,-0.5103794896657682,-0.45901595183865174
Hungary,netustm_log,-1.364270737628819,-0.4849367802805106,-0.5106185491940688,-0.4592550113669524
Hungary,netustm_log,-1.3400714527120958,-0.48517583980881135,-0.5108576087223695,-0.4594940708952531
Hungary,netustm_log,-1.3158721677953726,-0.48541489933711207,-0.5110966682506702,-0.45973313042355385
Hungary,netustm_log,-1.2916728828786495,-0.48565395886541274,-0.511335727778971,-0.4599721899518545
Hungary,netustm_log,-1.267473597961926,-0.48589301839371346,-0.5115747873072717,-0.46021124948015524
Hungary,netustm_log,-1.243274313045203,-0.4861320779220142,-0.5118138468355724,-0.46045030900845596
Hungary,netustm_log,-1.2190750281284797,-0.4863711374503149,-0.5120529063638731,-0.4606893685367567
Hungary,netustm_log,-1.1948757432117565,-0.4866101969786156,-0.5122919658921737,-0.46092842806505735
Hungary,netustm_log,-1.1706764582950333,-0.4868492565069163,-0.5125310254204745,-0.46116748759335807
Hungary,netustm_log,-1.1464771733783101,-0.487088316035217,-0.5127700849487752,-0.4614065471216588
Hungary,netustm_log,-1.122277888461587,-0.48732737556351774,-0.5130091444770759,-0.4616456066499595
Hungary,netustm_log,-1.0980786035448635,-0.4875664350918184,-0.5132482040053766,-0.4618846661782602
Hungary,netustm_log,-1.0738793186281406,-0.48780549462011913,-0.5134872635336774,-0.4621237257065609
Hungary,netustm_log,-1.0496800337114172,-0.48804455414841985,-0.5137263230619781,-0.46236278523486163
Hungary,netustm_log,-1.025480748794694,-0.4882836136767205,-0.5139653825902787,-0.4626018447631623
Hungary,netustm_log,-1.0012814638779708,-0.48852267320502124,-0.5142044421185794,-0.462840904291463
Hungary,netustm_log,-0.9770821789612476,-0.48876173273332196,-0.5144435016468801,-0.46307996381976374
Hungary,netustm_log,-0.9528828940445244,-0.4890007922616227,-0.5146825611751809,-0.46331902334806446
Hungary,netustm_log,-0.9286836091278012,-0.48923985178992335,-0.5149216207034816,-0.46355808287636513
Hungary,netustm_log,-0.904484324211078,-0.4894789113182241,-0.5151606802317823,-0.46379714240466585
Hungary,netustm_log,-0.8802850392943546,-0.4897179708465248,-0.515399739760083,-0.4640362019329666
Hungary,netustm_log,-0.8560857543776315,-0.4899570303748255,-0.5156387992883837,-0.4642752614612673
Hungary,netustm_log,-0.8318864694609083,-0.4901960899031262,-0.5158778588166844,-0.46451432098956796
Hungary,netustm_log,-0.8076871845441851,-0.4904351494314269,-0.5161169183449851,-0.4647533805178687
Hungary,netustm_log,-0.7834878996274619,-0.49067420895972763,-0.5163559778732858,-0.4649924400461694
Hungary,netustm_log,-0.7592886147107387,-0.4909132684880283,-0.5165950374015865,-0.4652314995744701
Hungary,netustm_log,-0.7350893297940155,-0.491152328016329,-0.5168340969298872,-0.4654705591027708
Hungary,netustm_log,-0.7108900448772921,-0.49139138754462974,-0.517073156458188,-0.4657096186310715
Hungary,netustm_log,-0.6866907599605689,-0.49163044707293047,-0.5173122159864887,-0.46594867815937224
Hungary,netustm_log,-0.6624914750438458,-0.49186950660123113,-0.5175512755147893,-0.4661877376876729
Hungary,netustm_log,-0.6382921901271226,-0.49210856612953185,-0.51779033504309,-0.46642679721597363
Hungary,netustm_log,-0.6140929052103994,-0.4923476256578326,-0.5180293945713907,-0.46666585674427435
Hungary,netustm_log,-0.5898936202936762,-0.4925866851861333,-0.5182684540996915,-0.4669049162725751
Hungary,netustm_log,-0.565694335376953,-0.49282574471443397,-0.5185075136279922,-0.46714397580087574
Hungary,netustm_log,-0.5414950504602296,-0.4930648042427347,-0.5187465731562929,-0.46738303532917647
Hungary,netustm_log,-0.5172957655435064,-0.4933038637710354,-0.5189856326845936,-0.4676220948574772
Hungary,netustm_log,-0.49309648062678324,-0.49354292329933613,-0.5192246922128944,-0.4678611543857779
Hungary,netustm_log,-0.46889719571006006,-0.4937819828276368,-0.519463751741195,-0.4681002139140786
Hungary,netustm_log,-0.44469791079333687,-0.4940210423559375,-0.5197028112694957,-0.4683392734423793
Hungary,netustm_log,-0.4204986258766137,-0.49426010188423825,-0.5199418707977964,-0.46857833297068
Hungary,netustm_log,-0.3962993409598905,-0.4944991614125389,-0.5201809303260971,-0.4688173924989807
Hungary,netustm_log,-0.3721000560431671,-0.49473822094083963,-0.5204199898543979,-0.4690564520272814
Hungary,netustm_log,-0.3479007711264439,-0.49497728046914036,-0.5206590493826986,-0.46929551155558213
Hungary,netustm_log,-0.3237014862097207,-0.4952163399974411,-0.5208981089109993,-0.46953457108388286
Hungary,netustm_log,-0.29950220129299754,-0.49545539952574175,-0.5211371684392999,-0.4697736306121835
Hungary,netustm_log,-0.27530291637627435,-0.49569445905404247,-0.5213762279676006,-0.47001269014048425
Hungary,netustm_log,-0.25110363145955117,-0.4959335185823432,-0.5216152874959014,-0.47025174966878497
Hungary,netustm_log,-0.22690434654282798,-0.49617257811064386,-0.5218543470242021,-0.47049080919708564
Hungary,netustm_log,-0.20270506162610458,-0.4964116376389446,-0.5220934065525028,-0.47072986872538636
Hungary,netustm_log,-0.1785057767093814,-0.4966506971672453,-0.5223324660808035,-0.4709689282536871
Hungary,netustm_log,-0.1543064917926582,-0.496889756695546,-0.5225715256091042,-0.4712079877819878
Hungary,netustm_log,-0.13010720687593502,-0.4971288162238467,-0.5228105851374049,-0.47144704731028847
Hungary,netustm_log,-0.10590792195921184,-0.4973678757521474,-0.5230496446657056,-0.4716861068385892
Hungary,netustm_log,-0.08170863704248865,-0.49760693528044814,-0.5232887041940063,-0.4719251663668899
Hungary,netustm_log,-0.05750935212576547,-0.49784599480874886,-0.523527763722307,-0.47216422589519064
Hungary,netustm_log,-0.03331006720904206,-0.4980850543370495,-0.5237668232506077,-0.4724032854234913
Hungary,netustm_log,-0.009110782292319097,-0.49832411386535025,-0.5240058827789085,-0.472642344951792
Hungary,netustm_log,0.01508850262440431,-0.49856317339365097,-0.5242449423072092,-0.47288140448009275
Hungary,netustm_log,0.03928778754112727,-0.49880223292195164,-0.5244840018355098,-0.4731204640083934
Hungary,netustm_log,0.06348707245785068,-0.49904129245025236,-0.5247230613638105,-0.47335952353669414
Hungary,netustm_log,0.08768635737457409,-0.4992803519785531,-0.5249621208921113,-0.47359858306499486
Hungary,netustm_log,0.11188564229129705,-0.4995194115068538,-0.525201180420412,-0.4738376425932956
Hungary,netustm_log,0.13608492720802046,-0.4997584710351545,-0.5254402399487127,-0.47407670212159625
Hungary,netustm_log,0.16028421212474342,-0.4999975305634552,-0.5256792994770134,-0.47431576164989697
Hungary,netustm_log,0.18448349704146683,-0.5002365900917559,-0.5259183590053141,-0.4745548211781977
Hungary,netustm_log,0.2086827819581898,-0.5004756496200566,-0.5261574185336149,-0.4747938807064984
Hungary,netustm_log,0.2328820668749132,-0.5007147091483574,-0.5263964780619156,-0.47503294023479914
Hungary,netustm_log,0.2570813517916366,-0.5009537686766581,-0.5266355375902163,-0.47527199976309986
Hungary,netustm_log,0.28128063670835957,-0.5011928282049587,-0.5268745971185169,-0.4755110592914005
Hungary,netustm_log,0.305479921625083,-0.5014318877332594,-0.5271136566468176,-0.4757501188197012
Hungary,netustm_log,0.32967920654180594,-0.5016709472615601,-0.5273527161751184,-0.4759891783480019
Hungary,netustm_log,0.35387849145852934,-0.5019100067898609,-0.5275917757034191,-0.47622823787630264
Hungary,netustm_log,0.3780777763752523,-0.5021490663181616,-0.5278308352317198,-0.47646729740460336
Hungary,netustm_log,0.4022770612919757,-0.5023881258464623,-0.5280698947600205,-0.4767063569329041
Hungary,netustm_log,0.4264763462086991,-0.502627185374763,-0.5283089542883213,-0.4769454164612048
Hungary,netustm_log,0.4506756311254221,-0.5028662449030636,-0.5285480138166219,-0.4771844759895054
Hungary,netustm_log,0.4748749160421455,-0.5031053044313644,-0.5287870733449226,-0.47742353551780614
Hungary,netustm_log,0.49907420095886845,-0.5033443639596651,-0.5290261328732233,-0.47766259504610686
Hungary,netustm_log,0.5232734858755919,-0.5035834234879658,-0.529265192401524,-0.4779016545744076
Hungary,netustm_log,0.5474727707923148,-0.5038224830162665,-0.5295042519298248,-0.4781407141027083
Hungary,netustm_log,0.5716720557090382,-0.5040615425445673,-0.5297433114581255,-0.47837977363100903
Hungary,netustm_log,0.5958713406257616,-0.504300602072868,-0.5299823709864262,-0.47861883315930975
Hungary,netustm_log,0.6200706255424846,-0.5045396616011686,-0.5302214305147268,-0.47885789268761036
Hungary,netustm_log,0.644269910459208,-0.5047787211294693,-0.5304604900430275,-0.4790969522159111
Hungary,netustm_log,0.668469195375931,-0.50501778065777,-0.5306995495713283,-0.4793360117442118
Hungary,netustm_log,0.6926684802926544,-0.5052568401860708,-0.530938609099629,-0.47957507127251253
Hungary,netustm_log,0.7168677652093773,-0.5054958997143715,-0.5311776686279297,-0.47981413080081325
Hungary,netustm_log,0.7410670501261007,-0.5057349592426722,-0.5314167281562304,-0.480053190329114
Hungary,netustm_log,0.7652663350428242,-0.5059740187709729,-0.5316557876845311,-0.4802922498574147
Hungary,netustm_log,0.7894656199595471,-0.5062130782992736,-0.5318948472128319,-0.4805313093857154
Hungary,netustm_log,0.8136649048762705,-0.5064521378275743,-0.5321339067411325,-0.48077036891401603
Hungary,netustm_log,0.8378641897929935,-0.506691197355875,-0.5323729662694332,-0.48100942844231676
Hungary,netustm_log,0.8620634747097169,-0.5069302568841757,-0.5326120257977339,-0.4812484879706175
Hungary,netustm_log,0.8862627596264399,-0.5071693164124764,-0.5328510853260346,-0.4814875474989182
Hungary,netustm_log,0.9104620445431633,-0.5074083759407771,-0.5330901448543354,-0.4817266070272189
Hungary,netustm_log,0.9346613294598867,-0.5076474354690779,-0.5333292043826361,-0.48196566655551965
Hungary,netustm_log,0.9588606143766096,-0.5078864949973786,-0.5335682639109368,-0.48220472608382037
Hungary,netustm_log,0.983059899293333,-0.5081255545256792,-0.5338073234392374,-0.482443785612121
Hungary,netustm_log,1.007259184210056,-0.5083646140539799,-0.5340463829675381,-0.4826828451404217
Hungary,netustm_log,1.0314584691267794,-0.5086036735822806,-0.5342854424958389,-0.4829219046687224
Hungary,netustm_log,1.0556577540435024,-0.5088427331105814,-0.5345245020241396,-0.48316096419702315
Hungary,netustm_log,1.0798570389602258,-0.5090817926388821,-0.5347635615524403,-0.48340002372532387
Hungary,netustm_log,1.1040563238769492,-0.5093208521671828,-0.535002621080741,-0.4836390832536246
Hungary,netustm_log,1.1282556087936721,-0.5095599116954835,-0.5352416806090418,-0.4838781427819253
Hungary,netustm_log,1.1524548937103956,-0.5097989712237843,-0.5354807401373425,-0.48411720231022604
Hungary,netustm_log,1.1766541786271185,-0.5100380307520849,-0.5357197996656431,-0.48435626183852665
Hungary,netustm_log,1.200853463543842,-0.5102770902803856,-0.5359588591939438,-0.48459532136682737
Hungary,netustm_log,1.2250527484605649,-0.5105161498086863,-0.5361979187222445,-0.4848343808951281
Hungary,netustm_log,1.2492520333772883,-0.510755209336987,-0.5364369782505453,-0.4850734404234288
Hungary,netustm_log,1.2734513182940117,-0.5109942688652878,-0.536676037778846,-0.48531249995172954
Hungary,netustm_log,1.2976506032107347,-0.5112333283935885,-0.5369150973071467,-0.48555155948003026
Hungary,netustm_log,1.321849888127458,-0.5114723879218892,-0.5371541568354474,-0.485790619008331
Hungary,netustm_log,1.346049173044181,-0.5117114474501898,-0.537393216363748,-0.4860296785366316
Hungary,netustm_log,1.3702484579609044,-0.5119505069784905,-0.5376322758920488,-0.4862687380649323
Hungary,netustm_log,1.3944477428776274,-0.5121895665067913,-0.5378713354203495,-0.48650779759323304
Hungary,netustm_log,1.4186470277943508,-0.512428626035092,-0.5381103949486502,-0.48674685712153376
Hungary,netustm_log,1.4428463127110742,-0.5126676855633927,-0.5383494544769509,-0.4869859166498345
Hungary,netustm_log,1.4670455976277972,-0.5129067450916934,-0.5385885140052517,-0.4872249761781352
Hungary,netustm_log,1.4912448825445206,-0.5131458046199942,-0.5388275735335524,-0.4874640357064359
Hungary,netustm_log,1.5154441674612436,-0.5133848641482948,-0.539066633061853,-0.48770309523473654
Hungary,netustm_log,1.539643452377967,-0.5136239236765955,-0.5393056925901537,-0.48794215476303726
Hungary,netustm_log,1.56384273729469,-0.5138629832048962,-0.5395447521184544,-0.488181214291338
Hungary,netustm_log,1.588042022211413,-0.5141020427331969,-0.5397838116467552,-0.4884202738196387
Hungary,nwspol_log,-2.918043184533,-0.43799098174002604,-0.453555605034095,-0.4224263584459571
Hungary,nwspol_log,-2.890136518045641,-0.4386644410026706,-0.45422906429673954,-0.42309981770860167
Hungary,nwspol_log,-2.862229851558282,-0.4393379002653152,-0.45490252355938415,-0.4237732769712463
Hungary,nwspol_log,-2.834323185070923,-0.4400113595279598,-0.4555759828220287,-0.42444673623389084
Hungary,nwspol_log,-2.806416518583564,-0.4406848187906044,-0.45624944208467333,-0.42512019549653546
Hungary,nwspol_log,-2.7785098520962053,-0.44135827805324895,-0.4569229013473179,-0.42579365475918
Hungary,nwspol_log,-2.7506031856088464,-0.4420317373158935,-0.45759636060996245,-0.4264671140218246
Hungary,nwspol_log,-2.722696519121487,-0.44270519657853813,-0.45826981987260706,-0.4271405732844692
Hungary,nwspol_log,-2.6947898526341283,-0.44337865584118274,-0.4589432791352517,-0.4278140325471138
Hungary,nwspol_log,-2.6668831861467694,-0.4440521151038273,-0.45961673839789624,-0.42848749180975837
Hungary,nwspol_log,-2.63897651965941,-0.44472557436647187,-0.4602901976605408,-0.42916095107240293
Hungary,nwspol_log,-2.6110698531720513,-0.4453990336291165,-0.4609636569231854,-0.42983441033504755
Hungary,nwspol_log,-2.5831631866846925,-0.4460724928917611,-0.46163711618583003,-0.43050786959769216
Hungary,nwspol_log,-2.5552565201973336,-0.44674595215440566,-0.4623105754484746,-0.4311813288603367
Hungary,nwspol_log,-2.527349853709975,-0.4474194114170502,-0.46298403471111915,-0.4318547881229813
Hungary,nwspol_log,-2.4994431872226155,-0.44809287067969483,-0.46365749397376377,-0.4325282473856259
Hungary,nwspol_log,-2.4715365207352566,-0.4487663299423394,-0.46433095323640833,-0.43320170664827046
Hungary,nwspol_log,-2.443629854247898,-0.449439789204984,-0.46500441249905294,-0.4338751659109151
Hungary,nwspol_log,-2.4157231877605385,-0.45011324846762857,-0.4656778717616975,-0.43454862517355963
Hungary,nwspol_log,-2.3878165212731797,-0.4507867077302732,-0.4663513310243421,-0.43522208443620425
Hungary,nwspol_log,-2.359909854785821,-0.45146016699291774,-0.4670247902869867,-0.4358955436988488
Hungary,nwspol_log,-2.332003188298462,-0.45213362625556236,-0.4676982495496313,-0.4365690029614934
Hungary,nwspol_log,-2.304096521811103,-0.4528070855182069,-0.46837170881227586,-0.437242462224138
Hungary,nwspol_log,-2.276189855323744,-0.45348054478085154,-0.46904516807492047,-0.4379159214867826
Hungary,nwspol_log,-2.248283188836385,-0.4541540040434961,-0.46971862733756503,-0.43858938074942716
Hungary,nwspol_log,-2.220376522349026,-0.45482746330614066,-0.4703920866002096,-0.4392628400120717
Hungary,nwspol_log,-2.192469855861667,-0.45550092256878527,-0.4710655458628542,-0.43993629927471634
Hungary,nwspol_log,-2.164563189374308,-0.4561743818314299,-0.4717390051254988,-0.44060975853736095
Hungary,nwspol_log,-2.136656522886949,-0.45684784109407445,-0.4724124643881434,-0.4412832178000055
Hungary,nwspol_log,-2.1087498563995903,-0.457521300356719,-0.47308592365078794,-0.44195667706265007
Hungary,nwspol_log,-2.0808431899122315,-0.4581947596193636,-0.47375938291343256,-0.4426301363252947
Hungary,nwspol_log,-2.052936523424872,-0.4588682188820082,-0.4744328421760771,-0.44330359558793925
Hungary,nwspol_log,-2.0250298569375134,-0.4595416781446528,-0.47510630143872173,-0.44397705485058386
Hungary,nwspol_log,-1.9971231904501545,-0.46021513740729736,-0.4757797607013663,-0.4446505141132284
Hungary,nwspol_log,-1.9692165239627955,-0.460888596669942,-0.4764532199640109,-0.44532397337587304
Hungary,nwspol_log,-1.9413098574754364,-0.46156205593258653,-0.47712667922665547,-0.4459974326385176
Hungary,nwspol_log,-1.9134031909880775,-0.46223551519523115,-0.4778001384893001,-0.4466708919011622
Hungary,nwspol_log,-1.8854965245007187,-0.4629089744578757,-0.47847359775194465,-0.4473443511638068
Hungary,nwspol_log,-1.8575898580133596,-0.4635824337205203,-0.47914705701458926,-0.4480178104264514
Hungary,nwspol_log,-1.8296831915260006,-0.4642558929831649,-0.4798205162772338,-0.44869126968909595
Hungary,nwspol_log,-1.8017765250386417,-0.46492935224580945,-0.4804939755398784,-0.4493647289517405
Hungary,nwspol_log,-1.7738698585512829,-0.46560281150845406,-0.481167434802523,-0.4500381882143851
Hungary,nwspol_log,-1.7459631920639238,-0.4662762707710987,-0.4818408940651676,-0.45071164747702974
Hungary,nwspol_log,-1.7180565255765647,-0.46694973003374324,-0.4825143533278122,-0.4513851067396743
Hungary,nwspol_log,-1.690149859089206,-0.4676231892963878,-0.48318781259045673,-0.45205856600231886
Hungary,nwspol_log,-1.662243192601847,-0.4682966485590324,-0.48386127185310135,-0.4527320252649635
Hungary,nwspol_log,-1.634336526114488,-0.468970107821677,-0.4845347311157459,-0.45340548452760804
Hungary,nwspol_log,-1.606429859627129,-0.4696435670843216,-0.4852081903783905,-0.45407894379025265
Hungary,nwspol_log,-1.57852319313977,-0.47031702634696615,-0.4858816496410351,-0.4547524030528972
Hungary,nwspol_log,-1.5506165266524112,-0.47099048560961077,-0.4865551089036797,-0.45542586231554183
Hungary,nwspol_log,-1.5227098601650522,-0.4716639448722553,-0.48722856816632426,-0.4560993215781864
Hungary,nwspol_log,-1.494803193677693,-0.47233740413489994,-0.4879020274289689,-0.456772780840831
Hungary,nwspol_log,-1.4668965271903343,-0.4730108633975445,-0.48857548669161344,-0.45744624010347557
Hungary,nwspol_log,-1.4389898607029754,-0.4736843226601891,-0.48924894595425805,-0.4581196993661202
Hungary,nwspol_log,-1.4110831942156163,-0.4743577819228337,-0.4899224052169026,-0.45879315862876474
Hungary,nwspol_log,-1.3831765277282573,-0.4750312411854783,-0.49059586447954723,-0.45946661789140936
Hungary,nwspol_log,-1.3552698612408984,-0.47570470044812285,-0.4912693237421918,-0.4601400771540539
Hungary,nwspol_log,-1.3273631947535396,-0.47637815971076747,-0.4919427830048364,-0.46081353641669853
Hungary,nwspol_log,-1.2994565282661805,-0.47705161897341203,-0.49261624226748096,-0.4614869956793431
Hungary,nwspol_log,-1.2715498617788215,-0.4777250782360566,-0.4932897015301255,-0.46216045494198765
Hungary,nwspol_log,-1.2436431952914626,-0.4783985374987012,-0.49396316079277014,-0.46283391420463227
Hungary,nwspol_log,-1.2157365288041038,-0.47907199676134576,-0.4946366200554147,-0.46350737346727683
Hungary,nwspol_log,-1.1878298623167447,-0.4797454560239904,-0.4953100793180593,-0.46418083272992144
Hungary,nwspol_log,-1.1599231958293856,-0.48041891528663494,-0.4959835385807039,-0.464854291992566
Hungary,nwspol_log,-1.1320165293420268,-0.48109237454927956,-0.4966569978433485,-0.4655277512552106
Hungary,nwspol_log,-1.104109862854668,-0.4817658338119241,-0.49733045710599305,-0.4662012105178552
Hungary,nwspol_log,-1.0762031963673089,-0.48243929307456873,-0.49800391636863767,-0.4668746697804998
Hungary,nwspol_log,-1.0482965298799498,-0.4831127523372133,-0.4986773756312822,-0.46754812904314436
Hungary,nwspol_log,-1.020389863392591,-0.4837862115998579,-0.49935083489392684,-0.46822158830578897
Hungary,nwspol_log,-0.9924831969052321,-0.48445967086250247,-0.5000242941565713,-0.46889504756843353
Hungary,nwspol_log,-0.9645765304178731,-0.4851331301251471,-0.500697753419216,-0.46956850683107815
Hungary,nwspol_log,-0.936669863930514,-0.48580658938779164,-0.5013712126818606,-0.4702419660937227
Hungary,nwspol_log,-0.9087631974431551,-0.48648004865043626,-0.5020446719445052,-0.4709154253563673
Hungary,nwspol_log,-0.8808565309557963,-0.4871535079130808,-0.5027181312071497,-0.4715888846190119
Hungary,nwspol_log,-0.8529498644684375,-0.4878269671757254,-0.5033915904697943,-0.47226234388165644
Hungary,nwspol_log,-0.8250431979810782,-0.48850042643837,-0.5040650497324389,-0.47293580314430106
Hungary,nwspol_log,-0.7971365314937193,-0.48917388570101455,-0.5047385089950834,-0.4736092624069456
Hungary,nwspol_log,-0.7692298650063605,-0.48984734496365917,-0.505411968257728,-0.47428272166959023
Hungary,nwspol_log,-0.7413231985190012,-0.49052080422630373,-0.5060854275203727,-0.4749561809322348
Hungary,nwspol_log,-0.7134165320316423,-0.49119426348894835,-0.5067588867830173,-0.4756296401948794
Hungary,nwspol_log,-0.6855098655442835,-0.4918677227515929,-0.5074323460456618,-0.47630309945752397
Hungary,nwspol_log,-0.6576031990569247,-0.4925411820142375,-0.5081058053083064,-0.4769765587201686
Hungary,nwspol_log,-0.6296965325695658,-0.4932146412768821,-0.508779264570951,-0.47765001798281315
Hungary,nwspol_log,-0.6017898660822065,-0.4938881005395267,-0.5094527238335956,-0.47832347724545776
Hungary,nwspol_log,-0.5738831995948477,-0.49456155980217126,-0.5101261830962401,-0.4789969365081023
Hungary,nwspol_log,-0.5459765331074888,-0.4952350190648159,-0.5107996423588848,-0.47967039577074694
Hungary,nwspol_log,-0.5180698666201295,-0.49590847832746043,-0.5114731016215294,-0.4803438550333915
Hungary,nwspol_log,-0.4901632001327707,-0.49658193759010505,-0.512146560884174,-0.4810173142960361
Hungary,nwspol_log,-0.46225653364541186,-0.4972553968527496,-0.5128200201468185,-0.4816907735586807
Hungary,nwspol_log,-0.434349867158053,-0.49792885611539417,-0.5134934794094631,-0.48236423282132523
Hungary,nwspol_log,-0.40644320067069417,-0.4986023153780388,-0.5141669386721077,-0.48303769208396985
Hungary,nwspol_log,-0.3785365341833349,-0.49927577464068335,-0.5148403979347522,-0.4837111513466144
Hungary,nwspol_log,-0.35062986769597604,-0.49994923390332796,-0.5155138571973968,-0.484384610609259
Hungary,nwspol_log,-0.3227232012086172,-0.5006226931659725,-0.5161873164600415,-0.4850580698719036
Hungary,nwspol_log,-0.2948165347212579,-0.5012961524286171,-0.5168607757226861,-0.4857315291345482
Hungary,nwspol_log,-0.26690986823389906,-0.5019696116912618,-0.5175342349853307,-0.4864049883971928
Hungary,nwspol_log,-0.23900320174654022,-0.5026430709539063,-0.5182076942479752,-0.4870784476598373
Hungary,nwspol_log,-0.21109653525918137,-0.5033165302165509,-0.5188811535106198,-0.48775190692248194
Hungary,nwspol_log,-0.18318986877182253,-0.5039899894791955,-0.5195546127732644,-0.48842536618512655
Hungary,nwspol_log,-0.15528320228446324,-0.5046634487418401,-0.520228072035909,-0.48909882544777117
Hungary,nwspol_log,-0.1273765357971044,-0.5053369080044846,-0.5209015312985535,-0.4897722847104157
Hungary,nwspol_log,-0.09946986930974555,-0.5060103672671292,-0.5215749905611982,-0.4904457439730603
Hungary,nwspol_log,-0.07156320282238626,-0.5066838265297738,-0.5222484498238428,-0.4911192032357049
Hungary,nwspol_log,-0.04365653633502742,-0.5073572857924185,-0.5229219090864874,-0.4917926624983495
Hungary,nwspol_log,-0.015749869847668574,-0.508030745055063,-0.5235953683491319,-0.492466121760994
Hungary,nwspol_log,0.01215679663969027,-0.5087042043177076,-0.5242688276117765,-0.49313958102363864
Hungary,nwspol_log,0.040063463127049115,-0.5093776635803522,-0.5249422868744211,-0.49381304028628326
Hungary,nwspol_log,0.0679701296144084,-0.5100511228429967,-0.5256157461370656,-0.49448649954892776
Hungary,nwspol_log,0.09587679610176725,-0.5107245821056413,-0.5262892053997102,-0.4951599588115724
Hungary,nwspol_log,0.12378346258912609,-0.5113980413682859,-0.5269626646623549,-0.495833418074217
Hungary,nwspol_log,0.15169012907648538,-0.5120715006309305,-0.5276361239249995,-0.4965068773368616
Hungary,nwspol_log,0.17959679556384422,-0.512744959893575,-0.528309583187644,-0.4971803365995061
Hungary,nwspol_log,0.20750346205120307,-0.5134184191562197,-0.5289830424502886,-0.4978537958621507
Hungary,nwspol_log,0.2354101285385619,-0.5140918784188643,-0.5296565017129332,-0.49852725512479534
Hungary,nwspol_log,0.26331679502592076,-0.5147653376815089,-0.5303299609755778,-0.49920071438743996
Hungary,nwspol_log,0.29122346151328005,-0.5154387969441534,-0.5310034202382223,-0.49987417365008446
Hungary,nwspol_log,0.3191301280006389,-0.516112256206798,-0.531676879500867,-0.5005476329127291
Hungary,nwspol_log,0.34703679448799774,-0.5167857154694426,-0.5323503387635116,-0.5012210921753737
Hungary,nwspol_log,0.374943460975357,-0.5174591747320872,-0.5330237980261562,-0.5018945514380183
Hungary,nwspol_log,0.40285012746271587,-0.5181326339947318,-0.5336972572888007,-0.5025680107006628
Hungary,nwspol_log,0.4307567939500747,-0.5188060932573764,-0.5343707165514453,-0.5032414699633074
Hungary,nwspol_log,0.45866346043743356,-0.519479552520021,-0.5350441758140899,-0.503914929225952
Hungary,nwspol_log,0.4865701269247924,-0.5201530117826655,-0.5357176350767344,-0.5045883884885966
Hungary,nwspol_log,0.5144767934121517,-0.5208264710453101,-0.536391094339379,-0.5052618477512412
Hungary,nwspol_log,0.5423834598995105,-0.5214999303079547,-0.5370645536020237,-0.5059353070138858
Hungary,nwspol_log,0.5702901263868694,-0.5221733895705993,-0.5377380128646683,-0.5066087662765304
Hungary,nwspol_log,0.5981967928742287,-0.5228468488332438,-0.5384114721273128,-0.5072822255391749
Hungary,nwspol_log,0.6261034593615875,-0.5235203080958885,-0.5390849313899574,-0.5079556848018195
Hungary,nwspol_log,0.6540101258489464,-0.5241937673585331,-0.539758390652602,-0.5086291440644641
Hungary,nwspol_log,0.6819167923363052,-0.5248672266211777,-0.5404318499152466,-0.5093026033271087
Hungary,nwspol_log,0.709823458823664,-0.5255406858838222,-0.5411053091778911,-0.5099760625897533
Hungary,nwspol_log,0.7377301253110233,-0.5262141451464668,-0.5417787684405357,-0.5106495218523979
Hungary,nwspol_log,0.7656367917983822,-0.5268876044091114,-0.5424522277031804,-0.5113229811150425
Hungary,nwspol_log,0.793543458285741,-0.5275610636717559,-0.5431256869658249,-0.511996440377687
Hungary,nwspol_log,0.8214501247731003,-0.5282345229344005,-0.5437991462284695,-0.5126698996403316
Hungary,nwspol_log,0.8493567912604592,-0.5289079821970452,-0.5444726054911141,-0.5133433589029762
Hungary,nwspol_log,0.877263457747818,-0.5295814414596898,-0.5451460647537587,-0.5140168181656208
Hungary,nwspol_log,0.9051701242351768,-0.5302549007223343,-0.5458195240164032,-0.5146902774282653
Hungary,nwspol_log,0.9330767907225357,-0.5309283599849789,-0.5464929832790478,-0.51536373669091
Hungary,nwspol_log,0.960983457209895,-0.5316018192476235,-0.5471664425416924,-0.5160371959535546
Hungary,nwspol_log,0.9888901236972538,-0.5322752785102681,-0.5478399018043371,-0.5167106552161992
Hungary,nwspol_log,1.0167967901846127,-0.5329487377729126,-0.5485133610669816,-0.5173841144788437
Hungary,nwspol_log,1.044703456671972,-0.5336221970355572,-0.5491868203296262,-0.5180575737414883
Hungary,nwspol_log,1.0726101231593308,-0.5342956562982019,-0.5498602795922708,-0.5187310330041329
Hungary,nwspol_log,1.1005167896466896,-0.5349691155608465,-0.5505337388549154,-0.5194044922667775
Hungary,nwspol_log,1.128423456134049,-0.535642574823491,-0.5512071981175599,-0.520077951529422
Hungary,nwspol_log,1.1563301226214073,-0.5363160340861356,-0.5518806573802045,-0.5207514107920667
Hungary,nwspol_log,1.1842367891087666,-0.5369894933487802,-0.5525541166428491,-0.5214248700547113
Hungary,nwspol_log,1.212143455596125,-0.5376629526114247,-0.5532275759054937,-0.5220983293173558
Hungary,nwspol_log,1.240050122083484,-0.5383364118740693,-0.5539010351681383,-0.5227717885800004
Iceland,netustm_log,-2.017651430380346,0.31778092256256696,0.29180874168204535,0.34375310344308857
Iceland,netustm_log,-1.9934521454636227,0.31906647564792606,0.29309429476740445,0.3450386565284477
Iceland,netustm_log,-1.9692528605468995,0.32035202873328517,0.29437984785276355,0.3463242096138068
Iceland,netustm_log,-1.9450535756301763,0.3216375818186443,0.2956654009381227,0.34760976269916594
Iceland,netustm_log,-1.920854290713453,0.3229231349040035,0.2969509540234819,0.3488953157845251
Iceland,netustm_log,-1.8966550057967297,0.32420868798936264,0.29823650710884103,0.35018086886988425
Iceland,netustm_log,-1.8724557208800066,0.32549424107472175,0.29952206019420013,0.35146642195524336
Iceland,netustm_log,-1.8482564359632834,0.32677979416008085,0.30080761327955924,0.35275197504060246
Iceland,netustm_log,-1.8240571510465602,0.32806534724544,0.3020931663649184,0.3540375281259616
Iceland,netustm_log,-1.799857866129837,0.32935090033079917,0.30337871945027756,0.3553230812113208
Iceland,netustm_log,-1.7756585812131138,0.33063645341615827,0.30466427253563666,0.3566086342966799
Iceland,netustm_log,-1.7514592962963906,0.33192200650151743,0.3059498256209958,0.35789418738203904
Iceland,netustm_log,-1.7272600113796672,0.3332075595868766,0.307235378706355,0.3591797404673982
Iceland,netustm_log,-1.703060726462944,0.3344931126722357,0.3085209317917141,0.3604652935527573
Iceland,netustm_log,-1.6788614415462209,0.33577866575759485,0.30980648487707324,0.36175084663811646
Iceland,netustm_log,-1.6546621566294977,0.33706421884295396,0.31109203796243234,0.36303639972347557
Iceland,netustm_log,-1.6304628717127745,0.3383497719283131,0.3123775910477915,0.3643219528088347
Iceland,netustm_log,-1.606263586796051,0.3396353250136723,0.31366314413315066,0.3656075058941939
Iceland,netustm_log,-1.5820643018793281,0.3409208780990314,0.31494869721850977,0.366893058979553
Iceland,netustm_log,-1.5578650169626047,0.34220643118439054,0.3162342503038689,0.36817861206491215
Iceland,netustm_log,-1.5336657320458815,0.3434919842697497,0.3175198033892281,0.3694641651502713
Iceland,netustm_log,-1.5094664471291583,0.3447775373551088,0.3188053564745872,0.3707497182356304
Iceland,netustm_log,-1.4852671622124352,0.3460630904404679,0.3200909095599463,0.3720352713209895
Iceland,netustm_log,-1.461067877295712,0.34734864352582706,0.32137646264530545,0.3733208244063487
Iceland,netustm_log,-1.4368685923789886,0.3486341966111862,0.3226620157306646,0.37460637749170783
Iceland,netustm_log,-1.4126693074622656,0.3499197496965453,0.3239475688160237,0.37589193057706694
Iceland,netustm_log,-1.3884700225455422,0.3512053027819045,0.32523312190138287,0.3771774836624261
Iceland,netustm_log,-1.364270737628819,0.35249085586726364,0.32651867498674203,0.37846303674778525
Iceland,netustm_log,-1.3400714527120958,0.35377640895262275,0.32780422807210113,0.37974858983314436
Iceland,netustm_log,-1.3158721677953726,0.3550619620379819,0.3290897811574603,0.3810341429185035
Iceland,netustm_log,-1.2916728828786495,0.356347515123341,0.3303753342428194,0.3823196960038626
Iceland,netustm_log,-1.267473597961926,0.35763306820870017,0.33166088732817856,0.3836052490892218
Iceland,netustm_log,-1.243274313045203,0.35891862129405927,0.33294644041353766,0.3848908021745809
Iceland,netustm_log,-1.2190750281284797,0.36020417437941843,0.3342319934988968,0.38617635525994004
Iceland,netustm_log,-1.1948757432117565,0.3614897274647776,0.335517546584256,0.3874619083452992
Iceland,netustm_log,-1.1706764582950333,0.3627752805501367,0.3368030996696151,0.3887474614306583
Iceland,netustm_log,-1.1464771733783101,0.36406083363549585,0.33808865275497424,0.39003301451601746
Iceland,netustm_log,-1.122277888461587,0.36534638672085495,0.33937420584033334,0.39131856760137657
Iceland,netustm_log,-1.0980786035448635,0.3666319398062141,0.3406597589256925,0.3926041206867357
Iceland,netustm_log,-1.0738793186281406,0.3679174928915733,0.34194531201105166,0.3938896737720949
Iceland,netustm_log,-1.0496800337114172,0.36920304597693243,0.3432308650964108,0.39517522685745404
Iceland,netustm_log,-1.025480748794694,0.37048859906229153,0.3445164181817699,0.39646077994281315
Iceland,netustm_log,-1.0012814638779708,0.3717741521476507,0.3458019712671291,0.3977463330281723
Iceland,netustm_log,-0.9770821789612476,0.3730597052330098,0.3470875243524882,0.3990318861135314
Iceland,netustm_log,-0.9528828940445244,0.37434525831836896,0.34837307743784734,0.40031743919889057
Iceland,netustm_log,-0.9286836091278012,0.37563081140372806,0.34965863052320645,0.40160299228424967
Iceland,netustm_log,-0.904484324211078,0.3769163644890872,0.3509441836085656,0.40288854536960883
Iceland,netustm_log,-0.8802850392943546,0.3782019175744464,0.35222973669392477,0.404174098454968
Iceland,netustm_log,-0.8560857543776315,0.3794874706598055,0.35351528977928387,0.4054596515403271
Iceland,netustm_log,-0.8318864694609083,0.38077302374516464,0.35480084286464303,0.40674520462568625
Iceland,netustm_log,-0.8076871845441851,0.38205857683052374,0.35608639595000213,0.40803075771104536
Iceland,netustm_log,-0.7834878996274619,0.3833441299158829,0.3573719490353613,0.4093163107964045
Iceland,netustm_log,-0.7592886147107387,0.384629683001242,0.3586575021207204,0.4106018638817636
Iceland,netustm_log,-0.7350893297940155,0.38591523608660117,0.35994305520607955,0.4118874169671228
Iceland,netustm_log,-0.7108900448772921,0.3872007891719603,0.3612286082914387,0.41317297005248194
Iceland,netustm_log,-0.6866907599605689,0.3884863422573195,0.36251416137679787,0.4144585231378411
Iceland,netustm_log,-0.6624914750438458,0.3897718953426786,0.363799714462157,0.4157440762232002
Iceland,netustm_log,-0.6382921901271226,0.39105744842803775,0.36508526754751613,0.41702962930855936
Iceland,netustm_log,-0.6140929052103994,0.39234300151339685,0.36637082063287524,0.41831518239391846
Iceland,netustm_log,-0.5898936202936762,0.393628554598756,0.3676563737182344,0.4196007354792776
Iceland,netustm_log,-0.565694335376953,0.3949141076841151,0.3689419268035935,0.4208862885646367
Iceland,netustm_log,-0.5414950504602296,0.39619966076947427,0.37022747988895266,0.4221718416499959
Iceland,netustm_log,-0.5172957655435064,0.39748521385483343,0.3715130329743118,0.42345739473535504
Iceland,netustm_log,-0.49309648062678324,0.39877076694019253,0.3727985860596709,0.42474294782071415
Iceland,netustm_log,-0.46889719571006006,0.4000563200255517,0.3740841391450301,0.4260285009060733
Iceland,netustm_log,-0.44469791079333687,0.4013418731109108,0.3753696922303892,0.4273140539914324
Iceland,netustm_log,-0.4204986258766137,0.40262742619626996,0.37665524531574834,0.42859960707679157
Iceland,netustm_log,-0.3962993409598905,0.40391297928162906,0.37794079840110745,0.42988516016215067
Iceland,netustm_log,-0.3721000560431671,0.4051985323669882,0.3792263514864666,0.43117071324750983
Iceland,netustm_log,-0.3479007711264439,0.4064840854523474,0.38051190457182577,0.432456266332869
Iceland,netustm_log,-0.3237014862097207,0.4077696385377065,0.38179745765718487,0.4337418194182281
Iceland,netustm_log,-0.29950220129299754,0.40905519162306564,0.38308301074254403,0.43502737250358725
Iceland,netustm_log,-0.27530291637627435,0.4103407447084248,0.3843685638279032,0.4363129255889464
Iceland,netustm_log,-0.25110363145955117,0.4116262977937839,0.3856541169132623,0.4375984786743055
Iceland,netustm_log,-0.22690434654282798,0.41291185087914306,0.38693966999862145,0.4388840317596647
Iceland,netustm_log,-0.20270506162610458,0.4141974039645022,0.3882252230839806,0.44016958484502383
Iceland,netustm_log,-0.1785057767093814,0.4154829570498613,0.3895107761693397,0.44145513793038293
Iceland,netustm_log,-0.1543064917926582,0.4167685101352205,0.39079632925469887,0.4427406910157421
Iceland,netustm_log,-0.13010720687593502,0.4180540632205796,0.392081882340058,0.4440262441011012
Iceland,netustm_log,-0.10590792195921184,0.41933961630593874,0.39336743542541713,0.44531179718646036
Iceland,netustm_log,-0.08170863704248865,0.42062516939129785,0.39465298851077624,0.44659735027181946
Iceland,netustm_log,-0.05750935212576547,0.421910722476657,0.3959385415961354,0.4478829033571786
Iceland,netustm_log,-0.03331006720904206,0.42319627556201617,0.39722409468149456,0.4491684564425378
Iceland,netustm_log,-0.009110782292319097,0.42448182864737527,0.39850964776685366,0.4504540095278969
Iceland,netustm_log,0.01508850262440431,0.42576738173273443,0.3997952008522128,0.45173956261325604
Iceland,netustm_log,0.03928778754112727,0.42705293481809353,0.4010807539375719,0.45302511569861514
Iceland,netustm_log,0.06348707245785068,0.4283384879034527,0.4023663070229311,0.4543106687839743
Iceland,netustm_log,0.08768635737457409,0.42962404098881185,0.40365186010829024,0.45559622186933346
Iceland,netustm_log,0.11188564229129705,0.43090959407417095,0.40493741319364934,0.45688177495469257
Iceland,netustm_log,0.13608492720802046,0.4321951471595301,0.4062229662790085,0.4581673280400517
Iceland,netustm_log,0.16028421212474342,0.4334807002448892,0.4075085193643676,0.45945288112541083
Iceland,netustm_log,0.18448349704146683,0.4347662533302484,0.40879407244972676,0.46073843421077
Iceland,netustm_log,0.2086827819581898,0.4360518064156075,0.41007962553508587,0.4620239872961291
Iceland,netustm_log,0.2328820668749132,0.43733735950096664,0.411365178620445,0.46330954038148825
Iceland,netustm_log,0.2570813517916366,0.4386229125863258,0.4126507317058042,0.4645950934668474
Iceland,netustm_log,0.28128063670835957,0.4399084656716849,0.4139362847911633,0.4658806465522065
Iceland,netustm_log,0.305479921625083,0.44119401875704406,0.41522183787652245,0.46716619963756567
Iceland,netustm_log,0.32967920654180594,0.44247957184240316,0.41650739096188155,0.4684517527229248
Iceland,netustm_log,0.35387849145852934,0.4437651249277623,0.4177929440472407,0.46973730580828393
Iceland,netustm_log,0.3780777763752523,0.4450506780131215,0.41907849713259987,0.4710228588936431
Iceland,netustm_log,0.4022770612919757,0.4463362310984806,0.420364050217959,0.4723084119790022
Iceland,netustm_log,0.4264763462086991,0.44762178418383974,0.42164960330331813,0.47359396506436136
Iceland,netustm_log,0.4506756311254221,0.4489073372691989,0.4229351563886773,0.4748795181497205
Iceland,netustm_log,0.4748749160421455,0.450192890354558,0.4242207094740364,0.4761650712350796
Iceland,netustm_log,0.49907420095886845,0.45147844343991717,0.42550626255939555,0.4774506243204388
Iceland,netustm_log,0.5232734858755919,0.45276399652527627,0.42679181564475466,0.4787361774057979
Iceland,netustm_log,0.5474727707923148,0.45404954961063543,0.4280773687301138,0.48002173049115704
Iceland,netustm_log,0.5716720557090382,0.4553351026959946,0.429362921815473,0.4813072835765162
Iceland,netustm_log,0.5958713406257616,0.4566206557813537,0.4306484749008321,0.4825928366618753
Iceland,netustm_log,0.6200706255424846,0.45790620886671285,0.43193402798619124,0.48387838974723446
Iceland,netustm_log,0.644269910459208,0.459191761952072,0.4332195810715504,0.4851639428325936
Iceland,netustm_log,0.668469195375931,0.4604773150374311,0.4345051341569095,0.4864494959179527
Iceland,netustm_log,0.6926684802926544,0.46176286812279027,0.43579068724226866,0.4877350490033119
Iceland,netustm_log,0.7168677652093773,0.4630484212081494,0.43707624032762776,0.489020602088671
Iceland,netustm_log,0.7410670501261007,0.46433397429350853,0.4383617934129869,0.49030615517403014
Iceland,netustm_log,0.7652663350428242,0.4656195273788677,0.4396473464983461,0.4915917082593893
Iceland,netustm_log,0.7894656199595471,0.4669050804642268,0.4409328995837052,0.4928772613447484
Iceland,netustm_log,0.8136649048762705,0.46819063354958596,0.44221845266906434,0.49416281443010757
Iceland,netustm_log,0.8378641897929935,0.46947618663494506,0.44350400575442345,0.49544836751546667
Iceland,netustm_log,0.8620634747097169,0.4707617397203042,0.4447895588397826,0.49673392060082583
Iceland,netustm_log,0.8862627596264399,0.4720472928056633,0.4460751119251417,0.49801947368618493
Iceland,netustm_log,0.9104620445431633,0.4733328458910225,0.44736066501050087,0.4993050267715441
Iceland,netustm_log,0.9346613294598867,0.47461839897638164,0.44864621809586,0.5005905798569033
Iceland,netustm_log,0.9588606143766096,0.47590395206174074,0.44993177118121913,0.5018761329422624
Iceland,netustm_log,0.983059899293333,0.4771895051470999,0.4512173242665783,0.5031616860276216
Iceland,netustm_log,1.007259184210056,0.478475058232459,0.4525028773519374,0.5044472391129806
Iceland,netustm_log,1.0314584691267794,0.47976061131781816,0.45378843043729655,0.5057327921983398
Iceland,netustm_log,1.0556577540435024,0.48104616440317727,0.45507398352265566,0.5070183452836989
Iceland,netustm_log,1.0798570389602258,0.4823317174885364,0.4563595366080148,0.5083038983690581
Iceland,netustm_log,1.1040563238769492,0.4836172705738956,0.457645089693374,0.5095894514544173
Iceland,netustm_log,1.1282556087936721,0.4849028236592547,0.4589306427787331,0.5108750045397763
Iceland,netustm_log,1.1524548937103956,0.48618837674461385,0.46021619586409224,0.5121605576251355
Iceland,netustm_log,1.1766541786271185,0.48747392982997295,0.46150174894945134,0.5134461107104946
Iceland,netustm_log,1.200853463543842,0.4887594829153321,0.4627873020348105,0.5147316637958538
Iceland,netustm_log,1.2250527484605649,0.49004503600069127,0.46407285512016966,0.5160172168812129
Iceland,netustm_log,1.2492520333772883,0.49133058908605043,0.4653584082055288,0.5173027699665721
Iceland,netustm_log,1.2734513182940117,0.49261614217140953,0.4666439612908879,0.5185883230519311
Iceland,netustm_log,1.2976506032107347,0.49390169525676864,0.467929514376247,0.5198738761372903
Iceland,netustm_log,1.321849888127458,0.4951872483421278,0.4692150674616062,0.5211594292226495
Iceland,netustm_log,1.346049173044181,0.49647280142748695,0.47050062054696534,0.5224449823080086
Iceland,netustm_log,1.3702484579609044,0.4977583545128461,0.4717861736323245,0.5237305353933678
Iceland,netustm_log,1.3944477428776274,0.4990439075982052,0.4730717267176836,0.5250160884787268
Iceland,netustm_log,1.4186470277943508,0.5003294606835643,0.4743572798030427,0.526301641564086
Iceland,netustm_log,1.4428463127110742,0.5016150137689235,0.47564283288840187,0.5275871946494451
Iceland,netustm_log,1.4670455976277972,0.5029005668542826,0.476928385973761,0.5288727477348043
Iceland,netustm_log,1.4912448825445206,0.5041861199396418,0.4782139390591202,0.5301583008201635
Iceland,netustm_log,1.5154441674612436,0.5054716730250008,0.47949949214447923,0.5314438539055225
Iceland,netustm_log,1.539643452377967,0.50675722611036,0.4807850452298384,0.5327294069908817
Iceland,netustm_log,1.56384273729469,0.5080427791957192,0.48207059831519755,0.5340149600762408
Iceland,netustm_log,1.588042022211413,0.5093283322810783,0.4833561514005567,0.5353005131616
Iceland,nwspol_log,-2.918043184533,0.29261923973677173,0.26602618129249433,0.3192122981810491
Iceland,nwspol_log,-2.890136518045641,0.2940764845770382,0.2674834261327608,0.3206695430213156
Iceland,nwspol_log,-2.862229851558282,0.2955337294173047,0.2689406709730273,0.3221267878615821
Iceland,nwspol_log,-2.834323185070923,0.29699097425757126,0.27039791581329387,0.32358403270184866
Iceland,nwspol_log,-2.806416518583564,0.29844821909783775,0.27185516065356036,0.32504127754211515
Iceland,nwspol_log,-2.7785098520962053,0.29990546393810424,0.27331240549382685,0.32649852238238164
Iceland,nwspol_log,-2.7506031856088464,0.3013627087783708,0.2747696503340934,0.3279557672226482
Iceland,nwspol_log,-2.722696519121487,0.3028199536186373,0.2762268951743599,0.3294130120629147
Iceland,nwspol_log,-2.6947898526341283,0.3042771984589038,0.2776841400146264,0.33087025690318117
Iceland,nwspol_log,-2.6668831861467694,0.3057344432991703,0.2791413848548929,0.3323275017434477
Iceland,nwspol_log,-2.63897651965941,0.3071916881394368,0.2805986296951594,0.3337847465837142
Iceland,nwspol_log,-2.6110698531720513,0.3086489329797033,0.2820558745354259,0.3352419914239807
Iceland,nwspol_log,-2.5831631866846925,0.31010617781996985,0.28351311937569246,0.33669923626424725
Iceland,nwspol_log,-2.5552565201973336,0.31156342266023634,0.28497036421595895,0.33815648110451374
Iceland,nwspol_log,-2.527349853709975,0.31302066750050284,0.28642760905622544,0.33961372594478023
Iceland,nwspol_log,-2.4994431872226155,0.3144779123407694,0.287884853896492,0.3410709707850468
Iceland,nwspol_log,-2.4715365207352566,0.3159351571810359,0.2893420987367585,0.34252821562531327
Iceland,nwspol_log,-2.443629854247898,0.31739240202130237,0.29079934357702497,0.34398546046557976
Iceland,nwspol_log,-2.4157231877605385,0.3188496468615689,0.2922565884172915,0.3454427053058463
Iceland,nwspol_log,-2.3878165212731797,0.3203068917018354,0.293713833257558,0.3468999501461128
Iceland,nwspol_log,-2.359909854785821,0.3217641365421019,0.2951710780978245,0.3483571949863793
Iceland,nwspol_log,-2.332003188298462,0.32322138138236844,0.29662832293809105,0.34981443982664584
Iceland,nwspol_log,-2.304096521811103,0.32467862622263494,0.29808556777835754,0.35127168466691233
Iceland,nwspol_log,-2.276189855323744,0.32613587106290143,0.29954281261862403,0.3527289295071788
Iceland,nwspol_log,-2.248283188836385,0.327593115903168,0.3010000574588906,0.35418617434744537
Iceland,nwspol_log,-2.220376522349026,0.32905036074343447,0.30245730229915707,0.35564341918771186
Iceland,nwspol_log,-2.192469855861667,0.33050760558370096,0.30391454713942356,0.35710066402797835
Iceland,nwspol_log,-2.164563189374308,0.3319648504239675,0.3053717919796901,0.3585579088682449
Iceland,nwspol_log,-2.136656522886949,0.333422095264234,0.3068290368199566,0.3600151537085114
Iceland,nwspol_log,-2.1087498563995903,0.3348793401045005,0.3082862816602231,0.3614723985487779
Iceland,nwspol_log,-2.0808431899122315,0.33633658494476704,0.30974352650048964,0.36292964338904443
Iceland,nwspol_log,-2.052936523424872,0.33779382978503353,0.31120077134075613,0.3643868882293109
Iceland,nwspol_log,-2.0250298569375134,0.3392510746253,0.3126580161810226,0.3658441330695774
Iceland,nwspol_log,-1.9971231904501545,0.34070831946556657,0.31411526102128917,0.36730137790984396
Iceland,nwspol_log,-1.9692165239627955,0.34216556430583306,0.31557250586155566,0.36875862275011045
Iceland,nwspol_log,-1.9413098574754364,0.34362280914609955,0.31702975070182216,0.37021586759037695
Iceland,nwspol_log,-1.9134031909880775,0.3450800539863661,0.3184869955420887,0.3716731124306435
Iceland,nwspol_log,-1.8854965245007187,0.3465372988266326,0.3199442403823552,0.37313035727091
Iceland,nwspol_log,-1.8575898580133596,0.3479945436668991,0.3214014852226217,0.3745876021111765
Iceland,nwspol_log,-1.8296831915260006,0.34945178850716563,0.32285873006288823,0.376044846951443
Iceland,nwspol_log,-1.8017765250386417,0.3509090333474321,0.3243159749031547,0.3775020917917095
Iceland,nwspol_log,-1.7738698585512829,0.3523662781876986,0.3257732197434212,0.378959336631976
Iceland,nwspol_log,-1.7459631920639238,0.35382352302796516,0.32723046458368776,0.38041658147224255
Iceland,nwspol_log,-1.7180565255765647,0.35528076786823165,0.32868770942395426,0.38187382631250905
Iceland,nwspol_log,-1.690149859089206,0.35673801270849814,0.33014495426422075,0.38333107115277554
Iceland,nwspol_log,-1.662243192601847,0.3581952575487647,0.3316021991044873,0.3847883159930421
Iceland,nwspol_log,-1.634336526114488,0.3596525023890312,0.3330594439447538,0.3862455608333086
Iceland,nwspol_log,-1.606429859627129,0.3611097472292977,0.3345166887850203,0.38770280567357507
Iceland,nwspol_log,-1.57852319313977,0.3625669920695642,0.3359739336252868,0.3891600505138416
Iceland,nwspol_log,-1.5506165266524112,0.3640242369098307,0.3374311784655533,0.3906172953541081
Iceland,nwspol_log,-1.5227098601650522,0.3654814817500972,0.3388884233058198,0.3920745401943746
Iceland,nwspol_log,-1.494803193677693,0.36693872659036375,0.34034566814608636,0.39353178503464115
Iceland,nwspol_log,-1.4668965271903343,0.36839597143063024,0.34180291298635285,0.39498902987490764
Iceland,nwspol_log,-1.4389898607029754,0.36985321627089673,0.34326015782661934,0.39644627471517413
Iceland,nwspol_log,-1.4110831942156163,0.3713104611111633,0.3447174026668859,0.3979035195554407
Iceland,nwspol_log,-1.3831765277282573,0.3727677059514298,0.3461746475071524,0.39936076439570717
Iceland,nwspol_log,-1.3552698612408984,0.37422495079169626,0.34763189234741887,0.40081800923597366
Iceland,nwspol_log,-1.3273631947535396,0.3756821956319628,0.3490891371876854,0.4022752540762402
Iceland,nwspol_log,-1.2994565282661805,0.3771394404722293,0.3505463820279519,0.4037324989165067
Iceland,nwspol_log,-1.2715498617788215,0.3785966853124958,0.3520036268682184,0.4051897437567732
Iceland,nwspol_log,-1.2436431952914626,0.38005393015276234,0.35346087170848495,0.40664698859703974
Iceland,nwspol_log,-1.2157365288041038,0.38151117499302883,0.35491811654875144,0.40810423343730623
Iceland,nwspol_log,-1.1878298623167447,0.3829684198332953,0.35637536138901793,0.4095614782775727
Iceland,nwspol_log,-1.1599231958293856,0.3844256646735619,0.3578326062292845,0.41101872311783927
Iceland,nwspol_log,-1.1320165293420268,0.38588290951382836,0.35928985106955097,0.41247596795810576
Iceland,nwspol_log,-1.104109862854668,0.38734015435409486,0.36074709590981746,0.41393321279837225
Iceland,nwspol_log,-1.0762031963673089,0.3887973991943614,0.362204340750084,0.4153904576386388
Iceland,nwspol_log,-1.0482965298799498,0.3902546440346279,0.3636615855903505,0.4168477024789053
Iceland,nwspol_log,-1.020389863392591,0.3917118888748944,0.365118830430617,0.4183049473191718
Iceland,nwspol_log,-0.9924831969052321,0.3931691337151609,0.3665760752708835,0.4197621921594383
Iceland,nwspol_log,-0.9645765304178731,0.3946263785554274,0.36803332011115003,0.4212194369997048
Iceland,nwspol_log,-0.936669863930514,0.3960836233956939,0.3694905649514165,0.4226766818399713
Iceland,nwspol_log,-0.9087631974431551,0.39754086823596047,0.37094780979168307,0.42413392668023786
Iceland,nwspol_log,-0.8808565309557963,0.39899811307622696,0.37240505463194956,0.42559117152050435
Iceland,nwspol_log,-0.8529498644684375,0.40045535791649345,0.37386229947221605,0.42704841636077084
Iceland,nwspol_log,-0.8250431979810782,0.40191260275676,0.3753195443124826,0.4285056612010374
Iceland,nwspol_log,-0.7971365314937193,0.4033698475970265,0.3767767891527491,0.4299629060413039
Iceland,nwspol_log,-0.7692298650063605,0.404827092437293,0.3782340339930156,0.4314201508815704
Iceland,nwspol_log,-0.7413231985190012,0.4062843372775595,0.37969127883328213,0.4328773957218369
Iceland,nwspol_log,-0.7134165320316423,0.407741582117826,0.3811485236735486,0.4343346405621034
Iceland,nwspol_log,-0.6855098655442835,0.4091988269580925,0.3826057685138151,0.4357918854023699
Iceland,nwspol_log,-0.6576031990569247,0.410656071798359,0.3840630133540816,0.4372491302426364
Iceland,nwspol_log,-0.6296965325695658,0.41211331663862555,0.38552025819434815,0.43870637508290294
Iceland,nwspol_log,-0.6017898660822065,0.41357056147889204,0.38697750303461464,0.44016361992316944
Iceland,nwspol_log,-0.5738831995948477,0.41502780631915853,0.38843474787488114,0.4416208647634359
Iceland,nwspol_log,-0.5459765331074888,0.4164850511594251,0.3898919927151477,0.4430781096037025
Iceland,nwspol_log,-0.5180698666201295,0.41794229599969157,0.3913492375554142,0.44453535444396897
Iceland,nwspol_log,-0.4901632001327707,0.4193995408399581,0.3928064823956807,0.4459925992842355
Iceland,nwspol_log,-0.46225653364541186,0.4208567856802246,0.3942637272359472,0.447449844124502
Iceland,nwspol_log,-0.434349867158053,0.4223140305204911,0.3957209720762137,0.4489070889647685
Iceland,nwspol_log,-0.40644320067069417,0.4237712753607576,0.3971782169164802,0.450364333805035
Iceland,nwspol_log,-0.3785365341833349,0.42522852020102414,0.39863546175674675,0.45182157864530154
Iceland,nwspol_log,-0.35062986769597604,0.42668576504129063,0.40009270659701324,0.453278823485568
Iceland,nwspol_log,-0.3227232012086172,0.4281430098815571,0.40154995143727973,0.4547360683258345
Iceland,nwspol_log,-0.2948165347212579,0.42960025472182367,0.4030071962775463,0.45619331316610107
Iceland,nwspol_log,-0.26690986823389906,0.43105749956209016,0.40446444111781277,0.45765055800636756
Iceland,nwspol_log,-0.23900320174654022,0.43251474440235665,0.40592168595807926,0.45910780284663405
Iceland,nwspol_log,-0.21109653525918137,0.4339719892426232,0.4073789307983458,0.4605650476869006
Iceland,nwspol_log,-0.18318986877182253,0.4354292340828897,0.4088361756386123,0.4620222925271671
Iceland,nwspol_log,-0.15528320228446324,0.43688647892315624,0.41029342047887885,0.46347953736743364
Iceland,nwspol_log,-0.1273765357971044,0.43834372376342273,0.41175066531914534,0.46493678220770013
Iceland,nwspol_log,-0.09946986930974555,0.4398009686036892,0.41320791015941183,0.4663940270479666
Iceland,nwspol_log,-0.07156320282238626,0.44125821344395577,0.4146651549996784,0.46785127188823317
Iceland,nwspol_log,-0.04365653633502742,0.44271545828422226,0.41612239983994487,0.46930851672849966
Iceland,nwspol_log,-0.015749869847668574,0.44417270312448875,0.41757964468021136,0.47076576156876615
Iceland,nwspol_log,0.01215679663969027,0.44562994796475525,0.41903688952047785,0.47222300640903264
Iceland,nwspol_log,0.040063463127049115,0.4470871928050218,0.4204941343607444,0.4736802512492992
Iceland,nwspol_log,0.0679701296144084,0.4485444376452883,0.4219513792010109,0.4751374960895657
Iceland,nwspol_log,0.09587679610176725,0.4500016824855548,0.4234086240412774,0.4765947409298322
Iceland,nwspol_log,0.12378346258912609,0.4514589273258213,0.42486586888154393,0.4780519857700987
Iceland,nwspol_log,0.15169012907648538,0.4529161721660878,0.4263231137218104,0.4795092306103652
Iceland,nwspol_log,0.17959679556384422,0.4543734170063543,0.4277803585620769,0.4809664754506317
Iceland,nwspol_log,0.20750346205120307,0.45583066184662085,0.42923760340234346,0.48242372029089825
Iceland,nwspol_log,0.2354101285385619,0.45728790668688735,0.43069484824260995,0.48388096513116474
Iceland,nwspol_log,0.26331679502592076,0.45874515152715384,0.43215209308287644,0.48533820997143123
Iceland,nwspol_log,0.29122346151328005,0.4602023963674204,0.433609337923143,0.4867954548116978
Iceland,nwspol_log,0.3191301280006389,0.4616596412076869,0.4350665827634095,0.4882526996519643
Iceland,nwspol_log,0.34703679448799774,0.46311688604795337,0.436523827603676,0.48970994449223076
Iceland,nwspol_log,0.374943460975357,0.4645741308882199,0.4379810724439425,0.4911671893324973
Iceland,nwspol_log,0.40285012746271587,0.4660313757284864,0.439438317284209,0.4926244341727638
Iceland,nwspol_log,0.4307567939500747,0.4674886205687529,0.4408955621244755,0.4940816790130303
Iceland,nwspol_log,0.45866346043743356,0.46894586540901945,0.44235280696474205,0.49553892385329684
Iceland,nwspol_log,0.4865701269247924,0.47040311024928594,0.44381005180500854,0.49699616869356333
Iceland,nwspol_log,0.5144767934121517,0.47186035508955243,0.44526729664527503,0.4984534135338298
Iceland,nwspol_log,0.5423834598995105,0.473317599929819,0.4467245414855416,0.4999106583740964
Iceland,nwspol_log,0.5702901263868694,0.47477484477008547,0.4481817863258081,0.5013679032143629
Iceland,nwspol_log,0.5981967928742287,0.476232089610352,0.4496390311660746,0.5028251480546294
Iceland,nwspol_log,0.6261034593615875,0.4776893344506185,0.4510962760063411,0.504282392894896
Iceland,nwspol_log,0.6540101258489464,0.479146579290885,0.4525535208466076,0.5057396377351624
Iceland,nwspol_log,0.6819167923363052,0.4806038241311515,0.4540107656868741,0.5071968825754289
Iceland,nwspol_log,0.709823458823664,0.482061068971418,0.4554680105271406,0.5086541274156954
Iceland,nwspol_log,0.7377301253110233,0.48351831381168453,0.45692525536740713,0.5101113722559619
Iceland,nwspol_log,0.7656367917983822,0.484975558651951,0.4583825002076736,0.5115686170962285
Iceland,nwspol_log,0.793543458285741,0.4864328034922175,0.4598397450479401,0.5130258619364949
Iceland,nwspol_log,0.8214501247731003,0.48789004833248406,0.46129698988820667,0.5144831067767615
Iceland,nwspol_log,0.8493567912604592,0.48934729317275055,0.46275423472847316,0.515940351617028
Iceland,nwspol_log,0.877263457747818,0.4908045380130171,0.4642114795687397,0.5173975964572946
Iceland,nwspol_log,0.9051701242351768,0.4922617828532836,0.4656687244090062,0.518854841297561
Iceland,nwspol_log,0.9330767907225357,0.4937190276935501,0.4671259692492727,0.5203120861378275
Iceland,nwspol_log,0.960983457209895,0.49517627253381663,0.46858321408953924,0.5217693309780941
Iceland,nwspol_log,0.9888901236972538,0.4966335173740831,0.4700404589298057,0.5232265758183605
Iceland,nwspol_log,1.0167967901846127,0.4980907622143496,0.4714977037700722,0.5246838206586271
Iceland,nwspol_log,1.044703456671972,0.49954800705461616,0.47295494861033877,0.5261410654988936
Iceland,nwspol_log,1.0726101231593308,0.5010052518948827,0.47441219345060526,0.52759831033916
Iceland,nwspol_log,1.1005167896466896,0.5024624967351492,0.4758694382908718,0.5290555551794266
Iceland,nwspol_log,1.128423456134049,0.5039197415754156,0.47732668313113824,0.530512800019693
Iceland,nwspol_log,1.1563301226214073,0.5053769864156822,0.4787839279714048,0.5319700448599596
Iceland,nwspol_log,1.1842367891087666,0.5068342312559487,0.48024117281167134,0.5334272897002261
Iceland,nwspol_log,1.212143455596125,0.5082914760962152,0.48169841765193777,0.5348845345404926
Iceland,nwspol_log,1.240050122083484,0.5097487209364817,0.4831556624922043,0.5363417793807591
Ireland,netustm_log,-2.017651430380346,0.05755423760689872,0.034697218701356544,0.0804112565124409
Ireland,netustm_log,-1.9934521454636227,0.058210068752944155,0.03535304984740198,0.08106708765848633
Ireland,netustm_log,-1.9692528605468995,0.058865899898989583,0.036008880993447415,0.08172291880453175
Ireland,netustm_log,-1.9450535756301763,0.05952173104503502,0.03666471213949285,0.08237874995057719
Ireland,netustm_log,-1.920854290713453,0.06017756219108046,0.037320543285538285,0.08303458109662264
Ireland,netustm_log,-1.8966550057967297,0.060833393337125896,0.03797637443158372,0.08369041224266807
Ireland,netustm_log,-1.8724557208800066,0.061489224483171324,0.038632205577629156,0.0843462433887135
Ireland,netustm_log,-1.8482564359632834,0.06214505562921676,0.03928803672367459,0.08500207453475893
Ireland,netustm_log,-1.8240571510465602,0.06280088677526219,0.03994386786972001,0.08565790568080436
Ireland,netustm_log,-1.799857866129837,0.06345671792130762,0.04059969901576545,0.0863137368268498
Ireland,netustm_log,-1.7756585812131138,0.06411254906735306,0.04125553016181088,0.08696956797289523
Ireland,netustm_log,-1.7514592962963906,0.0647683802133985,0.04191136130785632,0.08762539911894067
Ireland,netustm_log,-1.7272600113796672,0.06542421135944393,0.04256719245390175,0.0882812302649861
Ireland,netustm_log,-1.703060726462944,0.06608004250548936,0.04322302359994719,0.08893706141103154
Ireland,netustm_log,-1.6788614415462209,0.0667358736515348,0.043878854745992624,0.08959289255707698
Ireland,netustm_log,-1.6546621566294977,0.06739170479758023,0.04453468589203806,0.09024872370312241
Ireland,netustm_log,-1.6304628717127745,0.06804753594362567,0.045190517038083494,0.09090455484916785
Ireland,netustm_log,-1.606263586796051,0.0687033670896711,0.04584634818412893,0.09156038599521328
Ireland,netustm_log,-1.5820643018793281,0.06935919823571654,0.046502179330174365,0.09221621714125872
Ireland,netustm_log,-1.5578650169626047,0.07001502938176198,0.0471580104762198,0.09287204828730415
Ireland,netustm_log,-1.5336657320458815,0.07067086052780741,0.047813841622265235,0.09352787943334959
Ireland,netustm_log,-1.5094664471291583,0.07132669167385283,0.048469672768310657,0.09418371057939501
Ireland,netustm_log,-1.4852671622124352,0.07198252281989828,0.049125503914356106,0.09483954172544046
Ireland,netustm_log,-1.461067877295712,0.0726383539659437,0.04978133506040153,0.09549537287148588
Ireland,netustm_log,-1.4368685923789886,0.07329418511198915,0.050437166206446976,0.09615120401753133
Ireland,netustm_log,-1.4126693074622656,0.07395001625803457,0.0510929973524924,0.09680703516357675
Ireland,netustm_log,-1.3884700225455422,0.07460584740408002,0.05174882849853785,0.0974628663096222
Ireland,netustm_log,-1.364270737628819,0.07526167855012544,0.05240465964458327,0.09811869745566762
Ireland,netustm_log,-1.3400714527120958,0.07591750969617088,0.0530604907906287,0.09877452860171305
Ireland,netustm_log,-1.3158721677953726,0.07657334084221631,0.05371632193667414,0.09943035974775849
Ireland,netustm_log,-1.2916728828786495,0.07722917198826175,0.054372153082719574,0.10008619089380393
Ireland,netustm_log,-1.267473597961926,0.07788500313430718,0.05502798422876501,0.10074202203984936
Ireland,netustm_log,-1.243274313045203,0.0785408342803526,0.05568381537481043,0.10139785318589478
Ireland,netustm_log,-1.2190750281284797,0.07919666542639806,0.05633964652085588,0.10205368433194023
Ireland,netustm_log,-1.1948757432117565,0.07985249657244349,0.056995477666901315,0.10270951547798567
Ireland,netustm_log,-1.1706764582950333,0.08050832771848893,0.05765130881294675,0.1033653466240311
Ireland,netustm_log,-1.1464771733783101,0.08116415886453435,0.05830713995899217,0.10402117777007652
Ireland,netustm_log,-1.122277888461587,0.0818199900105798,0.05896297110503762,0.10467700891612197
Ireland,netustm_log,-1.0980786035448635,0.08247582115662523,0.059618802251083056,0.10533284006216741
Ireland,netustm_log,-1.0738793186281406,0.08313165230267065,0.06027463339712848,0.10598867120821283
Ireland,netustm_log,-1.0496800337114172,0.08378748344871609,0.06093046454317391,0.10664450235425826
Ireland,netustm_log,-1.025480748794694,0.08444331459476152,0.06158629568921935,0.1073003335003037
Ireland,netustm_log,-1.0012814638779708,0.08509914574080696,0.06224212683526478,0.10795616464634913
Ireland,netustm_log,-0.9770821789612476,0.0857549768868524,0.06289795798131022,0.10861199579239457
Ireland,netustm_log,-0.9528828940445244,0.08641080803289783,0.06355378912735565,0.10926782693844
Ireland,netustm_log,-0.9286836091278012,0.08706663917894326,0.06420962027340109,0.10992365808448544
Ireland,netustm_log,-0.904484324211078,0.0877224703249887,0.06486545141944652,0.11057948923053088
Ireland,netustm_log,-0.8802850392943546,0.08837830147103413,0.06552128256549196,0.11123532037657631
Ireland,netustm_log,-0.8560857543776315,0.08903413261707957,0.0661771137115374,0.11189115152262175
Ireland,netustm_log,-0.8318864694609083,0.089689963763125,0.06683294485758283,0.11254698266866718
Ireland,netustm_log,-0.8076871845441851,0.09034579490917044,0.06748877600362826,0.11320281381471262
Ireland,netustm_log,-0.7834878996274619,0.09100162605521586,0.06814460714967369,0.11385864496075804
Ireland,netustm_log,-0.7592886147107387,0.0916574572012613,0.06880043829571912,0.11451447610680347
Ireland,netustm_log,-0.7350893297940155,0.09231328834730673,0.06945626944176456,0.11517030725284891
Ireland,netustm_log,-0.7108900448772921,0.09296911949335218,0.07011210058781,0.11582613839889436
Ireland,netustm_log,-0.6866907599605689,0.0936249506393976,0.07076793173385543,0.11648196954493978
Ireland,netustm_log,-0.6624914750438458,0.09428078178544304,0.07142376287990086,0.11713780069098521
Ireland,netustm_log,-0.6382921901271226,0.09493661293148847,0.0720795940259463,0.11779363183703065
Ireland,netustm_log,-0.6140929052103994,0.09559244407753391,0.07273542517199173,0.11844946298307608
Ireland,netustm_log,-0.5898936202936762,0.09624827522357934,0.07339125631803717,0.11910529412912152
Ireland,netustm_log,-0.565694335376953,0.09690410636962478,0.0740470874640826,0.11976112527516695
Ireland,netustm_log,-0.5414950504602296,0.09755993751567021,0.07470291861012804,0.12041695642121239
Ireland,netustm_log,-0.5172957655435064,0.09821576866171565,0.07535874975617347,0.12107278756725783
Ireland,netustm_log,-0.49309648062678324,0.09887159980776108,0.07601458090221891,0.12172861871330326
Ireland,netustm_log,-0.46889719571006006,0.09952743095380652,0.07667041204826434,0.1223844498593487
Ireland,netustm_log,-0.44469791079333687,0.10018326209985196,0.07732624319430978,0.12304028100539413
Ireland,netustm_log,-0.4204986258766137,0.10083909324589738,0.0779820743403552,0.12369611215143955
Ireland,netustm_log,-0.3962993409598905,0.10149492439194281,0.07863790548640064,0.12435194329748499
Ireland,netustm_log,-0.3721000560431671,0.10215075553798826,0.07929373663244609,0.12500777444353042
Ireland,netustm_log,-0.3479007711264439,0.1028065866840337,0.07994956777849152,0.12566360558957587
Ireland,netustm_log,-0.3237014862097207,0.10346241783007912,0.08060539892453694,0.1263194367356213
Ireland,netustm_log,-0.29950220129299754,0.10411824897612455,0.08126123007058238,0.12697526788166671
Ireland,netustm_log,-0.27530291637627435,0.10477408012216999,0.08191706121662781,0.12763109902771216
Ireland,netustm_log,-0.25110363145955117,0.10542991126821542,0.08257289236267325,0.12828693017375759
Ireland,netustm_log,-0.22690434654282798,0.10608574241426086,0.08322872350871868,0.12894276131980303
Ireland,netustm_log,-0.20270506162610458,0.1067415735603063,0.08388455465476412,0.12959859246584846
Ireland,netustm_log,-0.1785057767093814,0.10739740470635173,0.08454038580080955,0.1302544236118939
Ireland,netustm_log,-0.1543064917926582,0.10805323585239716,0.08519621694685499,0.13091025475793933
Ireland,netustm_log,-0.13010720687593502,0.1087090669984426,0.08585204809290042,0.13156608590398478
Ireland,netustm_log,-0.10590792195921184,0.10936489814448803,0.08650787923894586,0.1322219170500302
Ireland,netustm_log,-0.08170863704248865,0.11002072929053346,0.08716371038499128,0.13287774819607562
Ireland,netustm_log,-0.05750935212576547,0.11067656043657889,0.08781954153103672,0.13353357934212107
Ireland,netustm_log,-0.03331006720904206,0.11133239158262434,0.08847537267708216,0.13418941048816652
Ireland,netustm_log,-0.009110782292319097,0.11198822272866976,0.08913120382312759,0.13484524163421194
Ireland,netustm_log,0.01508850262440431,0.1126440538747152,0.08978703496917302,0.13550107278025736
Ireland,netustm_log,0.03928778754112727,0.11329988502076063,0.09044286611521846,0.1361569039263028
Ireland,netustm_log,0.06348707245785068,0.11395571616680607,0.09109869726126389,0.13681273507234823
Ireland,netustm_log,0.08768635737457409,0.1146115473128515,0.09175452840730933,0.13746856621839368
Ireland,netustm_log,0.11188564229129705,0.11526737845889694,0.09241035955335476,0.1381243973644391
Ireland,netustm_log,0.13608492720802046,0.11592320960494237,0.0930661906994002,0.13878022851048455
Ireland,netustm_log,0.16028421212474342,0.11657904075098781,0.09372202184544563,0.13943605965652997
Ireland,netustm_log,0.18448349704146683,0.11723487189703324,0.09437785299149107,0.14009189080257542
Ireland,netustm_log,0.2086827819581898,0.11789070304307867,0.09503368413753649,0.14074772194862084
Ireland,netustm_log,0.2328820668749132,0.11854653418912411,0.09568951528358194,0.1414035530946663
Ireland,netustm_log,0.2570813517916366,0.11920236533516955,0.09634534642962737,0.1420593842407117
Ireland,netustm_log,0.28128063670835957,0.11985819648121497,0.0970011775756728,0.14271521538675713
Ireland,netustm_log,0.305479921625083,0.12051402762726042,0.09765700872171824,0.14337104653280258
Ireland,netustm_log,0.32967920654180594,0.12116985877330584,0.09831283986776367,0.144026877678848
Ireland,netustm_log,0.35387849145852934,0.12182568991935128,0.0989686710138091,0.14468270882489345
Ireland,netustm_log,0.3780777763752523,0.12248152106539671,0.09962450215985454,0.14533853997093887
Ireland,netustm_log,0.4022770612919757,0.12313735221144215,0.10028033330589997,0.14599437111698432
Ireland,netustm_log,0.4264763462086991,0.1237931833574876,0.10093616445194542,0.14665020226302977
Ireland,netustm_log,0.4506756311254221,0.12444901450353302,0.10159199559799084,0.1473060334090752
Ireland,netustm_log,0.4748749160421455,0.12510484564957847,0.10224782674403629,0.14796186455512064
Ireland,netustm_log,0.49907420095886845,0.1257606767956239,0.10290365789008171,0.14861769570116606
Ireland,netustm_log,0.5232734858755919,0.1264165079416693,0.10355948903612713,0.14927352684721149
Ireland,netustm_log,0.5474727707923148,0.12707233908771476,0.10421532018217258,0.14992935799325693
Ireland,netustm_log,0.5716720557090382,0.12772817023376018,0.104871151328218,0.15058518913930236
Ireland,netustm_log,0.5958713406257616,0.12838400137980563,0.10552698247426345,0.1512410202853478
Ireland,netustm_log,0.6200706255424846,0.12903983252585105,0.10618281362030887,0.15189685143139323
Ireland,netustm_log,0.644269910459208,0.1296956636718965,0.10683864476635432,0.15255268257743868
Ireland,netustm_log,0.668469195375931,0.13035149481794192,0.10749447591239975,0.1532085137234841
Ireland,netustm_log,0.6926684802926544,0.13100732596398737,0.1081503070584452,0.15386434486952955
Ireland,netustm_log,0.7168677652093773,0.1316631571100328,0.10880613820449062,0.15452017601557497
Ireland,netustm_log,0.7410670501261007,0.13231898825607824,0.10946196935053606,0.15517600716162042
Ireland,netustm_log,0.7652663350428242,0.13297481940212366,0.11011780049658149,0.15583183830766584
Ireland,netustm_log,0.7894656199595471,0.13363065054816908,0.11077363164262691,0.15648766945371126
Ireland,netustm_log,0.8136649048762705,0.13428648169421453,0.11142946278867236,0.1571435005997567
Ireland,netustm_log,0.8378641897929935,0.13494231284025995,0.11208529393471778,0.15779933174580213
Ireland,netustm_log,0.8620634747097169,0.1355981439863054,0.11274112508076323,0.15845516289184758
Ireland,netustm_log,0.8862627596264399,0.13625397513235082,0.11339695622680865,0.159110994037893
Ireland,netustm_log,0.9104620445431633,0.13690980627839627,0.1140527873728541,0.15976682518393845
Ireland,netustm_log,0.9346613294598867,0.13756563742444172,0.11470861851889955,0.1604226563299839
Ireland,netustm_log,0.9588606143766096,0.13822146857048714,0.11536444966494497,0.16107848747602932
Ireland,netustm_log,0.983059899293333,0.13887729971653257,0.11602028081099039,0.16173431862207474
Ireland,netustm_log,1.007259184210056,0.13953313086257801,0.11667611195703584,0.1623901497681202
Ireland,netustm_log,1.0314584691267794,0.14018896200862344,0.11733194310308126,0.1630459809141656
Ireland,netustm_log,1.0556577540435024,0.14084479315466886,0.11798777424912668,0.16370181206021103
Ireland,netustm_log,1.0798570389602258,0.1415006243007143,0.11864360539517213,0.16435764320625648
Ireland,netustm_log,1.1040563238769492,0.14215645544675976,0.11929943654121758,0.16501347435230193
Ireland,netustm_log,1.1282556087936721,0.14281228659280518,0.119955267687263,0.16566930549834735
Ireland,netustm_log,1.1524548937103956,0.14346811773885063,0.12061109883330845,0.1663251366443928
Ireland,netustm_log,1.1766541786271185,0.14412394888489605,0.12126692997935387,0.16698096779043822
Ireland,netustm_log,1.200853463543842,0.1447797800309415,0.12192276112539932,0.16763679893648367
Ireland,netustm_log,1.2250527484605649,0.14543561117698692,0.12257859227144474,0.1682926300825291
Ireland,netustm_log,1.2492520333772883,0.14609144232303234,0.12323442341749016,0.16894846122857451
Ireland,netustm_log,1.2734513182940117,0.1467472734690778,0.12389025456353561,0.16960429237461996
Ireland,netustm_log,1.2976506032107347,0.1474031046151232,0.12454608570958103,0.17026012352066539
Ireland,netustm_log,1.321849888127458,0.14805893576116866,0.12520191685562648,0.17091595466671083
Ireland,netustm_log,1.346049173044181,0.14871476690721408,0.1258577480016719,0.17157178581275626
Ireland,netustm_log,1.3702484579609044,0.14937059805325953,0.12651357914771735,0.1722276169588017
Ireland,netustm_log,1.3944477428776274,0.15002642919930495,0.12716941029376277,0.17288344810484713
Ireland,netustm_log,1.4186470277943508,0.1506822603453504,0.12782524143980822,0.17353927925089258
Ireland,netustm_log,1.4428463127110742,0.15133809149139582,0.12848107258585365,0.174195110396938
Ireland,netustm_log,1.4670455976277972,0.15199392263744127,0.1291369037318991,0.17485094154298345
Ireland,netustm_log,1.4912448825445206,0.1526497537834867,0.12979273487794452,0.17550677268902887
Ireland,netustm_log,1.5154441674612436,0.1533055849295321,0.13044856602398994,0.1761626038350743
Ireland,netustm_log,1.539643452377967,0.15396141607557756,0.13110439717003539,0.17681843498111974
Ireland,netustm_log,1.56384273729469,0.15461724722162298,0.1317602283160808,0.17747426612716516
Ireland,netustm_log,1.588042022211413,0.15527307836766843,0.13241605946212626,0.1781300972732106
Ireland,nwspol_log,-2.918043184533,-0.10820039817988615,-0.12537687917776683,-0.09102391718200548
Ireland,nwspol_log,-2.890136518045641,-0.1060366897732007,-0.12321317077108138,-0.08886020877532003
Ireland,nwspol_log,-2.862229851558282,-0.10387298136651522,-0.1210494623643959,-0.08669650036863455
Ireland,nwspol_log,-2.834323185070923,-0.10170927295982977,-0.11888575395771045,-0.0845327919619491
Ireland,nwspol_log,-2.806416518583564,-0.09954556455314433,-0.116722045551025,-0.08236908355526365
Ireland,nwspol_log,-2.7785098520962053,-0.09738185614645888,-0.11455833714433955,-0.0802053751485782
Ireland,nwspol_log,-2.7506031856088464,-0.09521814773977343,-0.1123946287376541,-0.07804166674189275
Ireland,nwspol_log,-2.722696519121487,-0.09305443933308795,-0.11023092033096862,-0.07587795833520727
Ireland,nwspol_log,-2.6947898526341283,-0.09089073092640253,-0.1080672119242832,-0.07371424992852185
Ireland,nwspol_log,-2.6668831861467694,-0.08872702251971708,-0.10590350351759775,-0.0715505415218364
Ireland,nwspol_log,-2.63897651965941,-0.0865633141130316,-0.10373979511091228,-0.06938683311515093
Ireland,nwspol_log,-2.6110698531720513,-0.08439960570634615,-0.10157608670422683,-0.06722312470846548
Ireland,nwspol_log,-2.5831631866846925,-0.0822358972996607,-0.09941237829754138,-0.06505941630178003
Ireland,nwspol_log,-2.5552565201973336,-0.08007218889297525,-0.09724866989085593,-0.06289570789509458
Ireland,nwspol_log,-2.527349853709975,-0.0779084804862898,-0.09508496148417048,-0.06073199948840913
Ireland,nwspol_log,-2.4994431872226155,-0.07574477207960433,-0.092921253077485,-0.05856829108172365
Ireland,nwspol_log,-2.4715365207352566,-0.07358106367291888,-0.09075754467079955,-0.0564045826750382
Ireland,nwspol_log,-2.443629854247898,-0.07141735526623345,-0.08859383626411413,-0.05424087426835278
Ireland,nwspol_log,-2.4157231877605385,-0.06925364685954795,-0.08643012785742862,-0.052077165861667274
Ireland,nwspol_log,-2.3878165212731797,-0.06708993845286253,-0.0842664194507432,-0.04991345745498185
Ireland,nwspol_log,-2.359909854785821,-0.06492623004617708,-0.08210271104405775,-0.0477497490482964
Ireland,nwspol_log,-2.332003188298462,-0.06276252163949163,-0.0799390026373723,-0.04558604064161095
Ireland,nwspol_log,-2.304096521811103,-0.06059881323280618,-0.07777529423068685,-0.043422332234925504
Ireland,nwspol_log,-2.276189855323744,-0.0584351048261207,-0.07561158582400138,-0.041258623828240026
Ireland,nwspol_log,-2.248283188836385,-0.05627139641943525,-0.07344787741731593,-0.03909491542155458
Ireland,nwspol_log,-2.220376522349026,-0.0541076880127498,-0.07128416901063048,-0.03693120701486913
Ireland,nwspol_log,-2.192469855861667,-0.051943979606064325,-0.069120460603945,-0.03476749860818365
Ireland,nwspol_log,-2.164563189374308,-0.049780271199378875,-0.06695675219725955,-0.0326037902014982
Ireland,nwspol_log,-2.136656522886949,-0.047616562792693454,-0.06479304379057413,-0.030440081794812775
Ireland,nwspol_log,-2.1087498563995903,-0.045452854386008004,-0.06262933538388868,-0.028276373388127326
Ireland,nwspol_log,-2.0808431899122315,-0.043289145979322555,-0.06046562697720323,-0.026112664981441876
Ireland,nwspol_log,-2.052936523424872,-0.04112543757263708,-0.05830191857051775,-0.0239489565747564
Ireland,nwspol_log,-2.0250298569375134,-0.03896172916595163,-0.0561382101638323,-0.02178524816807095
Ireland,nwspol_log,-1.9971231904501545,-0.03679802075926618,-0.05397450175714685,-0.0196215397613855
Ireland,nwspol_log,-1.9692165239627955,-0.03463431235258073,-0.051810793350461404,-0.01745783135470005
Ireland,nwspol_log,-1.9413098574754364,-0.03247060394589525,-0.049647084943775927,-0.015294122948014573
Ireland,nwspol_log,-1.9134031909880775,-0.03030689553920983,-0.047483376537090505,-0.013130414541329152
Ireland,nwspol_log,-1.8854965245007187,-0.02814318713252438,-0.045319668130405055,-0.010966706134643702
Ireland,nwspol_log,-1.8575898580133596,-0.025979478725838903,-0.04315595972371958,-0.008802997727958225
Ireland,nwspol_log,-1.8296831915260006,-0.023815770319153454,-0.04099225131703413,-0.006639289321272775
Ireland,nwspol_log,-1.8017765250386417,-0.021652061912468004,-0.03882854291034868,-0.004475580914587326
Ireland,nwspol_log,-1.7738698585512829,-0.019488353505782555,-0.03666483450366323,-0.0023118725079018763
Ireland,nwspol_log,-1.7459631920639238,-0.017324645099097105,-0.03450112609697778,-0.00014816410121642684
Ireland,nwspol_log,-1.7180565255765647,-0.015160936692411628,-0.0323374176902923,0.0020155443054690504
Ireland,nwspol_log,-1.690149859089206,-0.012997228285726178,-0.030173709283606857,0.0041792527121545
Ireland,nwspol_log,-1.662243192601847,-0.010833519879040757,-0.028010000876921435,0.006342961118839922
Ireland,nwspol_log,-1.634336526114488,-0.00866981147235528,-0.025846292470235958,0.008506669525525399
Ireland,nwspol_log,-1.606429859627129,-0.006506103065669816,-0.023682584063550494,0.010670377932210862
Ireland,nwspol_log,-1.57852319313977,-0.00434239465898438,-0.02151887565686506,0.012834086338896298
Ireland,nwspol_log,-1.5506165266524112,-0.002178686252298931,-0.01935516725017961,0.014997794745581747
Ireland,nwspol_log,-1.5227098601650522,-1.4977845613467489e-05,-0.017191458843494146,0.01716150315226721
Ireland,nwspol_log,-1.494803193677693,0.002148730561071996,-0.015027750436808682,0.019325211558952674
Ireland,nwspol_log,-1.4668965271903343,0.004312438967757445,-0.012864042030123233,0.021488919965638124
Ireland,nwspol_log,-1.4389898607029754,0.006476147374442881,-0.010700333623437797,0.02365262837232356
Ireland,nwspol_log,-1.4110831942156163,0.008639855781128344,-0.008536625216752334,0.025816336779009023
Ireland,nwspol_log,-1.3831765277282573,0.010803564187813808,-0.0063729168100668705,0.027980045185694486
Ireland,nwspol_log,-1.3552698612408984,0.012967272594499257,-0.004209208403381421,0.030143753592379936
Ireland,nwspol_log,-1.3273631947535396,0.015130981001184693,-0.0020454999966959854,0.03230746199906537
Ireland,nwspol_log,-1.2994565282661805,0.017294689407870156,0.00011820840998947799,0.03447117040575083
Ireland,nwspol_log,-1.2715498617788215,0.01945839781455562,0.0022819168166749414,0.036634878812436295
Ireland,nwspol_log,-1.2436431952914626,0.02162210622124107,0.004445625223360391,0.038798587219121744
Ireland,nwspol_log,-1.2157365288041038,0.02378581462792652,0.00660933363004584,0.040962295625807194
Ireland,nwspol_log,-1.1878298623167447,0.025949523034611968,0.00877304203673129,0.04312600403249264
Ireland,nwspol_log,-1.1599231958293856,0.02811323144129743,0.010936750443416753,0.045289712439178106
Ireland,nwspol_log,-1.1320165293420268,0.03027693984798288,0.013100458850102203,0.047453420845863556
Ireland,nwspol_log,-1.104109862854668,0.03244064825466833,0.015264167256787652,0.049617129252549005
Ireland,nwspol_log,-1.0762031963673089,0.034604356661353794,0.017427875663473116,0.05178083765923447
Ireland,nwspol_log,-1.0482965298799498,0.03676806506803926,0.01959158407015858,0.05394454606591993
Ireland,nwspol_log,-1.020389863392591,0.03893177347472469,0.021755292476844015,0.05610825447260537
Ireland,nwspol_log,-0.9924831969052321,0.04109548188141014,0.023919000883529464,0.05827196287929082
Ireland,nwspol_log,-0.9645765304178731,0.043259190288095606,0.026082709290214928,0.06043567128597628
Ireland,nwspol_log,-0.936669863930514,0.04542289869478107,0.02824641769690039,0.06259937969266174
Ireland,nwspol_log,-0.9087631974431551,0.047586607101466505,0.030410126103585827,0.06476308809934718
Ireland,nwspol_log,-0.8808565309557963,0.049750315508151954,0.03257383451027128,0.06692679650603263
Ireland,nwspol_log,-0.8529498644684375,0.051914023914837404,0.03473754291695673,0.06909050491271808
Ireland,nwspol_log,-0.8250431979810782,0.05407773232152288,0.036901251323642206,0.07125421331940356
Ireland,nwspol_log,-0.7971365314937193,0.056241440728208324,0.03906495973032764,0.073417921726089
Ireland,nwspol_log,-0.7692298650063605,0.058405149134893766,0.04122866813701309,0.07558163013277444
Ireland,nwspol_log,-0.7413231985190012,0.06056885754157925,0.04339237654369857,0.07774533853945993
Ireland,nwspol_log,-0.7134165320316423,0.06273256594826469,0.04555608495038402,0.07990904694614537
Ireland,nwspol_log,-0.6855098655442835,0.06489627435495013,0.047719793357069454,0.0820727553528308
Ireland,nwspol_log,-0.6576031990569247,0.06705998276163558,0.0498835017637549,0.08423646375951625
Ireland,nwspol_log,-0.6296965325695658,0.06922369116832103,0.05204721017044035,0.0864001721662017
Ireland,nwspol_log,-0.6017898660822065,0.0713873995750065,0.05421091857712583,0.08856388057288718
Ireland,nwspol_log,-0.5738831995948477,0.07355110798169195,0.05637462698381128,0.09072758897957263
Ireland,nwspol_log,-0.5459765331074888,0.0757148163883774,0.05853833539049673,0.09289129738625808
Ireland,nwspol_log,-0.5180698666201295,0.07787852479506288,0.060702043797182206,0.09505500579294356
Ireland,nwspol_log,-0.4901632001327707,0.08004223320174833,0.06286575220386766,0.097218714199629
Ireland,nwspol_log,-0.46225653364541186,0.08220594160843377,0.06502946061055309,0.09938242260631444
Ireland,nwspol_log,-0.434349867158053,0.0843696500151192,0.06719316901723853,0.10154613101299988
Ireland,nwspol_log,-0.40644320067069417,0.08653335842180465,0.06935687742392398,0.10370983941968533
Ireland,nwspol_log,-0.3785365341833349,0.08869706682849013,0.07152058583060945,0.1058735478263708
Ireland,nwspol_log,-0.35062986769597604,0.09086077523517558,0.0736842942372949,0.10803725623305625
Ireland,nwspol_log,-0.3227232012086172,0.09302448364186103,0.07584800264398035,0.1102009646397417
Ireland,nwspol_log,-0.2948165347212579,0.0951881920485465,0.07801171105066583,0.11236467304642718
Ireland,nwspol_log,-0.26690986823389906,0.09735190045523195,0.08017541945735128,0.11452838145311263
Ireland,nwspol_log,-0.23900320174654022,0.09951560886191739,0.08233912786403672,0.11669208985979806
Ireland,nwspol_log,-0.21109653525918137,0.10167931726860284,0.08450283627072216,0.11885579826648351
Ireland,nwspol_log,-0.18318986877182253,0.10384302567528829,0.08666654467740761,0.12101950667316896
Ireland,nwspol_log,-0.15528320228446324,0.10600673408197377,0.08883025308409309,0.12318321507985444
Ireland,nwspol_log,-0.1273765357971044,0.1081704424886592,0.09099396149077853,0.1253469234865399
Ireland,nwspol_log,-0.09946986930974555,0.11033415089534465,0.09315766989746398,0.12751063189322534
Ireland,nwspol_log,-0.07156320282238626,0.11249785930203013,0.09532137830414945,0.12967434029991082
Ireland,nwspol_log,-0.04365653633502742,0.11466156770871558,0.0974850867108349,0.13183804870659627
Ireland,nwspol_log,-0.015749869847668574,0.11682527611540103,0.09964879511752035,0.13400175711328172
Ireland,nwspol_log,0.01215679663969027,0.11898898452208646,0.10181250352420579,0.13616546551996714
Ireland,nwspol_log,0.040063463127049115,0.12115269292877191,0.10397621193089124,0.1383291739266526
Ireland,nwspol_log,0.0679701296144084,0.12331640133545739,0.10613992033757672,0.14049288233333806
Ireland,nwspol_log,0.09587679610176725,0.12548010974214283,0.10830362874426215,0.14265659074002351
Ireland,nwspol_log,0.12378346258912609,0.12764381814882828,0.1104673371509476,0.14482029914670896
Ireland,nwspol_log,0.15169012907648538,0.12980752655551375,0.11263104555763308,0.14698400755339444
Ireland,nwspol_log,0.17959679556384422,0.1319712349621992,0.11479475396431853,0.1491477159600799
Ireland,nwspol_log,0.20750346205120307,0.13413494336888465,0.11695846237100398,0.15131142436676534
Ireland,nwspol_log,0.2354101285385619,0.1362986517755701,0.11912217077768943,0.1534751327734508
Ireland,nwspol_log,0.26331679502592076,0.13846236018225555,0.12128587918437488,0.15563884118013624
Ireland,nwspol_log,0.29122346151328005,0.14062606858894103,0.12344958759106035,0.15780254958682172
Ireland,nwspol_log,0.3191301280006389,0.14278977699562645,0.12561329599774576,0.15996625799350714
Ireland,nwspol_log,0.34703679448799774,0.1449534854023119,0.1277770044044312,0.1621299664001926
Ireland,nwspol_log,0.374943460975357,0.14711719380899738,0.1299407128111167,0.16429367480687807
Ireland,nwspol_log,0.40285012746271587,0.14928090221568283,0.13210442121780214,0.16645738321356351
Ireland,nwspol_log,0.4307567939500747,0.15144461062236828,0.1342681296244876,0.16862109162024896
Ireland,nwspol_log,0.45866346043743356,0.15360831902905372,0.13643183803117304,0.1707848000269344
Ireland,nwspol_log,0.4865701269247924,0.15577202743573917,0.13859554643785849,0.17294850843361986
Ireland,nwspol_log,0.5144767934121517,0.15793573584242465,0.14075925484454396,0.17511221684030534
Ireland,nwspol_log,0.5423834598995105,0.1600994442491101,0.1429229632512294,0.1772759252469908
Ireland,nwspol_log,0.5702901263868694,0.16226315265579555,0.14508667165791486,0.17943963365367624
Ireland,nwspol_log,0.5981967928742287,0.164426861062481,0.1472503800646003,0.1816033420603617
Ireland,nwspol_log,0.6261034593615875,0.16659056946916645,0.14941408847128576,0.18376705046704714
Ireland,nwspol_log,0.6540101258489464,0.1687542778758519,0.1515777968779712,0.1859307588737326
Ireland,nwspol_log,0.6819167923363052,0.17091798628253735,0.15374150528465666,0.18809446728041804
Ireland,nwspol_log,0.709823458823664,0.1730816946892228,0.1559052136913421,0.1902581756871035
Ireland,nwspol_log,0.7377301253110233,0.17524540309590828,0.1580689220980276,0.19242188409378896
Ireland,nwspol_log,0.7656367917983822,0.17740911150259372,0.16023263050471304,0.1945855925004744
Ireland,nwspol_log,0.793543458285741,0.17957281990927917,0.16239633891139849,0.19674930090715986
Ireland,nwspol_log,0.8214501247731003,0.18173652831596465,0.16456004731808396,0.19891300931384534
Ireland,nwspol_log,0.8493567912604592,0.1839002367226501,0.1667237557247694,0.2010767177205308
Ireland,nwspol_log,0.877263457747818,0.18606394512933555,0.16888746413145486,0.20324042612721624
Ireland,nwspol_log,0.9051701242351768,0.18822765353602097,0.17105117253814028,0.20540413453390166
Ireland,nwspol_log,0.9330767907225357,0.19039136194270642,0.17321488094482573,0.2075678429405871
Ireland,nwspol_log,0.960983457209895,0.1925550703493919,0.1753785893515112,0.2097315513472726
Ireland,nwspol_log,0.9888901236972538,0.19471877875607735,0.17754229775819666,0.21189525975395804
Ireland,nwspol_log,1.0167967901846127,0.1968824871627628,0.1797060061648821,0.2140589681606435
Ireland,nwspol_log,1.044703456671972,0.19904619556944828,0.1818697145715676,0.21622267656732896
Ireland,nwspol_log,1.0726101231593308,0.2012099039761337,0.184033422978253,0.21838638497401439
Ireland,nwspol_log,1.1005167896466896,0.20337361238281915,0.18619713138493846,0.22055009338069984
Ireland,nwspol_log,1.128423456134049,0.20553732078950465,0.18836083979162396,0.22271380178738534
Ireland,nwspol_log,1.1563301226214073,0.20770102919619005,0.19052454819830936,0.22487751019407073
Ireland,nwspol_log,1.1842367891087666,0.20986473760287555,0.19268825660499486,0.22704121860075624
Ireland,nwspol_log,1.212143455596125,0.21202844600956094,0.19485196501168026,0.22920492700744163
Ireland,nwspol_log,1.240050122083484,0.2141921544162464,0.1970156734183657,0.23136863541412708
Italy,netustm_log,-2.017651430380346,-0.390399593093837,-0.41292301793846353,-0.36787616824921043
Italy,netustm_log,-1.9934521454636227,-0.38919901468998086,-0.4117224395346074,-0.3666755898453543
Italy,netustm_log,-1.9692528605468995,-0.38799843628612474,-0.4105218611307513,-0.3654750114414982
Italy,netustm_log,-1.9450535756301763,-0.3867978578822686,-0.40932128272689516,-0.36427443303764206
Italy,netustm_log,-1.920854290713453,-0.3855972794784125,-0.40812070432303904,-0.36307385463378594
Italy,netustm_log,-1.8966550057967297,-0.38439670107455637,-0.4069201259191829,-0.3618732762299298
Italy,netustm_log,-1.8724557208800066,-0.38319612267070025,-0.4057195475153268,-0.3606726978260737
Italy,netustm_log,-1.8482564359632834,-0.38199554426684407,-0.4045189691114706,-0.3594721194222175
Italy,netustm_log,-1.8240571510465602,-0.38079496586298794,-0.4033183907076145,-0.3582715410183614
Italy,netustm_log,-1.799857866129837,-0.3795943874591318,-0.40211781230375837,-0.35707096261450527
Italy,netustm_log,-1.7756585812131138,-0.3783938090552757,-0.40091723389990225,-0.35587038421064915
Italy,netustm_log,-1.7514592962963906,-0.3771932306514196,-0.3997166554960461,-0.354669805806793
Italy,netustm_log,-1.7272600113796672,-0.37599265224756345,-0.39851607709219,-0.3534692274029369
Italy,netustm_log,-1.703060726462944,-0.37479207384370733,-0.3973154986883339,-0.3522686489990808
Italy,netustm_log,-1.6788614415462209,-0.37359149543985115,-0.3961149202844777,-0.3510680705952246
Italy,netustm_log,-1.6546621566294977,-0.37239091703599503,-0.3949143418806216,-0.3498674921913685
Italy,netustm_log,-1.6304628717127745,-0.3711903386321389,-0.39371376347676545,-0.34866691378751236
Italy,netustm_log,-1.606263586796051,-0.3699897602282828,-0.39251318507290933,-0.34746633538365623
Italy,netustm_log,-1.5820643018793281,-0.36878918182442666,-0.3913126066690532,-0.3462657569798001
Italy,netustm_log,-1.5578650169626047,-0.36758860342057054,-0.3901120282651971,-0.345065178575944
Italy,netustm_log,-1.5336657320458815,-0.3663880250167144,-0.38891144986134096,-0.34386460017208786
Italy,netustm_log,-1.5094664471291583,-0.3651874466128583,-0.38771087145748484,-0.34266402176823174
Italy,netustm_log,-1.4852671622124352,-0.36398686820900217,-0.3865102930536287,-0.3414634433643756
Italy,netustm_log,-1.461067877295712,-0.36278628980514604,-0.3853097146497726,-0.3402628649605195
Italy,netustm_log,-1.4368685923789886,-0.3615857114012899,-0.38410913624591647,-0.3390622865566634
Italy,netustm_log,-1.4126693074622656,-0.3603851329974338,-0.38290855784206035,-0.33786170815280725
Italy,netustm_log,-1.3884700225455422,-0.3591845545935776,-0.38170797943820417,-0.33666112974895107
Italy,netustm_log,-1.364270737628819,-0.3579839761897215,-0.38050740103434805,-0.33546055134509495
Italy,netustm_log,-1.3400714527120958,-0.3567833977858654,-0.3793068226304919,-0.3342599729412388
Italy,netustm_log,-1.3158721677953726,-0.35558281938200925,-0.3781062442266358,-0.3330593945373827
Italy,netustm_log,-1.2916728828786495,-0.35438224097815313,-0.3769056658227797,-0.3318588161335266
Italy,netustm_log,-1.267473597961926,-0.353181662574297,-0.37570508741892356,-0.33065823772967046
Italy,netustm_log,-1.243274313045203,-0.3519810841704409,-0.37450450901506743,-0.32945765932581433
Italy,netustm_log,-1.2190750281284797,-0.3507805057665847,-0.37330393061121125,-0.32825708092195816
Italy,netustm_log,-1.1948757432117565,-0.3495799273627286,-0.37210335220735513,-0.32705650251810203
Italy,netustm_log,-1.1706764582950333,-0.34837934895887246,-0.370902773803499,-0.3258559241142459
Italy,netustm_log,-1.1464771733783101,-0.34717877055501634,-0.3697021953996429,-0.3246553457103898
Italy,netustm_log,-1.122277888461587,-0.3459781921511602,-0.36850161699578676,-0.32345476730653366
Italy,netustm_log,-1.0980786035448635,-0.3447776137473041,-0.36730103859193064,-0.32225418890267754
Italy,netustm_log,-1.0738793186281406,-0.34357703534344797,-0.3661004601880745,-0.3210536104988214
Italy,netustm_log,-1.0496800337114172,-0.34237645693959184,-0.3648998817842184,-0.3198530320949653
Italy,netustm_log,-1.025480748794694,-0.3411758785357357,-0.36369930338036227,-0.31865245369110917
Italy,netustm_log,-1.0012814638779708,-0.3399753001318796,-0.36249872497650615,-0.31745187528725305
Italy,netustm_log,-0.9770821789612476,-0.3387747217280235,-0.36129814657265,-0.3162512968833969
Italy,netustm_log,-0.9528828940445244,-0.33757414332416735,-0.3600975681687939,-0.3150507184795408
Italy,netustm_log,-0.9286836091278012,-0.3363735649203112,-0.3588969897649377,-0.3138501400756846
Italy,netustm_log,-0.904484324211078,-0.33517298651645505,-0.3576964113610816,-0.3126495616718285
Italy,netustm_log,-0.8802850392943546,-0.33397240811259893,-0.3564958329572255,-0.3114489832679724
Italy,netustm_log,-0.8560857543776315,-0.3327718297087428,-0.35529525455336936,-0.31024840486411626
Italy,netustm_log,-0.8318864694609083,-0.3315712513048867,-0.35409467614951323,-0.30904782646026013
Italy,netustm_log,-0.8076871845441851,-0.33037067290103056,-0.3528940977456571,-0.307847248056404
Italy,netustm_log,-0.7834878996274619,-0.32917009449717444,-0.351693519341801,-0.3066466696525479
Italy,netustm_log,-0.7592886147107387,-0.3279695160933183,-0.35049294093794486,-0.30544609124869176
Italy,netustm_log,-0.7350893297940155,-0.3267689376894622,-0.34929236253408874,-0.30424551284483564
Italy,netustm_log,-0.7108900448772921,-0.325568359285606,-0.34809178413023256,-0.30304493444097946
Italy,netustm_log,-0.6866907599605689,-0.3243677808817499,-0.34689120572637644,-0.30184435603712334
Italy,netustm_log,-0.6624914750438458,-0.32316720247789377,-0.3456906273225203,-0.3006437776332672
Italy,netustm_log,-0.6382921901271226,-0.32196662407403764,-0.3444900489186642,-0.2994431992294111
Italy,netustm_log,-0.6140929052103994,-0.3207660456701815,-0.34328947051480807,-0.29824262082555497
Italy,netustm_log,-0.5898936202936762,-0.3195654672663254,-0.34208889211095195,-0.29704204242169885
Italy,netustm_log,-0.565694335376953,-0.3183648888624693,-0.3408883137070958,-0.2958414640178427
Italy,netustm_log,-0.5414950504602296,-0.31716431045861315,-0.3396877353032397,-0.2946408856139866
Italy,netustm_log,-0.5172957655435064,-0.31596373205475703,-0.3384871568993836,-0.2934403072101305
Italy,netustm_log,-0.49309648062678324,-0.31476315365090085,-0.3372865784955274,-0.2922397288062743
Italy,netustm_log,-0.46889719571006006,-0.31356257524704473,-0.3360860000916713,-0.2910391504024182
Italy,netustm_log,-0.44469791079333687,-0.3123619968431886,-0.33488542168781515,-0.28983857199856206
Italy,netustm_log,-0.4204986258766137,-0.3111614184393325,-0.33368484328395903,-0.28863799359470593
Italy,netustm_log,-0.3962993409598905,-0.30996084003547636,-0.3324842648801029,-0.2874374151908498
Italy,netustm_log,-0.3721000560431671,-0.30876026163162024,-0.3312836864762468,-0.2862368367869937
Italy,netustm_log,-0.3479007711264439,-0.3075596832277641,-0.33008310807239066,-0.28503625838313756
Italy,netustm_log,-0.3237014862097207,-0.306359104823908,-0.32888252966853454,-0.28383567997928144
Italy,netustm_log,-0.29950220129299754,-0.30515852642005187,-0.3276819512646784,-0.2826351015754253
Italy,netustm_log,-0.27530291637627435,-0.3039579480161957,-0.32648137286082224,-0.28143452317156914
Italy,netustm_log,-0.25110363145955117,-0.30275736961233957,-0.3252807944569661,-0.280233944767713
Italy,netustm_log,-0.22690434654282798,-0.30155679120848344,-0.32408021605311,-0.2790333663638569
Italy,netustm_log,-0.20270506162610458,-0.3003562128046273,-0.32287963764925387,-0.27783278796000077
Italy,netustm_log,-0.1785057767093814,-0.2991556344007712,-0.32167905924539775,-0.27663220955614465
Italy,netustm_log,-0.1543064917926582,-0.2979550559969151,-0.3204784808415416,-0.2754316311522885
Italy,netustm_log,-0.13010720687593502,-0.29675447759305895,-0.3192779024376855,-0.2742310527484324
Italy,netustm_log,-0.10590792195921184,-0.29555389918920283,-0.3180773240338294,-0.2730304743445763
Italy,netustm_log,-0.08170863704248865,-0.2943533207853467,-0.31687674562997326,-0.27182989594072016
Italy,netustm_log,-0.05750935212576547,-0.2931527423814906,-0.31567616722611713,-0.27062931753686403
Italy,netustm_log,-0.03331006720904206,-0.2919521639776344,-0.31447558882226095,-0.26942873913300786
Italy,netustm_log,-0.009110782292319097,-0.2907515855737783,-0.31327501041840483,-0.26822816072915173
Italy,netustm_log,0.01508850262440431,-0.28955100716992216,-0.3120744320145487,-0.2670275823252956
Italy,netustm_log,0.03928778754112727,-0.28835042876606604,-0.3108738536106926,-0.2658270039214395
Italy,netustm_log,0.06348707245785068,-0.2871498503622099,-0.30967327520683646,-0.26462642551758336
Italy,netustm_log,0.08768635737457409,-0.2859492719583538,-0.30847269680298034,-0.26342584711372724
Italy,netustm_log,0.11188564229129705,-0.28474869355449767,-0.3072721183991242,-0.2622252687098711
Italy,netustm_log,0.13608492720802046,-0.28354811515064154,-0.3060715399952681,-0.261024690306015
Italy,netustm_log,0.16028421212474342,-0.2823475367467854,-0.30487096159141197,-0.25982411190215887
Italy,netustm_log,0.18448349704146683,-0.28114695834292924,-0.3036703831875558,-0.2586235334983027
Italy,netustm_log,0.2086827819581898,-0.2799463799390732,-0.3024698047836997,-0.2574229550944466
Italy,netustm_log,0.2328820668749132,-0.278745801535217,-0.30126922637984355,-0.25622237669059045
Italy,netustm_log,0.2570813517916366,-0.2775452231313609,-0.3000686479759874,-0.2550217982867343
Italy,netustm_log,0.28128063670835957,-0.27634464472750475,-0.2988680695721313,-0.2538212198828782
Italy,netustm_log,0.305479921625083,-0.27514406632364863,-0.2976674911682752,-0.2526206414790221
Italy,netustm_log,0.32967920654180594,-0.2739434879197925,-0.29646691276441905,-0.25142006307516596
Italy,netustm_log,0.35387849145852934,-0.2727429095159364,-0.29526633436056293,-0.25021948467130983
Italy,netustm_log,0.3780777763752523,-0.27154233111208026,-0.2940657559567068,-0.2490189062674537
Italy,netustm_log,0.4022770612919757,-0.27034175270822414,-0.2928651775528507,-0.2478183278635976
Italy,netustm_log,0.4264763462086991,-0.26914117430436796,-0.2916645991489945,-0.2466177494597414
Italy,netustm_log,0.4506756311254221,-0.26794059590051184,-0.2904640207451384,-0.24541717105588529
Italy,netustm_log,0.4748749160421455,-0.2667400174966557,-0.28926344234128226,-0.24421659265202916
Italy,netustm_log,0.49907420095886845,-0.2655394390927996,-0.28806286393742614,-0.24301601424817304
Italy,netustm_log,0.5232734858755919,-0.26433886068894347,-0.28686228553357,-0.24181543584431692
Italy,netustm_log,0.5474727707923148,-0.26313828228508734,-0.2856617071297139,-0.2406148574404608
Italy,netustm_log,0.5716720557090382,-0.2619377038812312,-0.28446112872585777,-0.23941427903660467
Italy,netustm_log,0.5958713406257616,-0.2607371254773751,-0.28326055032200165,-0.23821370063274855
Italy,netustm_log,0.6200706255424846,-0.259536547073519,-0.2820599719181455,-0.23701312222889243
Italy,netustm_log,0.644269910459208,-0.2583359686696628,-0.28085939351428935,-0.23581254382503625
Italy,netustm_log,0.668469195375931,-0.2571353902658067,-0.2796588151104332,-0.23461196542118012
Italy,netustm_log,0.6926684802926544,-0.25593481186195055,-0.2784582367065771,-0.233411387017324
Italy,netustm_log,0.7168677652093773,-0.25473423345809443,-0.277257658302721,-0.23221080861346788
Italy,netustm_log,0.7410670501261007,-0.2535336550542383,-0.27605707989886485,-0.23101023020961176
Italy,netustm_log,0.7652663350428242,-0.2523330766503822,-0.27485650149500873,-0.22980965180575563
Italy,netustm_log,0.7894656199595471,-0.25113249824652606,-0.2736559230911526,-0.2286090734018995
Italy,netustm_log,0.8136649048762705,-0.2499319198426699,-0.2724553446872965,-0.22740849499804336
Italy,netustm_log,0.8378641897929935,-0.2487313414388138,-0.27125476628344036,-0.22620791659418726
Italy,netustm_log,0.8620634747097169,-0.24753076303495766,-0.27005418787958424,-0.2250073381903311
Italy,netustm_log,0.8862627596264399,-0.24633018463110154,-0.2688536094757281,-0.223806759786475
Italy,netustm_log,0.9104620445431633,-0.24512960622724542,-0.267653031071872,-0.22260618138261887
Italy,netustm_log,0.9346613294598867,-0.24392902782338927,-0.2664524526680158,-0.22140560297876272
Italy,netustm_log,0.9588606143766096,-0.24272844941953314,-0.2652518742641597,-0.2202050245749066
Italy,netustm_log,0.983059899293333,-0.24152787101567702,-0.26405129586030357,-0.21900444617105047
Italy,netustm_log,1.007259184210056,-0.2403272926118209,-0.26285071745644745,-0.21780386776719435
Italy,netustm_log,1.0314584691267794,-0.23912671420796477,-0.2616501390525913,-0.21660328936333823
Italy,netustm_log,1.0556577540435024,-0.23792613580410865,-0.2604495606487352,-0.2154027109594821
Italy,netustm_log,1.0798570389602258,-0.2367255574002525,-0.2592489822448791,-0.21420213255562595
Italy,netustm_log,1.1040563238769492,-0.23552497899639638,-0.25804840384102296,-0.21300155415176983
Italy,netustm_log,1.1282556087936721,-0.23432440059254026,-0.25684782543716683,-0.2118009757479137
Italy,netustm_log,1.1524548937103956,-0.2331238221886841,-0.25564724703331065,-0.21060039734405755
Italy,netustm_log,1.1766541786271185,-0.23192324378482798,-0.25444666862945453,-0.20939981894020143
Italy,netustm_log,1.200853463543842,-0.23072266538097186,-0.2532460902255984,-0.2081992405363453
Italy,netustm_log,1.2250527484605649,-0.22952208697711574,-0.2520455118217423,-0.2069986621324892
Italy,netustm_log,1.2492520333772883,-0.2283215085732596,-0.25084493341788616,-0.20579808372863306
Italy,netustm_log,1.2734513182940117,-0.22712093016940346,-0.24964435501403,-0.2045975053247769
Italy,netustm_log,1.2976506032107347,-0.22592035176554737,-0.24844377661017392,-0.20339692692092082
Italy,netustm_log,1.321849888127458,-0.22471977336169122,-0.24724319820631777,-0.20219634851706467
Italy,netustm_log,1.346049173044181,-0.2235191949578351,-0.24604261980246164,-0.20099577011320854
Italy,netustm_log,1.3702484579609044,-0.22231861655397894,-0.2448420413986055,-0.1997951917093524
Italy,netustm_log,1.3944477428776274,-0.22111803815012285,-0.2436414629947494,-0.1985946133054963
Italy,netustm_log,1.4186470277943508,-0.2199174597462667,-0.24244088459089325,-0.19739403490164015
Italy,netustm_log,1.4428463127110742,-0.21871688134241057,-0.24124030618703712,-0.19619345649778402
Italy,netustm_log,1.4670455976277972,-0.21751630293855445,-0.240039727783181,-0.1949928780939279
Italy,netustm_log,1.4912448825445206,-0.21631572453469833,-0.23883914937932488,-0.19379229969007178
Italy,netustm_log,1.5154441674612436,-0.2151151461308422,-0.23763857097546875,-0.19259172128621566
Italy,netustm_log,1.539643452377967,-0.21391456772698605,-0.2364379925716126,-0.1913911428823595
Italy,netustm_log,1.56384273729469,-0.21271398932312996,-0.2352374141677565,-0.1901905644785034
Italy,netustm_log,1.588042022211413,-0.2115134109192738,-0.23403683576390036,-0.18898998607464726
Italy,nwspol_log,-2.918043184533,-0.39111252374985384,-0.40848655024370567,-0.373738497256002
Italy,nwspol_log,-2.890136518045641,-0.3901900018005605,-0.40756402829441235,-0.3728159753067087
Italy,nwspol_log,-2.862229851558282,-0.38926747985126714,-0.406641506345119,-0.3718934533574153
Italy,nwspol_log,-2.834323185070923,-0.38834495790197376,-0.4057189843958256,-0.37097093140812193
Italy,nwspol_log,-2.806416518583564,-0.38742243595268044,-0.4047964624465323,-0.3700484094588286
Italy,nwspol_log,-2.7785098520962053,-0.3864999140033871,-0.40387394049723896,-0.3691258875095353
Italy,nwspol_log,-2.7506031856088464,-0.38557739205409375,-0.4029514185479456,-0.3682033655602419
Italy,nwspol_log,-2.722696519121487,-0.38465487010480043,-0.40202889659865226,-0.3672808436109486
Italy,nwspol_log,-2.6947898526341283,-0.38373234815550705,-0.4011063746493589,-0.3663583216616552
Italy,nwspol_log,-2.6668831861467694,-0.38280982620621373,-0.40018385270006557,-0.3654357997123619
Italy,nwspol_log,-2.63897651965941,-0.38188730425692036,-0.3992613307507722,-0.3645132777630685
Italy,nwspol_log,-2.6110698531720513,-0.38096478230762704,-0.39833880880147887,-0.3635907558137752
Italy,nwspol_log,-2.5831631866846925,-0.38004226035833366,-0.3974162868521855,-0.3626682338644818
Italy,nwspol_log,-2.5552565201973336,-0.37911973840904034,-0.3964937649028922,-0.3617457119151885
Italy,nwspol_log,-2.527349853709975,-0.378197216459747,-0.39557124295359886,-0.3608231899658952
Italy,nwspol_log,-2.4994431872226155,-0.37727469451045365,-0.3946487210043055,-0.3599006680166018
Italy,nwspol_log,-2.4715365207352566,-0.37635217256116027,-0.3937261990550121,-0.35897814606730843
Italy,nwspol_log,-2.443629854247898,-0.37542965061186695,-0.3928036771057188,-0.3580556241180151
Italy,nwspol_log,-2.4157231877605385,-0.37450712866257363,-0.39188115515642546,-0.3571331021687218
Italy,nwspol_log,-2.3878165212731797,-0.37358460671328025,-0.3909586332071321,-0.3562105802194284
Italy,nwspol_log,-2.359909854785821,-0.3726620847639869,-0.3900361112578387,-0.35528805827013504
Italy,nwspol_log,-2.332003188298462,-0.37173956281469356,-0.3891135893085454,-0.3543655363208417
Italy,nwspol_log,-2.304096521811103,-0.37081704086540024,-0.3881910673592521,-0.3534430143715484
Italy,nwspol_log,-2.276189855323744,-0.36989451891610686,-0.3872685454099587,-0.352520492422255
Italy,nwspol_log,-2.248283188836385,-0.36897199696681354,-0.3863460234606654,-0.3515979704729617
Italy,nwspol_log,-2.220376522349026,-0.36804947501752017,-0.385423501511372,-0.35067544852366833
Italy,nwspol_log,-2.192469855861667,-0.36712695306822685,-0.3845009795620787,-0.349752926574375
Italy,nwspol_log,-2.164563189374308,-0.36620443111893347,-0.3835784576127853,-0.34883040462508164
Italy,nwspol_log,-2.136656522886949,-0.36528190916964015,-0.382655935663492,-0.3479078826757883
Italy,nwspol_log,-2.1087498563995903,-0.3643593872203468,-0.3817334137141986,-0.34698536072649494
Italy,nwspol_log,-2.0808431899122315,-0.36343686527105346,-0.3808108917649053,-0.3460628387772016
Italy,nwspol_log,-2.052936523424872,-0.3625143433217601,-0.3798883698156119,-0.34514031682790824
Italy,nwspol_log,-2.0250298569375134,-0.36159182137246676,-0.3789658478663186,-0.3442177948786149
Italy,nwspol_log,-1.9971231904501545,-0.3606692994231734,-0.3780433259170252,-0.34329527292932155
Italy,nwspol_log,-1.9692165239627955,-0.35974677747388006,-0.3771208039677319,-0.34237275098002823
Italy,nwspol_log,-1.9413098574754364,-0.35882425552458674,-0.3761982820184386,-0.3414502290307349
Italy,nwspol_log,-1.9134031909880775,-0.35790173357529337,-0.3752757600691452,-0.34052770708144153
Italy,nwspol_log,-1.8854965245007187,-0.35697921162600005,-0.3743532381198519,-0.3396051851321482
Italy,nwspol_log,-1.8575898580133596,-0.3560566896767067,-0.3734307161705585,-0.33868266318285484
Italy,nwspol_log,-1.8296831915260006,-0.35513416772741335,-0.3725081942212652,-0.3377601412335615
Italy,nwspol_log,-1.8017765250386417,-0.35421164577812,-0.3715856722719718,-0.33683761928426814
Italy,nwspol_log,-1.7738698585512829,-0.35328912382882666,-0.3706631503226785,-0.3359150973349748
Italy,nwspol_log,-1.7459631920639238,-0.3523666018795333,-0.3697406283733851,-0.33499257538568145
Italy,nwspol_log,-1.7180565255765647,-0.35144407993023996,-0.3688181064240918,-0.3340700534363881
Italy,nwspol_log,-1.690149859089206,-0.3505215579809466,-0.3678955844747984,-0.33314753148709475
Italy,nwspol_log,-1.662243192601847,-0.34959903603165327,-0.3669730625255051,-0.33222500953780143
Italy,nwspol_log,-1.634336526114488,-0.3486765140823599,-0.3660505405762117,-0.33130248758850805
Italy,nwspol_log,-1.606429859627129,-0.34775399213306657,-0.3651280186269184,-0.33037996563921473
Italy,nwspol_log,-1.57852319313977,-0.3468314701837732,-0.36420549667762503,-0.32945744368992136
Italy,nwspol_log,-1.5506165266524112,-0.3459089482344799,-0.3632829747283317,-0.32853492174062804
Italy,nwspol_log,-1.5227098601650522,-0.3449864262851865,-0.36236045277903833,-0.32761239979133466
Italy,nwspol_log,-1.494803193677693,-0.3440639043358932,-0.361437930829745,-0.32668987784204134
Italy,nwspol_log,-1.4668965271903343,-0.34314138238659986,-0.3605154088804517,-0.325767355892748
Italy,nwspol_log,-1.4389898607029754,-0.3422188604373065,-0.3595928869311583,-0.32484483394345465
Italy,nwspol_log,-1.4110831942156163,-0.34129633848801316,-0.358670364981865,-0.3239223119941613
Italy,nwspol_log,-1.3831765277282573,-0.3403738165387198,-0.3577478430325716,-0.32299979004486795
Italy,nwspol_log,-1.3552698612408984,-0.33945129458942647,-0.3568253210832783,-0.32207726809557463
Italy,nwspol_log,-1.3273631947535396,-0.3385287726401331,-0.3559027991339849,-0.32115474614628126
Italy,nwspol_log,-1.2994565282661805,-0.33760625069083977,-0.3549802771846916,-0.32023222419698794
Italy,nwspol_log,-1.2715498617788215,-0.3366837287415464,-0.35405775523539823,-0.31930970224769456
Italy,nwspol_log,-1.2436431952914626,-0.3357612067922531,-0.3531352332861049,-0.31838718029840124
Italy,nwspol_log,-1.2157365288041038,-0.3348386848429597,-0.35221271133681153,-0.31746465834910786
Italy,nwspol_log,-1.1878298623167447,-0.3339161628936664,-0.3512901893875182,-0.31654213639981454
Italy,nwspol_log,-1.1599231958293856,-0.332993640944373,-0.35036766743822484,-0.31561961445052117
Italy,nwspol_log,-1.1320165293420268,-0.3320711189950797,-0.3494451454889315,-0.31469709250122785
Italy,nwspol_log,-1.104109862854668,-0.33114859704578636,-0.3485226235396382,-0.31377457055193453
Italy,nwspol_log,-1.0762031963673089,-0.330226075096493,-0.3476001015903448,-0.31285204860264115
Italy,nwspol_log,-1.0482965298799498,-0.3293035531471996,-0.34667757964105145,-0.3119295266533478
Italy,nwspol_log,-1.020389863392591,-0.3283810311979063,-0.3457550576917581,-0.31100700470405446
Italy,nwspol_log,-0.9924831969052321,-0.327458509248613,-0.3448325357424648,-0.31008448275476114
Italy,nwspol_log,-0.9645765304178731,-0.3265359872993196,-0.34391001379317143,-0.30916196080546776
Italy,nwspol_log,-0.936669863930514,-0.3256134653500263,-0.3429874918438781,-0.30823943885617444
Italy,nwspol_log,-0.9087631974431551,-0.3246909434007329,-0.34206496989458474,-0.30731691690688107
Italy,nwspol_log,-0.8808565309557963,-0.3237684214514396,-0.3411424479452914,-0.30639439495758775
Italy,nwspol_log,-0.8529498644684375,-0.3228458995021462,-0.34021992599599804,-0.30547187300829437
Italy,nwspol_log,-0.8250431979810782,-0.3219233775528529,-0.3392974040467047,-0.30454935105900105
Italy,nwspol_log,-0.7971365314937193,-0.3210008556035595,-0.33837488209741134,-0.3036268291097077
Italy,nwspol_log,-0.7692298650063605,-0.3200783336542662,-0.337452360148118,-0.30270430716041435
Italy,nwspol_log,-0.7413231985190012,-0.3191558117049728,-0.33652983819882465,-0.301781785211121
Italy,nwspol_log,-0.7134165320316423,-0.3182332897556795,-0.33560731624953133,-0.30085926326182766
Italy,nwspol_log,-0.6855098655442835,-0.3173107678063861,-0.33468479430023795,-0.2999367413125343
Italy,nwspol_log,-0.6576031990569247,-0.3163882458570928,-0.33376227235094463,-0.29901421936324096
Italy,nwspol_log,-0.6296965325695658,-0.3154657239077995,-0.3328397504016513,-0.29809169741394764
Italy,nwspol_log,-0.6017898660822065,-0.3145432019585061,-0.33191722845235794,-0.29716917546465427
Italy,nwspol_log,-0.5738831995948477,-0.3136206800092127,-0.33099470650306456,-0.2962466535153609
Italy,nwspol_log,-0.5459765331074888,-0.3126981580599194,-0.33007218455377124,-0.29532413156606757
Italy,nwspol_log,-0.5180698666201295,-0.31177563611062603,-0.32914966260447787,-0.2944016096167742
Italy,nwspol_log,-0.4901632001327707,-0.3108531141613327,-0.32822714065518455,-0.2934790876674809
Italy,nwspol_log,-0.46225653364541186,-0.3099305922120394,-0.3273046187058912,-0.29255656571818756
Italy,nwspol_log,-0.434349867158053,-0.309008070262746,-0.32638209675659785,-0.2916340437688942
Italy,nwspol_log,-0.40644320067069417,-0.3080855483134527,-0.32545957480730453,-0.29071152181960086
Italy,nwspol_log,-0.3785365341833349,-0.3071630263641593,-0.32453705285801115,-0.2897889998703075
Italy,nwspol_log,-0.35062986769597604,-0.306240504414866,-0.32361453090871783,-0.28886647792101416
Italy,nwspol_log,-0.3227232012086172,-0.3053179824655726,-0.32269200895942446,-0.2879439559717208
Italy,nwspol_log,-0.2948165347212579,-0.3043954605162793,-0.32176948701013114,-0.28702143402242747
Italy,nwspol_log,-0.26690986823389906,-0.30347293856698593,-0.32084696506083776,-0.2860989120731341
Italy,nwspol_log,-0.23900320174654022,-0.3025504166176926,-0.31992444311154444,-0.2851763901238408
Italy,nwspol_log,-0.21109653525918137,-0.30162789466839923,-0.31900192116225107,-0.2842538681745474
Italy,nwspol_log,-0.18318986877182253,-0.3007053727191059,-0.31807939921295775,-0.2833313462252541
Italy,nwspol_log,-0.15528320228446324,-0.29978285076981254,-0.31715687726366437,-0.2824088242759607
Italy,nwspol_log,-0.1273765357971044,-0.2988603288205192,-0.31623435531437105,-0.2814863023266674
Italy,nwspol_log,-0.09946986930974555,-0.2979378068712259,-0.31531183336507773,-0.28056378037737406
Italy,nwspol_log,-0.07156320282238626,-0.2970152849219325,-0.31438931141578436,-0.2796412584280807
Italy,nwspol_log,-0.04365653633502742,-0.29609276297263915,-0.313466789466491,-0.2787187364787873
Italy,nwspol_log,-0.015749869847668574,-0.2951702410233458,-0.31254426751719766,-0.277796214529494
Italy,nwspol_log,0.01215679663969027,-0.2942477190740525,-0.31162174556790434,-0.27687369258020067
Italy,nwspol_log,0.040063463127049115,-0.29332519712475913,-0.31069922361861096,-0.2759511706309073
Italy,nwspol_log,0.0679701296144084,-0.2924026751754658,-0.30977670166931764,-0.275028648681614
Italy,nwspol_log,0.09587679610176725,-0.29148015322617243,-0.30885417972002427,-0.2741061267323206
Italy,nwspol_log,0.12378346258912609,-0.2905576312768791,-0.30793165777073095,-0.2731836047830273
Italy,nwspol_log,0.15169012907648538,-0.28963510932758574,-0.3070091358214376,-0.2722610828337339
Italy,nwspol_log,0.17959679556384422,-0.2887125873782924,-0.30608661387214425,-0.2713385608844406
Italy,nwspol_log,0.20750346205120307,-0.28779006542899904,-0.3051640919228509,-0.2704160389351472
Italy,nwspol_log,0.2354101285385619,-0.2868675434797057,-0.30424156997355756,-0.2694935169858539
Italy,nwspol_log,0.26331679502592076,-0.28594502153041235,-0.3033190480242642,-0.2685709950365605
Italy,nwspol_log,0.29122346151328005,-0.285022499581119,-0.30239652607497086,-0.2676484730872672
Italy,nwspol_log,0.3191301280006389,-0.28409997763182565,-0.3014740041256775,-0.2667259511379738
Italy,nwspol_log,0.34703679448799774,-0.28317745568253233,-0.30055148217638417,-0.2658034291886805
Italy,nwspol_log,0.374943460975357,-0.28225493373323896,-0.2996289602270908,-0.2648809072393871
Italy,nwspol_log,0.40285012746271587,-0.28133241178394564,-0.29870643827779747,-0.2639583852900938
Italy,nwspol_log,0.4307567939500747,-0.2804098898346523,-0.29778391632850415,-0.2630358633408005
Italy,nwspol_log,0.45866346043743356,-0.27948736788535894,-0.2968613943792108,-0.2621133413915071
Italy,nwspol_log,0.4865701269247924,-0.2785648459360656,-0.29593887242991745,-0.2611908194422138
Italy,nwspol_log,0.5144767934121517,-0.27764232398677224,-0.2950163504806241,-0.2602682974929204
Italy,nwspol_log,0.5423834598995105,-0.2767198020374789,-0.29409382853133076,-0.2593457755436271
Italy,nwspol_log,0.5702901263868694,-0.27579728008818555,-0.2931713065820374,-0.2584232535943337
Italy,nwspol_log,0.5981967928742287,-0.27487475813889223,-0.29224878463274406,-0.2575007316450404
Italy,nwspol_log,0.6261034593615875,-0.27395223618959885,-0.2913262626834507,-0.256578209695747
Italy,nwspol_log,0.6540101258489464,-0.27302971424030553,-0.29040374073415737,-0.2556556877464537
Italy,nwspol_log,0.6819167923363052,-0.27210719229101216,-0.289481218784864,-0.2547331657971603
Italy,nwspol_log,0.709823458823664,-0.27118467034171884,-0.28855869683557067,-0.253810643847867
Italy,nwspol_log,0.7377301253110233,-0.27026214839242546,-0.2876361748862773,-0.2528881218985736
Italy,nwspol_log,0.7656367917983822,-0.26933962644313214,-0.286713652936984,-0.2519655999492803
Italy,nwspol_log,0.793543458285741,-0.2684171044938388,-0.28579113098769066,-0.251043077999987
Italy,nwspol_log,0.8214501247731003,-0.26749458254454545,-0.2848686090383973,-0.2501205560506936
Italy,nwspol_log,0.8493567912604592,-0.26657206059525207,-0.2839460870891039,-0.24919803410140023
Italy,nwspol_log,0.877263457747818,-0.26564953864595875,-0.2830235651398106,-0.24827551215210691
Italy,nwspol_log,0.9051701242351768,-0.26472701669666543,-0.28210104319051726,-0.2473529902028136
Italy,nwspol_log,0.9330767907225357,-0.26380449474737205,-0.2811785212412239,-0.24643046825352022
Italy,nwspol_log,0.960983457209895,-0.2628819727980787,-0.2802559992919305,-0.24550794630422684
Italy,nwspol_log,0.9888901236972538,-0.26195945084878536,-0.2793334773426372,-0.24458542435493352
Italy,nwspol_log,1.0167967901846127,-0.26103692889949204,-0.2784109553933439,-0.2436629024056402
Italy,nwspol_log,1.044703456671972,-0.26011440695019866,-0.2774884334440505,-0.24274038045634683
Italy,nwspol_log,1.0726101231593308,-0.25919188500090534,-0.2765659114947572,-0.2418178585070535
Italy,nwspol_log,1.1005167896466896,-0.25826936305161197,-0.2756433895454638,-0.24089533655776013
Italy,nwspol_log,1.128423456134049,-0.25734684110231865,-0.2747208675961705,-0.2399728146084668
Italy,nwspol_log,1.1563301226214073,-0.2564243191530253,-0.27379834564687716,-0.2390502926591735
Italy,nwspol_log,1.1842367891087666,-0.25550179720373195,-0.2728758236975838,-0.23812777070988012
Italy,nwspol_log,1.212143455596125,-0.25457927525443863,-0.27195330174829047,-0.2372052487605868
Italy,nwspol_log,1.240050122083484,-0.25365675330514525,-0.2710307797989971,-0.23628272681129342
Lithuania,netustm_log,-2.017651430380346,-0.3036973757205498,-0.327757595961923,-0.27963715547917656
Lithuania,netustm_log,-1.9934521454636227,-0.3022498901439131,-0.32631011038528634,-0.2781896699025399
Lithuania,netustm_log,-1.9692528605468995,-0.30080240456727647,-0.3248626248086497,-0.27674218432590325
Lithuania,netustm_log,-1.9450535756301763,-0.2993549189906399,-0.32341513923201304,-0.2752946987492667
Lithuania,netustm_log,-1.920854290713453,-0.2979074334140032,-0.3219676536553764,-0.27384721317263006
Lithuania,netustm_log,-1.8966550057967297,-0.29645994783736657,-0.32052016807873973,-0.2723997275959934
Lithuania,netustm_log,-1.8724557208800066,-0.29501246226072997,-0.3190726825021032,-0.27095224201935675
Lithuania,netustm_log,-1.8482564359632834,-0.2935649766840933,-0.31762519692546654,-0.2695047564427201
Lithuania,netustm_log,-1.8240571510465602,-0.29211749110745666,-0.3161777113488299,-0.26805727086608344
Lithuania,netustm_log,-1.799857866129837,-0.29067000553082006,-0.31473022577219323,-0.2666097852894469
Lithuania,netustm_log,-1.7756585812131138,-0.2892225199541834,-0.3132827401955566,-0.26516229971281025
Lithuania,netustm_log,-1.7514592962963906,-0.2877750343775468,-0.31183525461892003,-0.2637148141361736
Lithuania,netustm_log,-1.7272600113796672,-0.28632754880091016,-0.3103877690422834,-0.26226732855953694
Lithuania,netustm_log,-1.703060726462944,-0.2848800632242735,-0.3089402834656467,-0.2608198429829003
Lithuania,netustm_log,-1.6788614415462209,-0.2834325776476369,-0.30749279788901007,-0.25937235740626374
Lithuania,netustm_log,-1.6546621566294977,-0.28198509207100025,-0.3060453123123734,-0.2579248718296271
Lithuania,netustm_log,-1.6304628717127745,-0.28053760649436366,-0.3045978267357369,-0.25647738625299044
Lithuania,netustm_log,-1.606263586796051,-0.279090120917727,-0.3031503411591002,-0.2550299006763538
Lithuania,netustm_log,-1.5820643018793281,-0.27764263534109035,-0.30170285558246357,-0.25358241509971713
Lithuania,netustm_log,-1.5578650169626047,-0.2761951497644537,-0.3002553700058269,-0.2521349295230805
Lithuania,netustm_log,-1.5336657320458815,-0.2747476641878171,-0.29880788442919026,-0.25068744394644393
Lithuania,netustm_log,-1.5094664471291583,-0.2733001786111805,-0.2973603988525537,-0.2492399583698073
Lithuania,netustm_log,-1.4852671622124352,-0.27185269303454385,-0.29591291327591707,-0.24779247279317065
Lithuania,netustm_log,-1.461067877295712,-0.2704052074579072,-0.2944654276992804,-0.246344987216534
Lithuania,netustm_log,-1.4368685923789886,-0.26895772188127054,-0.29301794212264376,-0.24489750163989735
Lithuania,netustm_log,-1.4126693074622656,-0.26751023630463394,-0.2915704565460071,-0.24345001606326075
Lithuania,netustm_log,-1.3884700225455422,-0.2660627507279973,-0.29012297096937045,-0.2420025304866241
Lithuania,netustm_log,-1.364270737628819,-0.2646152651513607,-0.2886754853927339,-0.2405550449099875
Lithuania,netustm_log,-1.3400714527120958,-0.26316777957472404,-0.28722799981609726,-0.23910755933335084
Lithuania,netustm_log,-1.3158721677953726,-0.2617202939980874,-0.2857805142394606,-0.2376600737567142
Lithuania,netustm_log,-1.2916728828786495,-0.2602728084214508,-0.28433302866282395,-0.2362125881800776
Lithuania,netustm_log,-1.267473597961926,-0.25882532284481413,-0.2828855430861873,-0.23476510260344094
Lithuania,netustm_log,-1.243274313045203,-0.25737783726817753,-0.28143805750955075,-0.23331761702680434
Lithuania,netustm_log,-1.2190750281284797,-0.2559303516915409,-0.2799905719329141,-0.2318701314501677
Lithuania,netustm_log,-1.1948757432117565,-0.2544828661149042,-0.27854308635627745,-0.23042264587353103
Lithuania,netustm_log,-1.1706764582950333,-0.2530353805382676,-0.2770956007796408,-0.22897516029689438
Lithuania,netustm_log,-1.1464771733783101,-0.251587894961631,-0.27564811520300414,-0.22752767472025778
Lithuania,netustm_log,-1.122277888461587,-0.2501404093849944,-0.2742006296263676,-0.22608018914362119
Lithuania,netustm_log,-1.0980786035448635,-0.2486929238083577,-0.2727531440497309,-0.2246327035669845
Lithuania,netustm_log,-1.0738793186281406,-0.24724543823172107,-0.2713056584730943,-0.22318521799034788
Lithuania,netustm_log,-1.0496800337114172,-0.24579795265508445,-0.26985817289645764,-0.22173773241371125
Lithuania,netustm_log,-1.025480748794694,-0.24435046707844782,-0.268410687319821,-0.22029024683707463
Lithuania,netustm_log,-1.0012814638779708,-0.24290298150181117,-0.26696320174318433,-0.21884276126043797
Lithuania,netustm_log,-0.9770821789612476,-0.24145549592517454,-0.26551571616654773,-0.21739527568380135
Lithuania,netustm_log,-0.9528828940445244,-0.24000801034853791,-0.26406823058991113,-0.21594779010716472
Lithuania,netustm_log,-0.9286836091278012,-0.2385605247719013,-0.2626207450132745,-0.2145003045305281
Lithuania,netustm_log,-0.904484324211078,-0.23711303919526466,-0.26117325943663783,-0.21305281895389147
Lithuania,netustm_log,-0.8802850392943546,-0.235665553618628,-0.2597257738600012,-0.21160533337725482
Lithuania,netustm_log,-0.8560857543776315,-0.23421806804199138,-0.2582782882833646,-0.2101578478006182
Lithuania,netustm_log,-0.8318864694609083,-0.23277058246535476,-0.256830802706728,-0.20871036222398157
Lithuania,netustm_log,-0.8076871845441851,-0.2313230968887181,-0.2553833171300913,-0.2072628766473449
Lithuania,netustm_log,-0.7834878996274619,-0.22987561131208148,-0.25393583155345467,-0.2058153910707083
Lithuania,netustm_log,-0.7592886147107387,-0.22842812573544485,-0.252488345976818,-0.20436790549407166
Lithuania,netustm_log,-0.7350893297940155,-0.22698064015880823,-0.2510408604001814,-0.20292041991743504
Lithuania,netustm_log,-0.7108900448772921,-0.22553315458217157,-0.24959337482354477,-0.20147293434079838
Lithuania,netustm_log,-0.6866907599605689,-0.22408566900553495,-0.24814588924690814,-0.20002544876416176
Lithuania,netustm_log,-0.6624914750438458,-0.22263818342889832,-0.24669840367027152,-0.19857796318752513
Lithuania,netustm_log,-0.6382921901271226,-0.2211906978522617,-0.2452509180936349,-0.1971304776108885
Lithuania,netustm_log,-0.6140929052103994,-0.21974321227562504,-0.24380343251699824,-0.19568299203425185
Lithuania,netustm_log,-0.5898936202936762,-0.21829572669898845,-0.24235594694036164,-0.19423550645761525
Lithuania,netustm_log,-0.565694335376953,-0.2168482411223518,-0.24090846136372498,-0.1927880208809786
Lithuania,netustm_log,-0.5414950504602296,-0.21540075554571514,-0.23946097578708833,-0.19134053530434195
Lithuania,netustm_log,-0.5172957655435064,-0.2139532699690785,-0.2380134902104517,-0.18989304972770532
Lithuania,netustm_log,-0.49309648062678324,-0.2125057843924419,-0.23656600463381508,-0.1884455641510687
Lithuania,netustm_log,-0.46889719571006006,-0.21105829881580526,-0.23511851905717845,-0.18699807857443207
Lithuania,netustm_log,-0.44469791079333687,-0.20961081323916864,-0.23367103348054183,-0.18555059299779544
Lithuania,netustm_log,-0.4204986258766137,-0.208163327662532,-0.2322235479039052,-0.18410310742115882
Lithuania,netustm_log,-0.3962993409598905,-0.20671584208589538,-0.23077606232726858,-0.1826556218445222
Lithuania,netustm_log,-0.3721000560431671,-0.20526835650925873,-0.22932857675063192,-0.18120813626788554
Lithuania,netustm_log,-0.3479007711264439,-0.2038208709326221,-0.2278810911739953,-0.1797606506912489
Lithuania,netustm_log,-0.3237014862097207,-0.20237338535598545,-0.22643360559735864,-0.17831316511461226
Lithuania,netustm_log,-0.29950220129299754,-0.20092589977934883,-0.22498612002072202,-0.17686567953797563
Lithuania,netustm_log,-0.27530291637627435,-0.1994784142027122,-0.2235386344440854,-0.175418193961339
Lithuania,netustm_log,-0.25110363145955117,-0.19803092862607558,-0.22209114886744877,-0.17397070838470238
Lithuania,netustm_log,-0.22690434654282798,-0.19658344304943895,-0.22064366329081214,-0.17252322280806576
Lithuania,netustm_log,-0.20270506162610458,-0.1951359574728023,-0.2191961777141755,-0.1710757372314291
Lithuania,netustm_log,-0.1785057767093814,-0.19368847189616567,-0.21774869213753886,-0.16962825165479248
Lithuania,netustm_log,-0.1543064917926582,-0.19224098631952904,-0.21630120656090224,-0.16818076607815585
Lithuania,netustm_log,-0.13010720687593502,-0.19079350074289242,-0.2148537209842656,-0.16673328050151923
Lithuania,netustm_log,-0.10590792195921184,-0.18934601516625577,-0.21340623540762896,-0.16528579492488257
Lithuania,netustm_log,-0.08170863704248865,-0.18789852958961914,-0.21195874983099233,-0.16383830934824595
Lithuania,netustm_log,-0.05750935212576547,-0.18645104401298251,-0.2105112642543557,-0.16239082377160932
Lithuania,netustm_log,-0.03331006720904206,-0.18500355843634586,-0.20906377867771905,-0.16094333819497267
Lithuania,netustm_log,-0.009110782292319097,-0.18355607285970926,-0.20761629310108246,-0.15949585261833607
Lithuania,netustm_log,0.01508850262440431,-0.1821085872830726,-0.2061688075244458,-0.15804836704169942
Lithuania,netustm_log,0.03928778754112727,-0.18066110170643598,-0.20472132194780918,-0.1566008814650628
Lithuania,netustm_log,0.06348707245785068,-0.17921361612979936,-0.20327383637117255,-0.15515339588842617
Lithuania,netustm_log,0.08768635737457409,-0.1777661305531627,-0.2018263507945359,-0.1537059103117895
Lithuania,netustm_log,0.11188564229129705,-0.17631864497652608,-0.20037886521789927,-0.1522584247351529
Lithuania,netustm_log,0.13608492720802046,-0.17487115939988945,-0.19893137964126265,-0.15081093915851626
Lithuania,netustm_log,0.16028421212474342,-0.17342367382325283,-0.19748389406462602,-0.14936345358187963
Lithuania,netustm_log,0.18448349704146683,-0.17197618824661617,-0.19603640848798937,-0.14791596800524298
Lithuania,netustm_log,0.2086827819581898,-0.17052870266997955,-0.19458892291135274,-0.14646848242860636
Lithuania,netustm_log,0.2328820668749132,-0.16908121709334292,-0.19314143733471612,-0.14502099685196973
Lithuania,netustm_log,0.2570813517916366,-0.16763373151670627,-0.19169395175807946,-0.14357351127533308
Lithuania,netustm_log,0.28128063670835957,-0.16618624594006964,-0.19024646618144284,-0.14212602569869645
Lithuania,netustm_log,0.305479921625083,-0.16473876036343302,-0.1887989806048062,-0.14067854012205983
Lithuania,netustm_log,0.32967920654180594,-0.1632912747867964,-0.18735149502816958,-0.1392310545454232
Lithuania,netustm_log,0.35387849145852934,-0.16184378921015974,-0.18590400945153293,-0.13778356896878655
Lithuania,netustm_log,0.3780777763752523,-0.16039630363352314,-0.18445652387489633,-0.13633608339214995
Lithuania,netustm_log,0.4022770612919757,-0.1589488180568865,-0.18300903829825968,-0.1348885978155133
Lithuania,netustm_log,0.4264763462086991,-0.15750133248024983,-0.18156155272162303,-0.13344111223887664
Lithuania,netustm_log,0.4506756311254221,-0.15605384690361324,-0.18011406714498643,-0.13199362666224004
Lithuania,netustm_log,0.4748749160421455,-0.15460636132697658,-0.17866658156834977,-0.1305461410856034
Lithuania,netustm_log,0.49907420095886845,-0.15315887575033996,-0.17721909599171315,-0.12909865550896676
Lithuania,netustm_log,0.5232734858755919,-0.15171139017370333,-0.17577161041507652,-0.12765116993233014
Lithuania,netustm_log,0.5474727707923148,-0.1502639045970667,-0.1743241248384399,-0.1262036843556935
Lithuania,netustm_log,0.5716720557090382,-0.14881641902043005,-0.17287663926180324,-0.12475619877905686
Lithuania,netustm_log,0.5958713406257616,-0.14736893344379343,-0.17142915368516662,-0.12330871320242023
Lithuania,netustm_log,0.6200706255424846,-0.1459214478671568,-0.16998166810853,-0.12186122762578361
Lithuania,netustm_log,0.644269910459208,-0.14447396229052015,-0.16853418253189334,-0.12041374204914695
Lithuania,netustm_log,0.668469195375931,-0.14302647671388352,-0.1670866969552567,-0.11896625647251033
Lithuania,netustm_log,0.6926684802926544,-0.1415789911372469,-0.1656392113786201,-0.1175187708958737
Lithuania,netustm_log,0.7168677652093773,-0.14013150556061027,-0.16419172580198346,-0.11607128531923708
Lithuania,netustm_log,0.7410670501261007,-0.13868401998397362,-0.1627442402253468,-0.11462379974260042
Lithuania,netustm_log,0.7652663350428242,-0.137236534407337,-0.16129675464871018,-0.1131763141659638
Lithuania,netustm_log,0.7894656199595471,-0.13578904883070037,-0.15984926907207356,-0.11172882858932717
Lithuania,netustm_log,0.8136649048762705,-0.1343415632540637,-0.1584017834954369,-0.11028134301269052
Lithuania,netustm_log,0.8378641897929935,-0.1328940776774271,-0.1569542979188003,-0.10883385743605392
Lithuania,netustm_log,0.8620634747097169,-0.13144659210079046,-0.15550681234216365,-0.10738637185941727
Lithuania,netustm_log,0.8862627596264399,-0.12999910652415386,-0.15405932676552705,-0.10593888628278067
Lithuania,netustm_log,0.9104620445431633,-0.1285516209475172,-0.1526118411888904,-0.10449140070614402
Lithuania,netustm_log,0.9346613294598867,-0.12710413537088056,-0.15116435561225375,-0.10304391512950736
Lithuania,netustm_log,0.9588606143766096,-0.12565664979424396,-0.14971687003561715,-0.10159642955287077
Lithuania,netustm_log,0.983059899293333,-0.1242091642176073,-0.1482693844589805,-0.10014894397623411
Lithuania,netustm_log,1.007259184210056,-0.12276167864097068,-0.14682189888234387,-0.09870145839959749
Lithuania,netustm_log,1.0314584691267794,-0.12131419306433402,-0.14537441330570722,-0.09725397282296083
Lithuania,netustm_log,1.0556577540435024,-0.11986670748769741,-0.14392692772907062,-0.09580648724632422
Lithuania,netustm_log,1.0798570389602258,-0.11841922191106077,-0.14247944215243397,-0.09435900166968758
Lithuania,netustm_log,1.1040563238769492,-0.11697173633442413,-0.1410319565757973,-0.09291151609305094
Lithuania,netustm_log,1.1282556087936721,-0.11552425075778751,-0.13958447099916071,-0.09146403051641432
Lithuania,netustm_log,1.1524548937103956,-0.11407676518115087,-0.13813698542252406,-0.09001654493977768
Lithuania,netustm_log,1.1766541786271185,-0.11262927960451426,-0.13668949984588746,-0.08856905936314106
Lithuania,netustm_log,1.200853463543842,-0.1111817940278776,-0.1352420142692508,-0.08712157378650441
Lithuania,netustm_log,1.2250527484605649,-0.10973430845124099,-0.13379452869261418,-0.0856740882098678
Lithuania,netustm_log,1.2492520333772883,-0.10828682287460434,-0.13234704311597753,-0.08422660263323115
Lithuania,netustm_log,1.2734513182940117,-0.1068393372979677,-0.1308995575393409,-0.0827791170565945
Lithuania,netustm_log,1.2976506032107347,-0.10539185172133109,-0.12945207196270428,-0.0813316314799579
Lithuania,netustm_log,1.321849888127458,-0.10394436614469443,-0.12800458638606763,-0.07988414590332124
Lithuania,netustm_log,1.346049173044181,-0.10249688056805782,-0.126557100809431,-0.07843666032668463
Lithuania,netustm_log,1.3702484579609044,-0.10104939499142118,-0.12510961523279437,-0.07698917475004799
Lithuania,netustm_log,1.3944477428776274,-0.09960190941478456,-0.12366212965615775,-0.07554168917341136
Lithuania,netustm_log,1.4186470277943508,-0.09815442383814792,-0.12221464407952111,-0.07409420359677472
Lithuania,netustm_log,1.4428463127110742,-0.09670693826151128,-0.12076715850288447,-0.07264671802013808
Lithuania,netustm_log,1.4670455976277972,-0.09525945268487465,-0.11931967292624784,-0.07119923244350146
Lithuania,netustm_log,1.4912448825445206,-0.09381196710823801,-0.1178721873496112,-0.06975174686686482
Lithuania,netustm_log,1.5154441674612436,-0.09236448153160139,-0.11642470177297458,-0.0683042612902282
Lithuania,netustm_log,1.539643452377967,-0.09091699595496475,-0.11497721619633794,-0.06685677571359155
Lithuania,netustm_log,1.56384273729469,-0.08946951037832813,-0.11352973061970133,-0.06540929013695494
Lithuania,netustm_log,1.588042022211413,-0.0880220248016915,-0.11208224504306469,-0.0639618045603183
Lithuania,nwspol_log,-2.918043184533,-0.1658496859756754,-0.1844426165577455,-0.1472567553936053
Lithuania,nwspol_log,-2.890136518045641,-0.16597074931210393,-0.18456367989417402,-0.14737781873003383
Lithuania,nwspol_log,-2.862229851558282,-0.16609181264853243,-0.18468474323060252,-0.14749888206646233
Lithuania,nwspol_log,-2.834323185070923,-0.16621287598496096,-0.18480580656703105,-0.14761994540289086
Lithuania,nwspol_log,-2.806416518583564,-0.16633393932138948,-0.18492686990345958,-0.1477410087393194
Lithuania,nwspol_log,-2.7785098520962053,-0.16645500265781799,-0.18504793323988808,-0.1478620720757479
Lithuania,nwspol_log,-2.7506031856088464,-0.1665760659942465,-0.1851689965763166,-0.14798313541217642
Lithuania,nwspol_log,-2.722696519121487,-0.16669712933067504,-0.18529005991274514,-0.14810419874860495
Lithuania,nwspol_log,-2.6947898526341283,-0.16681819266710354,-0.18541112324917364,-0.14822526208503345
Lithuania,nwspol_log,-2.6668831861467694,-0.16693925600353207,-0.18553218658560217,-0.14834632542146198
Lithuania,nwspol_log,-2.63897651965941,-0.1670603193399606,-0.1856532499220307,-0.1484673887578905
Lithuania,nwspol_log,-2.6110698531720513,-0.1671813826763891,-0.1857743132584592,-0.148588452094319
Lithuania,nwspol_log,-2.5831631866846925,-0.16730244601281763,-0.18589537659488772,-0.14870951543074754
Lithuania,nwspol_log,-2.5552565201973336,-0.16742350934924616,-0.18601643993131625,-0.14883057876717606
Lithuania,nwspol_log,-2.527349853709975,-0.16754457268567466,-0.18613750326774475,-0.14895164210360456
Lithuania,nwspol_log,-2.4994431872226155,-0.1676656360221032,-0.18625856660417328,-0.1490727054400331
Lithuania,nwspol_log,-2.4715365207352566,-0.16778669935853172,-0.1863796299406018,-0.14919376877646162
Lithuania,nwspol_log,-2.443629854247898,-0.16790776269496022,-0.1865006932770303,-0.14931483211289012
Lithuania,nwspol_log,-2.4157231877605385,-0.16802882603138874,-0.18662175661345884,-0.14943589544931865
Lithuania,nwspol_log,-2.3878165212731797,-0.16814988936781727,-0.18674281994988737,-0.14955695878574718
Lithuania,nwspol_log,-2.359909854785821,-0.1682709527042458,-0.1868638832863159,-0.1496780221221757
Lithuania,nwspol_log,-2.332003188298462,-0.1683920160406743,-0.1869849466227444,-0.1497990854586042
Lithuania,nwspol_log,-2.304096521811103,-0.16851307937710283,-0.18710600995917293,-0.14992014879503274
Lithuania,nwspol_log,-2.276189855323744,-0.16863414271353136,-0.18722707329560145,-0.15004121213146127
Lithuania,nwspol_log,-2.248283188836385,-0.16875520604995986,-0.18734813663202995,-0.15016227546788977
Lithuania,nwspol_log,-2.220376522349026,-0.1688762693863884,-0.18746919996845848,-0.1502833388043183
Lithuania,nwspol_log,-2.192469855861667,-0.16899733272281692,-0.187590263304887,-0.15040440214074682
Lithuania,nwspol_log,-2.164563189374308,-0.16911839605924542,-0.1877113266413155,-0.15052546547717532
Lithuania,nwspol_log,-2.136656522886949,-0.16923945939567395,-0.18783238997774404,-0.15064652881360385
Lithuania,nwspol_log,-2.1087498563995903,-0.16936052273210248,-0.18795345331417257,-0.15076759215003238
Lithuania,nwspol_log,-2.0808431899122315,-0.16948158606853098,-0.18807451665060107,-0.15088865548646088
Lithuania,nwspol_log,-2.052936523424872,-0.1696026494049595,-0.1881955799870296,-0.1510097188228894
Lithuania,nwspol_log,-2.0250298569375134,-0.16972371274138803,-0.18831664332345813,-0.15113078215931794
Lithuania,nwspol_log,-1.9971231904501545,-0.16984477607781653,-0.18843770665988663,-0.15125184549574644
Lithuania,nwspol_log,-1.9692165239627955,-0.16996583941424506,-0.18855876999631516,-0.15137290883217497
Lithuania,nwspol_log,-1.9413098574754364,-0.1700869027506736,-0.18867983333274368,-0.1514939721686035
Lithuania,nwspol_log,-1.9134031909880775,-0.1702079660871021,-0.18880089666917219,-0.151615035505032
Lithuania,nwspol_log,-1.8854965245007187,-0.17032902942353062,-0.18892196000560071,-0.15173609884146053
Lithuania,nwspol_log,-1.8575898580133596,-0.17045009275995915,-0.18904302334202924,-0.15185716217788905
Lithuania,nwspol_log,-1.8296831915260006,-0.17057115609638765,-0.18916408667845774,-0.15197822551431756
Lithuania,nwspol_log,-1.8017765250386417,-0.17069221943281618,-0.18928515001488627,-0.15209928885074608
Lithuania,nwspol_log,-1.7738698585512829,-0.1708132827692447,-0.1894062133513148,-0.1522203521871746
Lithuania,nwspol_log,-1.7459631920639238,-0.1709343461056732,-0.1895272766877433,-0.1523414155236031
Lithuania,nwspol_log,-1.7180565255765647,-0.17105540944210174,-0.18964834002417183,-0.15246247886003164
Lithuania,nwspol_log,-1.690149859089206,-0.17117647277853026,-0.18976940336060036,-0.15258354219646017
Lithuania,nwspol_log,-1.662243192601847,-0.1712975361149588,-0.1898904666970289,-0.1527046055328887
Lithuania,nwspol_log,-1.634336526114488,-0.1714185994513873,-0.1900115300334574,-0.1528256688693172
Lithuania,nwspol_log,-1.606429859627129,-0.17153966278781582,-0.19013259336988592,-0.15294673220574573
Lithuania,nwspol_log,-1.57852319313977,-0.17166072612424435,-0.19025365670631444,-0.15306779554217426
Lithuania,nwspol_log,-1.5506165266524112,-0.17178178946067285,-0.19037472004274295,-0.15318885887860276
Lithuania,nwspol_log,-1.5227098601650522,-0.17190285279710138,-0.19049578337917147,-0.15330992221503129
Lithuania,nwspol_log,-1.494803193677693,-0.1720239161335299,-0.1906168467156,-0.15343098555145981
Lithuania,nwspol_log,-1.4668965271903343,-0.1721449794699584,-0.1907379100520285,-0.15355204888788831
Lithuania,nwspol_log,-1.4389898607029754,-0.17226604280638694,-0.19085897338845703,-0.15367311222431684
Lithuania,nwspol_log,-1.4110831942156163,-0.17238710614281547,-0.19098003672488556,-0.15379417556074537
Lithuania,nwspol_log,-1.3831765277282573,-0.17250816947924397,-0.19110110006131406,-0.15391523889717387
Lithuania,nwspol_log,-1.3552698612408984,-0.1726292328156725,-0.1912221633977426,-0.1540363022336024
Lithuania,nwspol_log,-1.3273631947535396,-0.17275029615210102,-0.19134322673417112,-0.15415736557003093
Lithuania,nwspol_log,-1.2994565282661805,-0.17287135948852952,-0.19146429007059962,-0.15427842890645943
Lithuania,nwspol_log,-1.2715498617788215,-0.17299242282495805,-0.19158535340702815,-0.15439949224288796
Lithuania,nwspol_log,-1.2436431952914626,-0.17311348616138658,-0.19170641674345668,-0.1545205555793165
Lithuania,nwspol_log,-1.2157365288041038,-0.17323454949781508,-0.19182748007988518,-0.154641618915745
Lithuania,nwspol_log,-1.1878298623167447,-0.1733556128342436,-0.1919485434163137,-0.15476268225217352
Lithuania,nwspol_log,-1.1599231958293856,-0.17347667617067214,-0.19206960675274223,-0.15488374558860205
Lithuania,nwspol_log,-1.1320165293420268,-0.17359773950710064,-0.19219067008917073,-0.15500480892503055
Lithuania,nwspol_log,-1.104109862854668,-0.17371880284352917,-0.19231173342559926,-0.15512587226145907
Lithuania,nwspol_log,-1.0762031963673089,-0.1738398661799577,-0.1924327967620278,-0.1552469355978876
Lithuania,nwspol_log,-1.0482965298799498,-0.1739609295163862,-0.1925538600984563,-0.1553679989343161
Lithuania,nwspol_log,-1.020389863392591,-0.17408199285281473,-0.19267492343488482,-0.15548906227074463
Lithuania,nwspol_log,-0.9924831969052321,-0.17420305618924325,-0.19279598677131335,-0.15561012560717316
Lithuania,nwspol_log,-0.9645765304178731,-0.17432411952567178,-0.19291705010774188,-0.1557311889436017
Lithuania,nwspol_log,-0.936669863930514,-0.17444518286210028,-0.19303811344417038,-0.1558522522800302
Lithuania,nwspol_log,-0.9087631974431551,-0.1745662461985288,-0.1931591767805989,-0.15597331561645872
Lithuania,nwspol_log,-0.8808565309557963,-0.17468730953495734,-0.19328024011702744,-0.15609437895288725
Lithuania,nwspol_log,-0.8529498644684375,-0.17480837287138584,-0.19340130345345594,-0.15621544228931575
Lithuania,nwspol_log,-0.8250431979810782,-0.17492943620781437,-0.19352236678988446,-0.15633650562574428
Lithuania,nwspol_log,-0.7971365314937193,-0.1750504995442429,-0.193643430126313,-0.1564575689621728
Lithuania,nwspol_log,-0.7692298650063605,-0.1751715628806714,-0.1937644934627415,-0.1565786322986013
Lithuania,nwspol_log,-0.7413231985190012,-0.17529262621709993,-0.19388555679917002,-0.15669969563502983
Lithuania,nwspol_log,-0.7134165320316423,-0.17541368955352846,-0.19400662013559855,-0.15682075897145836
Lithuania,nwspol_log,-0.6855098655442835,-0.17553475288995696,-0.19412768347202705,-0.15694182230788686
Lithuania,nwspol_log,-0.6576031990569247,-0.17565581622638549,-0.19424874680845558,-0.1570628856443154
Lithuania,nwspol_log,-0.6296965325695658,-0.17577687956281401,-0.1943698101448841,-0.15718394898074392
Lithuania,nwspol_log,-0.6017898660822065,-0.17589794289924252,-0.1944908734813126,-0.15730501231717242
Lithuania,nwspol_log,-0.5738831995948477,-0.17601900623567104,-0.19461193681774114,-0.15742607565360095
Lithuania,nwspol_log,-0.5459765331074888,-0.17614006957209957,-0.19473300015416967,-0.15754713899002948
Lithuania,nwspol_log,-0.5180698666201295,-0.17626113290852807,-0.19485406349059817,-0.15766820232645798
Lithuania,nwspol_log,-0.4901632001327707,-0.1763821962449566,-0.1949751268270267,-0.1577892656628865
Lithuania,nwspol_log,-0.46225653364541186,-0.17650325958138513,-0.19509619016345522,-0.15791032899931504
Lithuania,nwspol_log,-0.434349867158053,-0.17662432291781363,-0.19521725349988372,-0.15803139233574354
Lithuania,nwspol_log,-0.40644320067069417,-0.17674538625424216,-0.19533831683631225,-0.15815245567217207
Lithuania,nwspol_log,-0.3785365341833349,-0.1768664495906707,-0.19545938017274078,-0.1582735190086006
Lithuania,nwspol_log,-0.35062986769597604,-0.17698751292709922,-0.1955804435091693,-0.15839458234502912
Lithuania,nwspol_log,-0.3227232012086172,-0.17710857626352772,-0.1957015068455978,-0.15851564568145762
Lithuania,nwspol_log,-0.2948165347212579,-0.17722963959995625,-0.19582257018202634,-0.15863670901788615
Lithuania,nwspol_log,-0.26690986823389906,-0.17735070293638477,-0.19594363351845487,-0.15875777235431468
Lithuania,nwspol_log,-0.23900320174654022,-0.17747176627281327,-0.19606469685488337,-0.15887883569074318
Lithuania,nwspol_log,-0.21109653525918137,-0.1775928296092418,-0.1961857601913119,-0.1589998990271717
Lithuania,nwspol_log,-0.18318986877182253,-0.17771389294567033,-0.19630682352774043,-0.15912096236360024
Lithuania,nwspol_log,-0.15528320228446324,-0.17783495628209883,-0.19642788686416893,-0.15924202570002874
Lithuania,nwspol_log,-0.1273765357971044,-0.17795601961852736,-0.19654895020059746,-0.15936308903645727
Lithuania,nwspol_log,-0.09946986930974555,-0.1780770829549559,-0.19667001353702598,-0.1594841523728858
Lithuania,nwspol_log,-0.07156320282238626,-0.1781981462913844,-0.19679107687345448,-0.1596052157093143
Lithuania,nwspol_log,-0.04365653633502742,-0.17831920962781292,-0.196912140209883,-0.15972627904574282
Lithuania,nwspol_log,-0.015749869847668574,-0.17844027296424145,-0.19703320354631154,-0.15984734238217135
Lithuania,nwspol_log,0.01215679663969027,-0.17856133630066995,-0.19715426688274004,-0.15996840571859985
Lithuania,nwspol_log,0.040063463127049115,-0.17868239963709848,-0.19727533021916857,-0.16008946905502838
Lithuania,nwspol_log,0.0679701296144084,-0.178803462973527,-0.1973963935555971,-0.1602105323914569
Lithuania,nwspol_log,0.09587679610176725,-0.1789245263099555,-0.1975174568920256,-0.1603315957278854
Lithuania,nwspol_log,0.12378346258912609,-0.17904558964638403,-0.19763852022845413,-0.16045265906431394
Lithuania,nwspol_log,0.15169012907648538,-0.17916665298281256,-0.19775958356488266,-0.16057372240074247
Lithuania,nwspol_log,0.17959679556384422,-0.17928771631924106,-0.19788064690131116,-0.16069478573717097
Lithuania,nwspol_log,0.20750346205120307,-0.1794087796556696,-0.1980017102377397,-0.1608158490735995
Lithuania,nwspol_log,0.2354101285385619,-0.17952984299209812,-0.19812277357416821,-0.16093691241002803
Lithuania,nwspol_log,0.26331679502592076,-0.17965090632852662,-0.19824383691059672,-0.16105797574645653
Lithuania,nwspol_log,0.29122346151328005,-0.17977196966495515,-0.19836490024702524,-0.16117903908288506
Lithuania,nwspol_log,0.3191301280006389,-0.17989303300138368,-0.19848596358345377,-0.16130010241931358
Lithuania,nwspol_log,0.34703679448799774,-0.1800140963378122,-0.1986070269198823,-0.1614211657557421
Lithuania,nwspol_log,0.374943460975357,-0.1801351596742407,-0.1987280902563108,-0.16154222909217061
Lithuania,nwspol_log,0.40285012746271587,-0.18025622301066924,-0.19884915359273933,-0.16166329242859914
Lithuania,nwspol_log,0.4307567939500747,-0.18037728634709776,-0.19897021692916786,-0.16178435576502767
Lithuania,nwspol_log,0.45866346043743356,-0.18049834968352627,-0.19909128026559636,-0.16190541910145617
Lithuania,nwspol_log,0.4865701269247924,-0.1806194130199548,-0.1992123436020249,-0.1620264824378847
Lithuania,nwspol_log,0.5144767934121517,-0.18074047635638332,-0.19933340693845342,-0.16214754577431323
Lithuania,nwspol_log,0.5423834598995105,-0.18086153969281182,-0.19945447027488192,-0.16226860911074173
Lithuania,nwspol_log,0.5702901263868694,-0.18098260302924035,-0.19957553361131045,-0.16238967244717026
Lithuania,nwspol_log,0.5981967928742287,-0.18110366636566888,-0.19969659694773897,-0.1625107357835988
Lithuania,nwspol_log,0.6261034593615875,-0.18122472970209738,-0.19981766028416748,-0.1626317991200273
Lithuania,nwspol_log,0.6540101258489464,-0.1813457930385259,-0.199938723620596,-0.16275286245645582
Lithuania,nwspol_log,0.6819167923363052,-0.18146685637495444,-0.20005978695702453,-0.16287392579288434
Lithuania,nwspol_log,0.709823458823664,-0.18158791971138294,-0.20018085029345303,-0.16299498912931284
Lithuania,nwspol_log,0.7377301253110233,-0.18170898304781147,-0.20030191362988156,-0.16311605246574137
Lithuania,nwspol_log,0.7656367917983822,-0.18183004638424,-0.2004229769663101,-0.1632371158021699
Lithuania,nwspol_log,0.793543458285741,-0.1819511097206685,-0.2005440403027386,-0.1633581791385984
Lithuania,nwspol_log,0.8214501247731003,-0.18207217305709703,-0.20066510363916712,-0.16347924247502693
Lithuania,nwspol_log,0.8493567912604592,-0.18219323639352555,-0.20078616697559565,-0.16360030581145546
Lithuania,nwspol_log,0.877263457747818,-0.18231429972995405,-0.20090723031202415,-0.16372136914788396
Lithuania,nwspol_log,0.9051701242351768,-0.18243536306638258,-0.20102829364845268,-0.1638424324843125
Lithuania,nwspol_log,0.9330767907225357,-0.1825564264028111,-0.2011493569848812,-0.16396349582074102
Lithuania,nwspol_log,0.960983457209895,-0.18267748973923964,-0.20127042032130973,-0.16408455915716955
Lithuania,nwspol_log,0.9888901236972538,-0.18279855307566814,-0.20139148365773824,-0.16420562249359805
Lithuania,nwspol_log,1.0167967901846127,-0.18291961641209667,-0.20151254699416676,-0.16432668583002658
Lithuania,nwspol_log,1.044703456671972,-0.1830406797485252,-0.2016336103305953,-0.1644477491664551
Lithuania,nwspol_log,1.0726101231593308,-0.1831617430849537,-0.2017546736670238,-0.1645688125028836
Lithuania,nwspol_log,1.1005167896466896,-0.18328280642138223,-0.20187573700345232,-0.16468987583931213
Lithuania,nwspol_log,1.128423456134049,-0.18340386975781076,-0.20199680033988085,-0.16481093917574066
Lithuania,nwspol_log,1.1563301226214073,-0.18352493309423926,-0.20211786367630935,-0.16493200251216916
Lithuania,nwspol_log,1.1842367891087666,-0.18364599643066779,-0.20223892701273788,-0.1650530658485977
Lithuania,nwspol_log,1.212143455596125,-0.1837670597670963,-0.2023599903491664,-0.16517412918502622
Lithuania,nwspol_log,1.240050122083484,-0.18388812310352481,-0.2024810536855949,-0.16529519252145472
Netherlands,netustm_log,-2.017651430380346,-0.004095105976296212,-0.020518629886903686,0.012328417934311262
Netherlands,netustm_log,-1.9934521454636227,-0.003094499569716719,-0.019518023480324193,0.013329024340890755
Netherlands,netustm_log,-1.9692528605468995,-0.0020938931631372115,-0.018517417073744685,0.014329630747470262
Netherlands,netustm_log,-1.9450535756301763,-0.0010932867565577042,-0.017516810667165178,0.01533023715404977
Netherlands,netustm_log,-1.920854290713453,-9.268034997818309e-05,-0.016516204260585657,0.01633084356062929
Netherlands,netustm_log,-1.8966550057967297,0.0009079260566013242,-0.01551559785400615,0.017331449967208798
Netherlands,netustm_log,-1.8724557208800066,0.0019085324631808176,-0.014514991447426656,0.01833205637378829
Netherlands,netustm_log,-1.8482564359632834,0.002909138869760325,-0.013514385040847149,0.0193326627803678
Netherlands,netustm_log,-1.8240571510465602,0.003909745276339832,-0.012513778634267642,0.020333269186947306
Netherlands,netustm_log,-1.799857866129837,0.004910351682919339,-0.011513172227688134,0.021333875593526813
Netherlands,netustm_log,-1.7756585812131138,0.005910958089498847,-0.010512565821108627,0.02233448200010632
Netherlands,netustm_log,-1.7514592962963906,0.006911564496078354,-0.00951195941452912,0.023335088406685828
Netherlands,netustm_log,-1.7272600113796672,0.007912170902657861,-0.008511353007949612,0.024335694813265335
Netherlands,netustm_log,-1.703060726462944,0.008912777309237369,-0.007510746601370105,0.025336301219844842
Netherlands,netustm_log,-1.6788614415462209,0.009913383715816876,-0.006510140194790598,0.02633690762642435
Netherlands,netustm_log,-1.6546621566294977,0.010913990122396383,-0.005509533788211091,0.027337514033003857
Netherlands,netustm_log,-1.6304628717127745,0.01191459652897589,-0.004508927381631583,0.028338120439583364
Netherlands,netustm_log,-1.606263586796051,0.012915202935555398,-0.003508320975052076,0.02933872684616287
Netherlands,netustm_log,-1.5820643018793281,0.013915809342134905,-0.002507714568472569,0.03033933325274238
Netherlands,netustm_log,-1.5578650169626047,0.014916415748714412,-0.0015071081618930615,0.031339939659321886
Netherlands,netustm_log,-1.5336657320458815,0.01591702215529392,-0.0005065017553135542,0.03234054606590139
Netherlands,netustm_log,-1.5094664471291583,0.016917628561873427,0.000494104651265953,0.0333411524724809
Netherlands,netustm_log,-1.4852671622124352,0.017918234968452927,0.0014947110578454534,0.0343417588790604
Netherlands,netustm_log,-1.461067877295712,0.018918841375032434,0.0024953174644249607,0.03534236528563991
Netherlands,netustm_log,-1.4368685923789886,0.01991944778161195,0.003495923871004475,0.03634297169221942
Netherlands,netustm_log,-1.4126693074622656,0.02092005418819145,0.004496530277583975,0.03734357809879892
Netherlands,netustm_log,-1.3884700225455422,0.021920660594770963,0.0054971366841634894,0.03834418450537844
Netherlands,netustm_log,-1.364270737628819,0.022921267001350464,0.00649774309074299,0.03934479091195794
Netherlands,netustm_log,-1.3400714527120958,0.02392187340792997,0.007498349497322497,0.040345397318537445
Netherlands,netustm_log,-1.3158721677953726,0.024922479814509478,0.008498955903902004,0.04134600372511695
Netherlands,netustm_log,-1.2916728828786495,0.025923086221088985,0.009499562310481512,0.04234661013169646
Netherlands,netustm_log,-1.267473597961926,0.0269236926276685,0.010500168717061026,0.04334721653827597
Netherlands,netustm_log,-1.243274313045203,0.027924299034247993,0.01150077512364052,0.04434782294485547
Netherlands,netustm_log,-1.2190750281284797,0.028924905440827507,0.012501381530220033,0.04534842935143498
Netherlands,netustm_log,-1.1948757432117565,0.029925511847407014,0.01350198793679954,0.04634903575801449
Netherlands,netustm_log,-1.1706764582950333,0.030926118253986522,0.014502594343379048,0.047349642164593995
Netherlands,netustm_log,-1.1464771733783101,0.03192672466056602,0.015503200749958548,0.048350248571173496
Netherlands,netustm_log,-1.122277888461587,0.03292733106714553,0.016503807156538056,0.049350854977753
Netherlands,netustm_log,-1.0980786035448635,0.033927937473725044,0.01750441356311757,0.05035146138433252
Netherlands,netustm_log,-1.0738793186281406,0.034928543880304544,0.01850501996969707,0.05135206779091202
Netherlands,netustm_log,-1.0496800337114172,0.03592915028688406,0.019505626376276584,0.05235267419749153
Netherlands,netustm_log,-1.025480748794694,0.03692975669346356,0.020506232782856085,0.05335328060407103
Netherlands,netustm_log,-1.0012814638779708,0.037930363100043066,0.021506839189435592,0.05435388701065054
Netherlands,netustm_log,-0.9770821789612476,0.03893096950662257,0.0225074455960151,0.05535449341723005
Netherlands,netustm_log,-0.9528828940445244,0.03993157591320208,0.023508052002594607,0.056355099823809554
Netherlands,netustm_log,-0.9286836091278012,0.04093218231978158,0.024508658409174107,0.057355706230389054
Netherlands,netustm_log,-0.904484324211078,0.04193278872636109,0.025509264815753614,0.05835631263696856
Netherlands,netustm_log,-0.8802850392943546,0.0429333951329406,0.02650987122233313,0.059356919043548076
Netherlands,netustm_log,-0.8560857543776315,0.04393400153952011,0.027510477628912636,0.06035752545012758
Netherlands,netustm_log,-0.8318864694609083,0.04493460794609962,0.028511084035492143,0.06135813185670709
Netherlands,netustm_log,-0.8076871845441851,0.04593521435267912,0.029511690442071643,0.06235873826328659
Netherlands,netustm_log,-0.7834878996274619,0.046935820759258624,0.03051229684865115,0.06335934466986609
Netherlands,netustm_log,-0.7592886147107387,0.04793642716583813,0.03151290325523066,0.0643599510764456
Netherlands,netustm_log,-0.7350893297940155,0.04893703357241763,0.03251350966181016,0.0653605574830251
Netherlands,netustm_log,-0.7108900448772921,0.04993763997899715,0.03351411606838968,0.06636116388960463
Netherlands,netustm_log,-0.6866907599605689,0.05093824638557666,0.03451472247496919,0.06736177029618413
Netherlands,netustm_log,-0.6624914750438458,0.05193885279215616,0.03551532888154869,0.06836237670276363
Netherlands,netustm_log,-0.6382921901271226,0.05293945919873566,0.03651593528812819,0.06936298310934313
Netherlands,netustm_log,-0.6140929052103994,0.05394006560531517,0.037516541694707695,0.07036358951592264
Netherlands,netustm_log,-0.5898936202936762,0.054940672011894676,0.0385171481012872,0.07136419592250215
Netherlands,netustm_log,-0.565694335376953,0.05594127841847418,0.03951775450786671,0.07236480232908166
Netherlands,netustm_log,-0.5414950504602296,0.0569418848250537,0.04051836091444622,0.07336540873566116
Netherlands,netustm_log,-0.5172957655435064,0.0579424912316332,0.041518967321025724,0.07436601514224067
Netherlands,netustm_log,-0.49309648062678324,0.058943097638212705,0.04251957372760523,0.07536662154882018
Netherlands,netustm_log,-0.46889719571006006,0.05994370404479221,0.04352018013418474,0.07636722795539969
Netherlands,netustm_log,-0.44469791079333687,0.06094431045137172,0.044520786540764246,0.07736783436197919
Netherlands,netustm_log,-0.4204986258766137,0.06194491685795123,0.04552139294734375,0.0783684407685587
Netherlands,netustm_log,-0.3962993409598905,0.06294552326453073,0.04652199935392326,0.07936904717513821
Netherlands,netustm_log,-0.3721000560431671,0.06394612967111024,0.04752260576050277,0.08036965358171771
Netherlands,netustm_log,-0.3479007711264439,0.06494673607768975,0.048523212167082275,0.08137025998829722
Netherlands,netustm_log,-0.3237014862097207,0.06594734248426926,0.04952381857366178,0.08237086639487673
Netherlands,netustm_log,-0.29950220129299754,0.06694794889084876,0.05052442498024129,0.08337147280145624
Netherlands,netustm_log,-0.27530291637627435,0.06794855529742827,0.0515250313868208,0.08437207920803574
Netherlands,netustm_log,-0.25110363145955117,0.06894916170400778,0.052525637793400304,0.08537268561461525
Netherlands,netustm_log,-0.22690434654282798,0.06994976811058727,0.0535262441999798,0.08637329202119474
Netherlands,netustm_log,-0.20270506162610458,0.07095037451716679,0.05452685060655932,0.08737389842777427
Netherlands,netustm_log,-0.1785057767093814,0.0719509809237463,0.055527457013138826,0.08837450483435377
Netherlands,netustm_log,-0.1543064917926582,0.0729515873303258,0.05652806341971833,0.08937511124093328
Netherlands,netustm_log,-0.13010720687593502,0.07395219373690531,0.05752866982629784,0.09037571764751279
Netherlands,netustm_log,-0.10590792195921184,0.07495280014348481,0.058529276232877334,0.09137632405409228
Netherlands,netustm_log,-0.08170863704248865,0.07595340655006431,0.05952988263945684,0.09237693046067179
Netherlands,netustm_log,-0.05750935212576547,0.07695401295664382,0.06053048904603635,0.0933775368672513
Netherlands,netustm_log,-0.03331006720904206,0.07795461936322334,0.06153109545261587,0.09437814327383082
Netherlands,netustm_log,-0.009110782292319097,0.07895522576980284,0.06253170185919536,0.09537874968041031
Netherlands,netustm_log,0.01508850262440431,0.07995583217638234,0.06353230826577487,0.09637935608698982
Netherlands,netustm_log,0.03928778754112727,0.08095643858296185,0.06453291467235438,0.09737996249356932
Netherlands,netustm_log,0.06348707245785068,0.08195704498954136,0.06553352107893388,0.09838056890014883
Netherlands,netustm_log,0.08768635737457409,0.08295765139612088,0.0665341274855134,0.09938117530672835
Netherlands,netustm_log,0.11188564229129705,0.08395825780270037,0.0675347338920929,0.10038178171330785
Netherlands,netustm_log,0.13608492720802046,0.08495886420927988,0.0685353402986724,0.10138238811988735
Netherlands,netustm_log,0.16028421212474342,0.08595947061585939,0.06953594670525191,0.10238299452646686
Netherlands,netustm_log,0.18448349704146683,0.0869600770224389,0.07053655311183142,0.10338360093304637
Netherlands,netustm_log,0.2086827819581898,0.08796068342901839,0.07153715951841091,0.10438420733962586
Netherlands,netustm_log,0.2328820668749132,0.08896128983559791,0.07253776592499044,0.10538481374620538
Netherlands,netustm_log,0.2570813517916366,0.08996189624217742,0.07353837233156994,0.10638542015278489
Netherlands,netustm_log,0.28128063670835957,0.09096250264875692,0.07453897873814945,0.1073860265593644
Netherlands,netustm_log,0.305479921625083,0.09196310905533643,0.07553958514472896,0.1083866329659439
Netherlands,netustm_log,0.32967920654180594,0.09296371546191592,0.07654019155130845,0.1093872393725234
Netherlands,netustm_log,0.35387849145852934,0.09396432186849545,0.07754079795788797,0.11038784577910292
Netherlands,netustm_log,0.3780777763752523,0.09496492827507494,0.07854140436446747,0.11138845218568241
Netherlands,netustm_log,0.4022770612919757,0.09596553468165446,0.07954201077104699,0.11238905859226193
Netherlands,netustm_log,0.4264763462086991,0.09696614108823397,0.0805426171776265,0.11338966499884144
Netherlands,netustm_log,0.4506756311254221,0.09796674749481346,0.08154322358420599,0.11439027140542093
Netherlands,netustm_log,0.4748749160421455,0.09896735390139298,0.08254382999078551,0.11539087781200046
Netherlands,netustm_log,0.49907420095886845,0.09996796030797248,0.083544436397365,0.11639148421857995
Netherlands,netustm_log,0.5232734858755919,0.100968566714552,0.08454504280394452,0.11739209062515947
Netherlands,netustm_log,0.5474727707923148,0.10196917312113149,0.08554564921052402,0.11839269703173896
Netherlands,netustm_log,0.5716720557090382,0.102969779527711,0.08654625561710352,0.11939330343831847
Netherlands,netustm_log,0.5958713406257616,0.10397038593429052,0.08754686202368304,0.12039390984489799
Netherlands,netustm_log,0.6200706255424846,0.10497099234087001,0.08854746843026254,0.12139451625147749
Netherlands,netustm_log,0.644269910459208,0.10597159874744953,0.08954807483684206,0.122395122658057
Netherlands,netustm_log,0.668469195375931,0.10697220515402903,0.09054868124342155,0.1233957290646365
Netherlands,netustm_log,0.6926684802926544,0.10797281156060853,0.09154928765000106,0.12439633547121601
Netherlands,netustm_log,0.7168677652093773,0.10897341796718804,0.09254989405658057,0.12539694187779551
Netherlands,netustm_log,0.7410670501261007,0.10997402437376755,0.09355050046316007,0.12639754828437502
Netherlands,netustm_log,0.7652663350428242,0.11097463078034706,0.09455110686973958,0.12739815469095453
Netherlands,netustm_log,0.7894656199595471,0.11197523718692656,0.09555171327631909,0.12839876109753404
Netherlands,netustm_log,0.8136649048762705,0.11297584359350607,0.0965523196828986,0.12939936750411354
Netherlands,netustm_log,0.8378641897929935,0.11397645000008558,0.0975529260894781,0.13039997391069305
Netherlands,netustm_log,0.8620634747097169,0.11497705640666508,0.09855353249605761,0.13140058031727256
Netherlands,netustm_log,0.8862627596264399,0.11597766281324459,0.09955413890263712,0.13240118672385207
Netherlands,netustm_log,0.9104620445431633,0.1169782692198241,0.10055474530921663,0.13340179313043157
Netherlands,netustm_log,0.9346613294598867,0.1179788756264036,0.10155535171579613,0.13440239953701108
Netherlands,netustm_log,0.9588606143766096,0.11897948203298311,0.10255595812237564,0.1354030059435906
Netherlands,netustm_log,0.983059899293333,0.11998008843956262,0.10355656452895515,0.1364036123501701
Netherlands,netustm_log,1.007259184210056,0.12098069484614213,0.10455717093553465,0.1374042187567496
Netherlands,netustm_log,1.0314584691267794,0.12198130125272164,0.10555777734211416,0.1384048251633291
Netherlands,netustm_log,1.0556577540435024,0.12298190765930113,0.10655838374869366,0.1394054315699086
Netherlands,netustm_log,1.0798570389602258,0.12398251406588065,0.10755899015527318,0.14040603797648812
Netherlands,netustm_log,1.1040563238769492,0.12498312047246016,0.10855959656185268,0.14140664438306763
Netherlands,netustm_log,1.1282556087936721,0.12598372687903966,0.10956020296843219,0.14240725078964714
Netherlands,netustm_log,1.1524548937103956,0.12698433328561917,0.1105608093750117,0.14340785719622665
Netherlands,netustm_log,1.1766541786271185,0.12798493969219865,0.11156141578159118,0.14440846360280613
Netherlands,netustm_log,1.200853463543842,0.1289855460987782,0.11256202218817071,0.14540907000938566
Netherlands,netustm_log,1.2250527484605649,0.12998615250535767,0.11356262859475019,0.14640967641596514
Netherlands,netustm_log,1.2492520333772883,0.1309867589119372,0.11456323500132973,0.14741028282254467
Netherlands,netustm_log,1.2734513182940117,0.1319873653185167,0.11556384140790923,0.14841088922912418
Netherlands,netustm_log,1.2976506032107347,0.1329879717250962,0.11656444781448871,0.14941149563570366
Netherlands,netustm_log,1.321849888127458,0.13398857813167572,0.11756505422106825,0.1504121020422832
Netherlands,netustm_log,1.346049173044181,0.1349891845382552,0.11856566062764773,0.15141270844886268
Netherlands,netustm_log,1.3702484579609044,0.13598979094483474,0.11956626703422726,0.1524133148554422
Netherlands,netustm_log,1.3944477428776274,0.13699039735141422,0.12056687344080674,0.1534139212620217
Netherlands,netustm_log,1.4186470277943508,0.13799100375799372,0.12156747984738625,0.1544145276686012
Netherlands,netustm_log,1.4428463127110742,0.13899161016457326,0.12256808625396579,0.15541513407518073
Netherlands,netustm_log,1.4670455976277972,0.13999221657115274,0.12356869266054527,0.1564157404817602
Netherlands,netustm_log,1.4912448825445206,0.14099282297773227,0.1245692990671248,0.15741634688833975
Netherlands,netustm_log,1.5154441674612436,0.14199342938431175,0.12556990547370428,0.15841695329491923
Netherlands,netustm_log,1.539643452377967,0.14299403579089126,0.1265705118802838,0.15941755970149873
Netherlands,netustm_log,1.56384273729469,0.14399464219747077,0.1275711182868633,0.16041816610807824
Netherlands,netustm_log,1.588042022211413,0.14499524860405028,0.1285717246934428,0.16141877251465775
Netherlands,nwspol_log,-2.918043184533,-0.11408407274534899,-0.13426576430439127,-0.0939023811863067
Netherlands,nwspol_log,-2.890136518045641,-0.11221362672330493,-0.1323953182823472,-0.09203193516426264
Netherlands,nwspol_log,-2.862229851558282,-0.11034318070126087,-0.13052487226030315,-0.09016148914221858
Netherlands,nwspol_log,-2.834323185070923,-0.10847273467921681,-0.1286544262382591,-0.08829104312017452
Netherlands,nwspol_log,-2.806416518583564,-0.10660228865717278,-0.12678398021621506,-0.08642059709813049
Netherlands,nwspol_log,-2.7785098520962053,-0.10473184263512875,-0.12491353419417103,-0.08455015107608646
Netherlands,nwspol_log,-2.7506031856088464,-0.10286139661308469,-0.12304308817212697,-0.0826797050540424
Netherlands,nwspol_log,-2.722696519121487,-0.10099095059104063,-0.12117264215008292,-0.08080925903199834
Netherlands,nwspol_log,-2.6947898526341283,-0.09912050456899657,-0.11930219612803886,-0.07893881300995428
Netherlands,nwspol_log,-2.6668831861467694,-0.09725005854695254,-0.11743175010599483,-0.07706836698791025
Netherlands,nwspol_log,-2.63897651965941,-0.09537961252490848,-0.11556130408395077,-0.0751979209658662
Netherlands,nwspol_log,-2.6110698531720513,-0.09350916650286442,-0.11369085806190671,-0.07332747494382214
Netherlands,nwspol_log,-2.5831631866846925,-0.09163872048082039,-0.11182041203986268,-0.0714570289217781
Netherlands,nwspol_log,-2.5552565201973336,-0.08976827445877636,-0.10994996601781865,-0.06958658289973407
Netherlands,nwspol_log,-2.527349853709975,-0.0878978284367323,-0.10807951999577459,-0.06771613687769001
Netherlands,nwspol_log,-2.4994431872226155,-0.08602738241468824,-0.10620907397373053,-0.06584569085564596
Netherlands,nwspol_log,-2.4715365207352566,-0.08415693639264418,-0.10433862795168647,-0.0639752448336019
Netherlands,nwspol_log,-2.443629854247898,-0.08228649037060015,-0.10246818192964244,-0.062104798811557865
Netherlands,nwspol_log,-2.4157231877605385,-0.08041604434855606,-0.10059773590759835,-0.06023435278951378
Netherlands,nwspol_log,-2.3878165212731797,-0.07854559832651203,-0.09872728988555432,-0.05836390676746975
Netherlands,nwspol_log,-2.359909854785821,-0.076675152304468,-0.09685684386351029,-0.056493460745425716
Netherlands,nwspol_log,-2.332003188298462,-0.07480470628242394,-0.09498639784146623,-0.05462301472338166
Netherlands,nwspol_log,-2.304096521811103,-0.07293426026037991,-0.0931159518194222,-0.05275256870133763
Netherlands,nwspol_log,-2.276189855323744,-0.07106381423833583,-0.09124550579737811,-0.05088212267929354
Netherlands,nwspol_log,-2.248283188836385,-0.0691933682162918,-0.08937505977533408,-0.04901167665724951
Netherlands,nwspol_log,-2.220376522349026,-0.06732292219424776,-0.08750461375329005,-0.04714123063520548
Netherlands,nwspol_log,-2.192469855861667,-0.06545247617220368,-0.08563416773124596,-0.04527078461316139
Netherlands,nwspol_log,-2.164563189374308,-0.06358203015015965,-0.08376372170920193,-0.04340033859111736
Netherlands,nwspol_log,-2.136656522886949,-0.06171158412811559,-0.08189327568715787,-0.0415298925690733
Netherlands,nwspol_log,-2.1087498563995903,-0.059841138106071556,-0.08002282966511384,-0.03965944654702927
Netherlands,nwspol_log,-2.0808431899122315,-0.057970692084027525,-0.07815238364306981,-0.03778900052498524
Netherlands,nwspol_log,-2.052936523424872,-0.05610024606198344,-0.07628193762102572,-0.03591855450294115
Netherlands,nwspol_log,-2.0250298569375134,-0.05422980003993941,-0.0744114915989817,-0.03404810848089712
Netherlands,nwspol_log,-1.9971231904501545,-0.05235935401789535,-0.07254104557693763,-0.03217766245885306
Netherlands,nwspol_log,-1.9692165239627955,-0.05048890799585132,-0.0706705995548936,-0.030307216436809035
Netherlands,nwspol_log,-1.9413098574754364,-0.04861846197380726,-0.06880015353284955,-0.028436770414764976
Netherlands,nwspol_log,-1.9134031909880775,-0.0467480159517632,-0.06692970751080549,-0.026566324392720917
Netherlands,nwspol_log,-1.8854965245007187,-0.04487756992971917,-0.06505926148876146,-0.024695878370676886
Netherlands,nwspol_log,-1.8575898580133596,-0.04300712390767511,-0.0631888154667174,-0.022825432348632827
Netherlands,nwspol_log,-1.8296831915260006,-0.04113667788563105,-0.06131836944467334,-0.02095498632658877
Netherlands,nwspol_log,-1.8017765250386417,-0.039266231863587006,-0.05944792342262929,-0.019084540304544723
Netherlands,nwspol_log,-1.7738698585512829,-0.037395785841542975,-0.05757747740058526,-0.017214094282500692
Netherlands,nwspol_log,-1.7459631920639238,-0.035525339819498916,-0.0557070313785412,-0.015343648260456633
Netherlands,nwspol_log,-1.7180565255765647,-0.03365489379745486,-0.053836585356497144,-0.013473202238412574
Netherlands,nwspol_log,-1.690149859089206,-0.03178444777541081,-0.0519661393344531,-0.01160275621636853
Netherlands,nwspol_log,-1.662243192601847,-0.029914001753366767,-0.050095693312409054,-0.009732310194324485
Netherlands,nwspol_log,-1.634336526114488,-0.02804355573132271,-0.048225247290364995,-0.007861864172280426
Netherlands,nwspol_log,-1.606429859627129,-0.026173109709278664,-0.04635480126832095,-0.005991418150236381
Netherlands,nwspol_log,-1.57852319313977,-0.02430266368723462,-0.044484355246276905,-0.004120972128192336
Netherlands,nwspol_log,-1.5506165266524112,-0.022432217665190574,-0.04261390922423286,-0.0022505261061482908
Netherlands,nwspol_log,-1.5227098601650522,-0.020561771643146515,-0.0407434632021888,-0.0003800800841042319
Netherlands,nwspol_log,-1.494803193677693,-0.018691325621102456,-0.03887301718014474,0.001490365937939827
Netherlands,nwspol_log,-1.4668965271903343,-0.016820879599058425,-0.03700257115810071,0.003360811959983858
Netherlands,nwspol_log,-1.4389898607029754,-0.01495043357701438,-0.035132125136056666,0.005231257982027903
Netherlands,nwspol_log,-1.4110831942156163,-0.013079987554970321,-0.03326167911401261,0.007101704004071962
Netherlands,nwspol_log,-1.3831765277282573,-0.011209541532926262,-0.03139123309196855,0.00897215002611602
Netherlands,nwspol_log,-1.3552698612408984,-0.009339095510882217,-0.0295207870699245,0.010842596048160066
Netherlands,nwspol_log,-1.3273631947535396,-0.007468649488838186,-0.02765034104788047,0.012713042070204097
Netherlands,nwspol_log,-1.2994565282661805,-0.005598203466794127,-0.02577989502583641,0.014583488092248156
Netherlands,nwspol_log,-1.2715498617788215,-0.0037277574447500683,-0.02390944900379235,0.016453934114292215
Netherlands,nwspol_log,-1.2436431952914626,-0.0018573114227060233,-0.022039002981748306,0.01832438013633626
Netherlands,nwspol_log,-1.2157365288041038,1.3134599338007757e-05,-0.020168556959704275,0.02019482615838029
Netherlands,nwspol_log,-1.1878298623167447,0.0018835806213820666,-0.018298110937660216,0.02206527218042435
Netherlands,nwspol_log,-1.1599231958293856,0.0037540266434261255,-0.016427664915616157,0.02393571820246841
Netherlands,nwspol_log,-1.1320165293420268,0.0056244726654701704,-0.014557218893572112,0.025806164224512453
Netherlands,nwspol_log,-1.104109862854668,0.007494918687514215,-0.012686772871528067,0.027676610246556498
Netherlands,nwspol_log,-1.0762031963673089,0.009365364709558274,-0.010816326849484009,0.029547056268600557
Netherlands,nwspol_log,-1.0482965298799498,0.01123581073160232,-0.008945880827439964,0.031417502290644606
Netherlands,nwspol_log,-1.020389863392591,0.013106256753646364,-0.007075434805395919,0.03328794831268865
Netherlands,nwspol_log,-0.9924831969052321,0.01497670277569041,-0.005204988783351874,0.035158394334732695
Netherlands,nwspol_log,-0.9645765304178731,0.016847148797734468,-0.0033345427613078148,0.037028840356776754
Netherlands,nwspol_log,-0.936669863930514,0.018717594819778527,-0.001464096739263756,0.03889928637882081
Netherlands,nwspol_log,-0.9087631974431551,0.020588040841822565,0.0004063492827802821,0.040769732400864844
Netherlands,nwspol_log,-0.8808565309557963,0.022458486863866603,0.00227679530482432,0.04264017842290889
Netherlands,nwspol_log,-0.8529498644684375,0.024328932885910648,0.004147241326868365,0.044510624444952934
Netherlands,nwspol_log,-0.8250431979810782,0.02619937890795472,0.006017687348912438,0.04638107046699701
Netherlands,nwspol_log,-0.7971365314937193,0.02806982492999876,0.007888133370956476,0.04825151648904104
Netherlands,nwspol_log,-0.7692298650063605,0.029940270952042804,0.009758579393000521,0.05012196251108508
Netherlands,nwspol_log,-0.7413231985190012,0.03181071697408687,0.011629025415044587,0.051992408533129156
Netherlands,nwspol_log,-0.7134165320316423,0.033681162996130914,0.013499471437088632,0.0538628545551732
Netherlands,nwspol_log,-0.6855098655442835,0.03555160901817496,0.015369917459132677,0.055733300577217246
Netherlands,nwspol_log,-0.6576031990569247,0.037422055040219,0.017240363481176715,0.05760374659926128
Netherlands,nwspol_log,-0.6296965325695658,0.03929250106226304,0.01911080950322076,0.05947419262130532
Netherlands,nwspol_log,-0.6017898660822065,0.04116294708430711,0.020981255525264825,0.061344638643349395
Netherlands,nwspol_log,-0.5738831995948477,0.04303339310635115,0.02285170154730887,0.06321508466539344
Netherlands,nwspol_log,-0.5459765331074888,0.0449038391283952,0.024722147569352915,0.06508553068743748
Netherlands,nwspol_log,-0.5180698666201295,0.046774285150439264,0.02659259359139698,0.06695597670948154
Netherlands,nwspol_log,-0.4901632001327707,0.04864473117248331,0.028463039613441026,0.06882642273152559
Netherlands,nwspol_log,-0.46225653364541186,0.05051517719452735,0.030333485635485064,0.07069686875356963
Netherlands,nwspol_log,-0.434349867158053,0.05238562321657139,0.032203931657529106,0.07256731477561368
Netherlands,nwspol_log,-0.40644320067069417,0.05425606923861544,0.03407437767957315,0.07443776079765772
Netherlands,nwspol_log,-0.3785365341833349,0.05612651526065951,0.03594482370161722,0.0763082068197018
Netherlands,nwspol_log,-0.35062986769597604,0.05799696128270355,0.03781526972366127,0.07817865284174583
Netherlands,nwspol_log,-0.3227232012086172,0.059867407304747586,0.0396857157457053,0.08004909886378987
Netherlands,nwspol_log,-0.2948165347212579,0.06173785332679166,0.04155616176774937,0.08191954488583394
Netherlands,nwspol_log,-0.26690986823389906,0.0636082993488357,0.04342660778979342,0.08378999090787799
Netherlands,nwspol_log,-0.23900320174654022,0.06547874537087975,0.04529705381183746,0.08566043692992203
Netherlands,nwspol_log,-0.21109653525918137,0.06734919139292378,0.04716749983388149,0.08753088295196607
Netherlands,nwspol_log,-0.18318986877182253,0.06921963741496782,0.04903794585592554,0.08940132897401011
Netherlands,nwspol_log,-0.15528320228446324,0.0710900834370119,0.05090839187796961,0.09127177499605418
Netherlands,nwspol_log,-0.1273765357971044,0.07296052945905594,0.052778837900013656,0.09314222101809823
Netherlands,nwspol_log,-0.09946986930974555,0.07483097548109999,0.0546492839220577,0.09501266704014227
Netherlands,nwspol_log,-0.07156320282238626,0.07670142150314405,0.05651972994410176,0.09688311306218633
Netherlands,nwspol_log,-0.04365653633502742,0.07857186752518809,0.058390175966145805,0.09875355908423038
Netherlands,nwspol_log,-0.015749869847668574,0.08044231354723214,0.06026062198818985,0.10062400510627442
Netherlands,nwspol_log,0.01215679663969027,0.08231275956927618,0.062131068010233895,0.10249445112831847
Netherlands,nwspol_log,0.040063463127049115,0.08418320559132023,0.06400151403227794,0.10436489715036251
Netherlands,nwspol_log,0.0679701296144084,0.08605365161336428,0.065871960054322,0.10623534317240657
Netherlands,nwspol_log,0.09587679610176725,0.08792409763540833,0.06774240607636604,0.10810578919445062
Netherlands,nwspol_log,0.12378346258912609,0.08979454365745237,0.06961285209841009,0.10997623521649466
Netherlands,nwspol_log,0.15169012907648538,0.09166498967949645,0.07148329812045416,0.11184668123853873
Netherlands,nwspol_log,0.17959679556384422,0.09353543570154049,0.0733537441424982,0.11371712726058278
Netherlands,nwspol_log,0.20750346205120307,0.09540588172358452,0.07522419016454224,0.11558757328262681
Netherlands,nwspol_log,0.2354101285385619,0.09727632774562857,0.07709463618658628,0.11745801930467085
Netherlands,nwspol_log,0.26331679502592076,0.09914677376767261,0.07896508220863033,0.1193284653267149
Netherlands,nwspol_log,0.29122346151328005,0.10101721978971669,0.0808355282306744,0.12119891134875897
Netherlands,nwspol_log,0.3191301280006389,0.10288766581176073,0.08270597425271844,0.12306935737080302
Netherlands,nwspol_log,0.34703679448799774,0.10475811183380476,0.08457642027476248,0.12493980339284705
Netherlands,nwspol_log,0.374943460975357,0.10662855785584884,0.08644686629680655,0.1268102494148911
Netherlands,nwspol_log,0.40285012746271587,0.10849900387789288,0.0883173123188506,0.12868069543693517
Netherlands,nwspol_log,0.4307567939500747,0.11036944989993693,0.09018775834089464,0.1305511414589792
Netherlands,nwspol_log,0.45866346043743356,0.11223989592198097,0.09205820436293868,0.13242158748102326
Netherlands,nwspol_log,0.4865701269247924,0.114110341944025,0.09392865038498271,0.1342920335030673
Netherlands,nwspol_log,0.5144767934121517,0.11598078796606909,0.0957990964070268,0.13616247952511137
Netherlands,nwspol_log,0.5423834598995105,0.11785123398811312,0.09766954242907083,0.1380329255471554
Netherlands,nwspol_log,0.5702901263868694,0.11972168001015716,0.09953998845111488,0.13990337156919944
Netherlands,nwspol_log,0.5981967928742287,0.12159212603220124,0.10141043447315895,0.14177381759124352
Netherlands,nwspol_log,0.6261034593615875,0.12346257205424527,0.10328088049520298,0.14364426361328755
Netherlands,nwspol_log,0.6540101258489464,0.12533301807628933,0.10515132651724704,0.1455147096353316
Netherlands,nwspol_log,0.6819167923363052,0.12720346409833336,0.10702177253929107,0.14738515565737564
Netherlands,nwspol_log,0.709823458823664,0.1290739101203774,0.1088922185613351,0.14925560167941967
Netherlands,nwspol_log,0.7377301253110233,0.13094435614242148,0.11076266458337919,0.15112604770146376
Netherlands,nwspol_log,0.7656367917983822,0.1328148021644655,0.11263311060542322,0.1529964937235078
Netherlands,nwspol_log,0.793543458285741,0.13468524818650957,0.11450355662746728,0.15486693974555185
Netherlands,nwspol_log,0.8214501247731003,0.13655569420855362,0.11637400264951134,0.1567373857675959
Netherlands,nwspol_log,0.8493567912604592,0.13842614023059768,0.1182444486715554,0.15860783178963997
Netherlands,nwspol_log,0.877263457747818,0.14029658625264171,0.12011489469359943,0.160478277811684
Netherlands,nwspol_log,0.9051701242351768,0.14216703227468575,0.12198534071564346,0.16234872383372803
Netherlands,nwspol_log,0.9330767907225357,0.1440374782967298,0.12385578673768752,0.1642191698557721
Netherlands,nwspol_log,0.960983457209895,0.14590792431877386,0.12572623275973158,0.16608961587781615
Netherlands,nwspol_log,0.9888901236972538,0.14777837034081792,0.12759667878177564,0.1679600618998602
Netherlands,nwspol_log,1.0167967901846127,0.14964881636286195,0.12946712480381967,0.16983050792190424
Netherlands,nwspol_log,1.044703456671972,0.15151926238490604,0.13133757082586375,0.17170095394394833
Netherlands,nwspol_log,1.0726101231593308,0.15338970840695004,0.13320801684790776,0.17357139996599233
Netherlands,nwspol_log,1.1005167896466896,0.1552601544289941,0.13507846286995182,0.1754418459880364
Netherlands,nwspol_log,1.128423456134049,0.15713060045103816,0.13694890889199587,0.17731229201008045
Netherlands,nwspol_log,1.1563301226214073,0.1590010464730822,0.1388193549140399,0.17918273803212448
Netherlands,nwspol_log,1.1842367891087666,0.16087149249512628,0.140689800936084,0.18105318405416856
Netherlands,nwspol_log,1.212143455596125,0.16274193851717028,0.142560246958128,0.18292363007621257
Netherlands,nwspol_log,1.240050122083484,0.16461238453921434,0.14443069298017205,0.18479407609825663
Norway,netustm_log,-2.017651430380346,0.015294633021983806,-0.006208795772368068,0.03679806181633568
Norway,netustm_log,-1.9934521454636227,0.016712508130872147,-0.004790920663479727,0.03821593692522402
Norway,netustm_log,-1.9692528605468995,0.01813038323976049,-0.003373045554591385,0.03963381203411236
Norway,netustm_log,-1.9450535756301763,0.01954825834864883,-0.001955170445703043,0.041051687143000705
Norway,netustm_log,-1.920854290713453,0.020966133457537187,-0.0005372953368146874,0.04246956225188906
Norway,netustm_log,-1.8966550057967297,0.02238400856642553,0.0008805797720736544,0.0438874373607774
Norway,netustm_log,-1.8724557208800066,0.02380188367531387,0.002298454880961996,0.045305312469665744
Norway,netustm_log,-1.8482564359632834,0.025219758784202212,0.003716329989850338,0.046723187578554086
Norway,netustm_log,-1.8240571510465602,0.026637633893090554,0.00513420509873868,0.04814106268744243
Norway,netustm_log,-1.799857866129837,0.028055509001978896,0.0065520802076270215,0.04955893779633077
Norway,netustm_log,-1.7756585812131138,0.029473384110867237,0.007969955316515363,0.05097681290521911
Norway,netustm_log,-1.7514592962963906,0.03089125921975558,0.009387830425403705,0.05239468801410745
Norway,netustm_log,-1.7272600113796672,0.032309134328643935,0.01080570553429206,0.05381256312299581
Norway,netustm_log,-1.703060726462944,0.03372700943753229,0.012223580643180416,0.055230438231884164
Norway,netustm_log,-1.6788614415462209,0.03514488454642063,0.013641455752068758,0.056648313340772506
Norway,netustm_log,-1.6546621566294977,0.036562759655308974,0.0150593308609571,0.05806618844966085
Norway,netustm_log,-1.6304628717127745,0.037980634764197316,0.016477205969845442,0.05948406355854919
Norway,netustm_log,-1.606263586796051,0.03939850987308567,0.017895081078733797,0.060901938667437545
Norway,netustm_log,-1.5820643018793281,0.040816384981974,0.019312956187622125,0.06231981377632587
Norway,netustm_log,-1.5578650169626047,0.042234260090862355,0.02073083129651048,0.06373768888521422
Norway,netustm_log,-1.5336657320458815,0.0436521351997507,0.022148706405398823,0.06515556399410258
Norway,netustm_log,-1.5094664471291583,0.04507001030863904,0.023566581514287165,0.0665734391029909
Norway,netustm_log,-1.4852671622124352,0.04648788541752738,0.024984456623175506,0.06799131421187926
Norway,netustm_log,-1.461067877295712,0.04790576052641572,0.026402331732063848,0.06940918932076759
Norway,netustm_log,-1.4368685923789886,0.04932363563530408,0.027820206840952204,0.07082706442965594
Norway,netustm_log,-1.4126693074622656,0.050741510744192406,0.02923808194984053,0.07224493953854427
Norway,netustm_log,-1.3884700225455422,0.05215938585308076,0.030655957058728887,0.07366281464743263
Norway,netustm_log,-1.364270737628819,0.0535772609619691,0.03207383216761723,0.07508068975632098
Norway,netustm_log,-1.3400714527120958,0.054995136070857445,0.03349170727650557,0.07649856486520931
Norway,netustm_log,-1.3158721677953726,0.05641301117974579,0.03490958238539391,0.07791643997409767
Norway,netustm_log,-1.2916728828786495,0.05783088628863413,0.036327457494282255,0.079334315082986
Norway,netustm_log,-1.267473597961926,0.059248761397522484,0.03774533260317061,0.08075219019187435
Norway,netustm_log,-1.243274313045203,0.060666636506410826,0.03916320771205895,0.0821700653007627
Norway,netustm_log,-1.2190750281284797,0.06208451161529918,0.04058108282094731,0.08358794040965106
Norway,netustm_log,-1.1948757432117565,0.06350238672418752,0.04199895792983565,0.08500581551853939
Norway,netustm_log,-1.1706764582950333,0.06492026183307587,0.04341683303872399,0.08642369062742775
Norway,netustm_log,-1.1464771733783101,0.06633813694196421,0.04483470814761233,0.08784156573631607
Norway,netustm_log,-1.122277888461587,0.06775601205085255,0.046252583256500675,0.08925944084520443
Norway,netustm_log,-1.0980786035448635,0.0691738871597409,0.04767045836538903,0.09067731595409279
Norway,netustm_log,-1.0738793186281406,0.07059176226862923,0.04908833347427736,0.09209519106298111
Norway,netustm_log,-1.0496800337114172,0.07200963737751759,0.050506208583165714,0.09351306617186947
Norway,netustm_log,-1.025480748794694,0.07342751248640593,0.051924083692054056,0.0949309412807578
Norway,netustm_log,-1.0012814638779708,0.07484538759529427,0.0533419588009424,0.09634881638964615
Norway,netustm_log,-0.9770821789612476,0.07626326270418261,0.05475983390983074,0.09776669149853448
Norway,netustm_log,-0.9528828940445244,0.07768113781307096,0.05617770901871908,0.09918456660742284
Norway,netustm_log,-0.9286836091278012,0.07909901292195931,0.05759558412760744,0.10060244171631119
Norway,netustm_log,-0.904484324211078,0.08051688803084764,0.059013459236495765,0.10202031682519952
Norway,netustm_log,-0.8802850392943546,0.081934763139736,0.06043133434538412,0.10343819193408788
Norway,netustm_log,-0.8560857543776315,0.08335263824862435,0.061849209454272476,0.10485606704297623
Norway,netustm_log,-0.8318864694609083,0.08477051335751268,0.0632670845631608,0.10627394215186456
Norway,netustm_log,-0.8076871845441851,0.08618838846640103,0.06468495967204915,0.10769181726075291
Norway,netustm_log,-0.7834878996274619,0.08760626357528936,0.06610283478093748,0.10910969236964124
Norway,netustm_log,-0.7592886147107387,0.08902413868417772,0.06752070988982584,0.1105275674785296
Norway,netustm_log,-0.7350893297940155,0.09044201379306606,0.06893858499871419,0.11194544258741793
Norway,netustm_log,-0.7108900448772921,0.09185988890195441,0.07035646010760255,0.11336331769630628
Norway,netustm_log,-0.6866907599605689,0.09327776401084276,0.07177433521649088,0.11478119280519464
Norway,netustm_log,-0.6624914750438458,0.0946956391197311,0.07319221032537923,0.11619906791408297
Norway,netustm_log,-0.6382921901271226,0.09611351422861944,0.07461008543426756,0.11761694302297132
Norway,netustm_log,-0.6140929052103994,0.09753138933750778,0.07602796054315591,0.11903481813185965
Norway,netustm_log,-0.5898936202936762,0.09894926444639612,0.07744583565204424,0.120452693240748
Norway,netustm_log,-0.565694335376953,0.10036713955528447,0.0788637107609326,0.12187056834963633
Norway,netustm_log,-0.5414950504602296,0.10178501466417282,0.08028158586982095,0.12328844345852469
Norway,netustm_log,-0.5172957655435064,0.10320288977306116,0.08169946097870928,0.12470631856741304
Norway,netustm_log,-0.49309648062678324,0.1046207648819495,0.08311733608759764,0.12612419367630137
Norway,netustm_log,-0.46889719571006006,0.10603863999083785,0.08453521119648597,0.12754206878518973
Norway,netustm_log,-0.44469791079333687,0.1074565150997262,0.08595308630537432,0.12895994389407808
Norway,netustm_log,-0.4204986258766137,0.10887439020861453,0.08737096141426265,0.1303778190029664
Norway,netustm_log,-0.3962993409598905,0.11029226531750289,0.088788836523151,0.13179569411185477
Norway,netustm_log,-0.3721000560431671,0.11171014042639124,0.09020671163203936,0.13321356922074312
Norway,netustm_log,-0.3479007711264439,0.11312801553527958,0.09162458674092772,0.13463144432963145
Norway,netustm_log,-0.3237014862097207,0.11454589064416792,0.09304246184981604,0.1360493194385198
Norway,netustm_log,-0.29950220129299754,0.11596376575305627,0.0944603369587044,0.13746719454740813
Norway,netustm_log,-0.27530291637627435,0.11738164086194461,0.09587821206759273,0.1388850696562965
Norway,netustm_log,-0.25110363145955117,0.11879951597083295,0.09729608717648108,0.14030294476518482
Norway,netustm_log,-0.22690434654282798,0.12021739107972129,0.09871396228536941,0.14172081987407317
Norway,netustm_log,-0.20270506162610458,0.12163526618860965,0.10013183739425777,0.14313869498296153
Norway,netustm_log,-0.1785057767093814,0.12305314129749799,0.10154971250314612,0.14455657009184986
Norway,netustm_log,-0.1543064917926582,0.12447101640638633,0.10296758761203445,0.1459744452007382
Norway,netustm_log,-0.13010720687593502,0.1258888915152747,0.1043854627209228,0.14739232030962657
Norway,netustm_log,-0.10590792195921184,0.12730676662416301,0.10580333782981113,0.1488101954185149
Norway,netustm_log,-0.08170863704248865,0.12872464173305137,0.10722121293869949,0.15022807052740325
Norway,netustm_log,-0.05750935212576547,0.1301425168419397,0.10863908804758782,0.15164594563629158
Norway,netustm_log,-0.03331006720904206,0.13156039195082805,0.11005696315647617,0.15306382074517993
Norway,netustm_log,-0.009110782292319097,0.13297826705971638,0.1114748382653645,0.15448169585406826
Norway,netustm_log,0.01508850262440431,0.13439614216860474,0.11289271337425286,0.15589957096295662
Norway,netustm_log,0.03928778754112727,0.13581401727749307,0.11431058848314118,0.15731744607184495
Norway,netustm_log,0.06348707245785068,0.13723189238638142,0.11572846359202954,0.1587353211807333
Norway,netustm_log,0.08768635737457409,0.13864976749526978,0.1171463387009179,0.16015319628962166
Norway,netustm_log,0.11188564229129705,0.1400676426041581,0.11856421380980622,0.16157107139850999
Norway,netustm_log,0.13608492720802046,0.14148551771304646,0.11998208891869458,0.16298894650739834
Norway,netustm_log,0.16028421212474342,0.1429033928219348,0.12139996402758291,0.16440682161628667
Norway,netustm_log,0.18448349704146683,0.14432126793082314,0.12281783913647126,0.16582469672517502
Norway,netustm_log,0.2086827819581898,0.14573914303971147,0.12423571424535959,0.16724257183406335
Norway,netustm_log,0.2328820668749132,0.14715701814859983,0.12565358935424795,0.1686604469429517
Norway,netustm_log,0.2570813517916366,0.14857489325748818,0.1270714644631363,0.17007832205184006
Norway,netustm_log,0.28128063670835957,0.14999276836637654,0.12848933957202466,0.17149619716072842
Norway,netustm_log,0.305479921625083,0.1514106434752649,0.129907214680913,0.17291407226961678
Norway,netustm_log,0.32967920654180594,0.15282851858415322,0.13132508978980134,0.1743319473785051
Norway,netustm_log,0.35387849145852934,0.15424639369304158,0.1327429648986897,0.17574982248739346
Norway,netustm_log,0.3780777763752523,0.1556642688019299,0.13416084000757802,0.1771676975962818
Norway,netustm_log,0.4022770612919757,0.15708214391081826,0.13557871511646638,0.17858557270517014
Norway,netustm_log,0.4264763462086991,0.15850001901970662,0.13699659022535474,0.1800034478140585
Norway,netustm_log,0.4506756311254221,0.15991789412859495,0.13841446533424306,0.18142132292294683
Norway,netustm_log,0.4748749160421455,0.1613357692374833,0.13983234044313142,0.18283919803183518
Norway,netustm_log,0.49907420095886845,0.16275364434637163,0.14125021555201975,0.1842570731407235
Norway,netustm_log,0.5232734858755919,0.16417151945525998,0.1426680906609081,0.18567494824961187
Norway,netustm_log,0.5474727707923148,0.1655893945641483,0.14408596576979643,0.1870928233585002
Norway,netustm_log,0.5716720557090382,0.16700726967303667,0.1455038408786848,0.18851069846738855
Norway,netustm_log,0.5958713406257616,0.16842514478192502,0.14692171598757314,0.1899285735762769
Norway,netustm_log,0.6200706255424846,0.16984301989081335,0.14833959109646147,0.19134644868516523
Norway,netustm_log,0.644269910459208,0.1712608949997017,0.14975746620534983,0.1927643237940536
Norway,netustm_log,0.668469195375931,0.17267877010859004,0.15117534131423815,0.19418219890294192
Norway,netustm_log,0.6926684802926544,0.1740966452174784,0.1525932164231265,0.19560007401183027
Norway,netustm_log,0.7168677652093773,0.17551452032636672,0.15401109153201484,0.1970179491207186
Norway,netustm_log,0.7410670501261007,0.17693239543525507,0.1554289666409032,0.19843582422960696
Norway,netustm_log,0.7652663350428242,0.17835027054414343,0.15684684174979155,0.1998536993384953
Norway,netustm_log,0.7894656199595471,0.17976814565303176,0.15826471685867988,0.20127157444738364
Norway,netustm_log,0.8136649048762705,0.1811860207619201,0.15968259196756823,0.202689449556272
Norway,netustm_log,0.8378641897929935,0.18260389587080844,0.16110046707645656,0.20410732466516032
Norway,netustm_log,0.8620634747097169,0.1840217709796968,0.16251834218534492,0.20552519977404868
Norway,netustm_log,0.8862627596264399,0.18543964608858512,0.16393621729423324,0.206943074882937
Norway,netustm_log,0.9104620445431633,0.18685752119747348,0.1653540924031216,0.20836094999182536
Norway,netustm_log,0.9346613294598867,0.18827539630636184,0.16677196751200996,0.20977882510071372
Norway,netustm_log,0.9588606143766096,0.18969327141525016,0.16818984262089828,0.21119670020960205
Norway,netustm_log,0.983059899293333,0.19111114652413852,0.16960771772978664,0.2126145753184904
Norway,netustm_log,1.007259184210056,0.19252902163302688,0.171025592838675,0.21403245042737876
Norway,netustm_log,1.0314584691267794,0.19394689674191523,0.17244346794756335,0.2154503255362671
Norway,netustm_log,1.0556577540435024,0.19536477185080353,0.17386134305645165,0.2168682006451554
Norway,netustm_log,1.0798570389602258,0.1967826469596919,0.17527921816534,0.21828607575404377
Norway,netustm_log,1.1040563238769492,0.19820052206858024,0.17669709327422836,0.21970395086293212
Norway,netustm_log,1.1282556087936721,0.1996183971774686,0.17811496838311672,0.22112182597182048
Norway,netustm_log,1.1524548937103956,0.20103627228635695,0.17953284349200507,0.22253970108070883
Norway,netustm_log,1.1766541786271185,0.20245414739524525,0.18095071860089337,0.22395757618959714
Norway,netustm_log,1.200853463543842,0.2038720225041336,0.18236859370978173,0.2253754512984855
Norway,netustm_log,1.2250527484605649,0.20528989761302197,0.18378646881867008,0.22679332640737385
Norway,netustm_log,1.2492520333772883,0.20670777272191032,0.18520434392755844,0.2282112015162622
Norway,netustm_log,1.2734513182940117,0.20812564783079868,0.1866222190364468,0.22962907662515056
Norway,netustm_log,1.2976506032107347,0.209543522939687,0.18804009414533512,0.23104695173403889
Norway,netustm_log,1.321849888127458,0.21096139804857536,0.18945796925422348,0.23246482684292724
Norway,netustm_log,1.346049173044181,0.2123792731574637,0.1908758443631118,0.23388270195181557
Norway,netustm_log,1.3702484579609044,0.21379714826635204,0.19229371947200016,0.23530057706070392
Norway,netustm_log,1.3944477428776274,0.21521502337524037,0.1937115945808885,0.23671845216959225
Norway,netustm_log,1.4186470277943508,0.21663289848412873,0.19512946968977685,0.2381363272784806
Norway,netustm_log,1.4428463127110742,0.21805077359301708,0.1965473447986652,0.23955420238736896
Norway,netustm_log,1.4670455976277972,0.2194686487019054,0.19796521990755353,0.2409720774962573
Norway,netustm_log,1.4912448825445206,0.22088652381079377,0.19938309501644189,0.24238995260514565
Norway,netustm_log,1.5154441674612436,0.2223043989196821,0.2008009701253302,0.24380782771403398
Norway,netustm_log,1.539643452377967,0.22372227402857045,0.20221884523421857,0.24522570282292233
Norway,netustm_log,1.56384273729469,0.22514014913745878,0.2036367203431069,0.24664357793181066
Norway,netustm_log,1.588042022211413,0.22655802424634713,0.20505459545199525,0.24806145304069901
Norway,nwspol_log,-2.918043184533,-0.13007736902963477,-0.1559072017042737,-0.10424753635499584
Norway,nwspol_log,-2.890136518045641,-0.12755913700650892,-0.15338896968114785,-0.10172930433187
Norway,nwspol_log,-2.862229851558282,-0.12504090498338302,-0.15087073765802195,-0.0992110723087441
Norway,nwspol_log,-2.834323185070923,-0.12252267296025712,-0.14835250563489605,-0.0966928402856182
Norway,nwspol_log,-2.806416518583564,-0.12000444093713128,-0.1458342736117702,-0.09417460826249235
Norway,nwspol_log,-2.7785098520962053,-0.11748620891400544,-0.14331604158864436,-0.09165637623936651
Norway,nwspol_log,-2.7506031856088464,-0.11496797689087956,-0.1407978095655185,-0.08913814421624064
Norway,nwspol_log,-2.722696519121487,-0.11244974486775366,-0.1382795775423926,-0.08661991219311474
Norway,nwspol_log,-2.6947898526341283,-0.1099315128446278,-0.13576134551926672,-0.08410168016998887
Norway,nwspol_log,-2.6668831861467694,-0.10741328082150195,-0.13324311349614087,-0.08158344814686302
Norway,nwspol_log,-2.63897651965941,-0.10489504879837605,-0.13072488147301498,-0.07906521612373713
Norway,nwspol_log,-2.6110698531720513,-0.10237681677525018,-0.1282066494498891,-0.07654698410061125
Norway,nwspol_log,-2.5831631866846925,-0.09985858475212434,-0.12568841742676326,-0.07402875207748541
Norway,nwspol_log,-2.5552565201973336,-0.09734035272899846,-0.12317018540363739,-0.07151052005435954
Norway,nwspol_log,-2.527349853709975,-0.09482212070587259,-0.12065195338051152,-0.06899228803123367
Norway,nwspol_log,-2.4994431872226155,-0.0923038886827467,-0.11813372135738562,-0.06647405600810777
Norway,nwspol_log,-2.4715365207352566,-0.08978565665962085,-0.11561548933425977,-0.06395582398498192
Norway,nwspol_log,-2.443629854247898,-0.08726742463649498,-0.1130972573111339,-0.06143759196185605
Norway,nwspol_log,-2.4157231877605385,-0.08474919261336908,-0.110579025288008,-0.058919359938730154
Norway,nwspol_log,-2.3878165212731797,-0.08223096059024324,-0.10806079326488216,-0.05640112791560431
Norway,nwspol_log,-2.359909854785821,-0.07971272856711736,-0.10554256124175629,-0.05388289589247844
Norway,nwspol_log,-2.332003188298462,-0.07719449654399149,-0.10302432921863042,-0.05136466386935257
Norway,nwspol_log,-2.304096521811103,-0.07467626452086565,-0.10050609719550457,-0.04884643184622672
Norway,nwspol_log,-2.276189855323744,-0.07215803249773975,-0.09798786517237867,-0.046328199823100824
Norway,nwspol_log,-2.248283188836385,-0.06963980047461388,-0.0954696331492528,-0.04380996779997495
Norway,nwspol_log,-2.220376522349026,-0.06712156845148803,-0.09295140112612696,-0.04129173577684911
Norway,nwspol_log,-2.192469855861667,-0.06460333642836213,-0.09043316910300106,-0.03877350375372321
Norway,nwspol_log,-2.164563189374308,-0.06208510440523626,-0.08791493707987519,-0.03625527173059734
Norway,nwspol_log,-2.136656522886949,-0.05956687238211042,-0.08539670505674934,-0.033737039707471494
Norway,nwspol_log,-2.1087498563995903,-0.05704864035898455,-0.08287847303362347,-0.031218807684345627
Norway,nwspol_log,-2.0808431899122315,-0.05453040833585868,-0.0803602410104976,-0.028700575661219755
Norway,nwspol_log,-2.052936523424872,-0.05201217631273278,-0.0778420089873717,-0.026182343638093856
Norway,nwspol_log,-2.0250298569375134,-0.049493944289606934,-0.07532377696424586,-0.023664111614968012
Norway,nwspol_log,-1.9971231904501545,-0.04697571226648106,-0.07280554494111999,-0.02114587959184214
Norway,nwspol_log,-1.9692165239627955,-0.04445748024335519,-0.07028731291799412,-0.01862764756871627
Norway,nwspol_log,-1.9413098574754364,-0.04193924822022932,-0.06776908089486824,-0.016109415545590398
Norway,nwspol_log,-1.9134031909880775,-0.03942101619710345,-0.06525084887174237,-0.013591183522464526
Norway,nwspol_log,-1.8854965245007187,-0.036902784173977576,-0.0627326168486165,-0.011072951499338655
Norway,nwspol_log,-1.8575898580133596,-0.034384552150851705,-0.06021438482549063,-0.008554719476212783
Norway,nwspol_log,-1.8296831915260006,-0.03186632012772583,-0.05769615280236476,-0.006036487453086912
Norway,nwspol_log,-1.8017765250386417,-0.029348088104599962,-0.05517792077923889,-0.0035182554299610404
Norway,nwspol_log,-1.7738698585512829,-0.02682985608147412,-0.05265968875611304,-0.0010000234068351967
Norway,nwspol_log,-1.7459631920639238,-0.02431162405834822,-0.050141456732987144,0.0015182086162907026
Norway,nwspol_log,-1.7180565255765647,-0.021793392035222348,-0.04762322470986127,0.004036440639416574
Norway,nwspol_log,-1.690149859089206,-0.019275160012096476,-0.0451049926867354,0.0065546726625424455
Norway,nwspol_log,-1.662243192601847,-0.016756927988970632,-0.04258676066360956,0.00907290468566829
Norway,nwspol_log,-1.634336526114488,-0.014238695965844761,-0.040068528640483686,0.01159113670879416
Norway,nwspol_log,-1.606429859627129,-0.011720463942718862,-0.03755029661735779,0.01410936873192006
Norway,nwspol_log,-1.57852319313977,-0.009202231919593018,-0.03503206459423194,0.016627600755045904
Norway,nwspol_log,-1.5506165266524112,-0.0066839998964671465,-0.03251383257110607,0.019145832778171775
Norway,nwspol_log,-1.5227098601650522,-0.004165767873341275,-0.029995600547980197,0.021664064801297647
Norway,nwspol_log,-1.494803193677693,-0.0016475358502153759,-0.027477368524854297,0.024182296824423546
Norway,nwspol_log,-1.4668965271903343,0.0008706961729104679,-0.024959136501728454,0.02670052884754939
Norway,nwspol_log,-1.4389898607029754,0.0033889281960363393,-0.022440904478602582,0.02921876087067526
Norway,nwspol_log,-1.4110831942156163,0.005907160219162211,-0.01992267245547671,0.031736992893801136
Norway,nwspol_log,-1.3831765277282573,0.008425392242288096,-0.017404440432350825,0.03425522491692702
Norway,nwspol_log,-1.3552698612408984,0.010943624265413954,-0.014886208409224968,0.03677345694005288
Norway,nwspol_log,-1.3273631947535396,0.013461856288539811,-0.01236797638609911,0.039291688963178736
Norway,nwspol_log,-1.2994565282661805,0.015980088311665697,-0.009849744362973225,0.04180992098630462
Norway,nwspol_log,-1.2715498617788215,0.018498320334791568,-0.0073315123398473535,0.04432815300943049
Norway,nwspol_log,-1.2436431952914626,0.021016552357917426,-0.004813280316721496,0.04684638503255635
Norway,nwspol_log,-1.2157365288041038,0.023534784381043297,-0.0022950482935956244,0.04936461705568222
Norway,nwspol_log,-1.1878298623167447,0.02605301640416917,0.00022318372953024704,0.051882849078808094
Norway,nwspol_log,-1.1599231958293856,0.028571248427295054,0.0027414157526561324,0.05440108110193398
Norway,nwspol_log,-1.1320165293420268,0.03108948045042091,0.00525964777578199,0.05691931312505984
Norway,nwspol_log,-1.104109862854668,0.03360771247354677,0.0077778797989078476,0.059437545148185694
Norway,nwspol_log,-1.0762031963673089,0.036125944496672655,0.010296111822033733,0.06195577717131158
Norway,nwspol_log,-1.0482965298799498,0.038644176519798526,0.012814343845159604,0.06447400919443745
Norway,nwspol_log,-1.020389863392591,0.0411624085429244,0.015332575868285476,0.06699224121756332
Norway,nwspol_log,-0.9924831969052321,0.043680640566050255,0.017850807891411333,0.06951047324068918
Norway,nwspol_log,-0.9645765304178731,0.046198872589176126,0.020369039914537205,0.07202870526381505
Norway,nwspol_log,-0.936669863930514,0.04871710461230201,0.02288727193766309,0.07454693728694094
Norway,nwspol_log,-0.9087631974431551,0.05123533663542787,0.025405503960788948,0.0770651693100668
Norway,nwspol_log,-0.8808565309557963,0.05375356865855373,0.027923735983914805,0.07958340133319265
Norway,nwspol_log,-0.8529498644684375,0.056271800681679585,0.030441968007040663,0.08210163335631851
Norway,nwspol_log,-0.8250431979810782,0.058790032704805484,0.03296020003016656,0.08461986537944441
Norway,nwspol_log,-0.7971365314937193,0.061308264727931355,0.03547843205329243,0.08713809740257028
Norway,nwspol_log,-0.7692298650063605,0.06382649675105721,0.03799666407641829,0.08965632942569614
Norway,nwspol_log,-0.7413231985190012,0.06634472877418311,0.04051489609954419,0.09217456144882204
Norway,nwspol_log,-0.7134165320316423,0.06886296079730897,0.043033128122670045,0.0946927934719479
Norway,nwspol_log,-0.6855098655442835,0.07138119282043483,0.0455513601457959,0.09721102549507375
Norway,nwspol_log,-0.6576031990569247,0.07389942484356068,0.04806959216892176,0.09972925751819961
Norway,nwspol_log,-0.6296965325695658,0.07641765686668656,0.05058782419204763,0.10224748954132548
Norway,nwspol_log,-0.6017898660822065,0.07893588888981246,0.05310605621517353,0.10476572156445138
Norway,nwspol_log,-0.5738831995948477,0.08145412091293831,0.05562428823829939,0.10728395358757724
Norway,nwspol_log,-0.5459765331074888,0.08397235293606417,0.058142520261425246,0.1098021856107031
Norway,nwspol_log,-0.5180698666201295,0.08649058495919007,0.060660752284551145,0.112320417633829
Norway,nwspol_log,-0.4901632001327707,0.08900881698231593,0.063178984307677,0.11483864965695485
Norway,nwspol_log,-0.46225653364541186,0.09152704900544179,0.06569721633080286,0.11735688168008071
Norway,nwspol_log,-0.434349867158053,0.09404528102856766,0.06821544835392873,0.11987511370320658
Norway,nwspol_log,-0.40644320067069417,0.0965635130516935,0.07073368037705458,0.12239334572633243
Norway,nwspol_log,-0.3785365341833349,0.0990817450748194,0.07325191240018047,0.12491157774945832
Norway,nwspol_log,-0.35062986769597604,0.10159997709794527,0.07577014442330635,0.1274298097725842
Norway,nwspol_log,-0.3227232012086172,0.10411820912107113,0.0782883764464322,0.12994804179571004
Norway,nwspol_log,-0.2948165347212579,0.10663644114419703,0.0808066084695581,0.13246627381883594
Norway,nwspol_log,-0.26690986823389906,0.10915467316732289,0.08332484049268396,0.1349845058419618
Norway,nwspol_log,-0.23900320174654022,0.11167290519044876,0.08584307251580983,0.13750273786508768
Norway,nwspol_log,-0.21109653525918137,0.1141911372135746,0.08836130453893568,0.14002096988821353
Norway,nwspol_log,-0.18318986877182253,0.11670936923670047,0.09087953656206155,0.1425392019113394
Norway,nwspol_log,-0.15528320228446324,0.11922760125982637,0.09339776858518745,0.1450574339344653
Norway,nwspol_log,-0.1273765357971044,0.12174583328295223,0.0959160006083133,0.14757566595759114
Norway,nwspol_log,-0.09946986930974555,0.12426406530607809,0.09843423263143916,0.150093897980717
Norway,nwspol_log,-0.07156320282238626,0.12678229732920399,0.10095246465456506,0.1526121300038429
Norway,nwspol_log,-0.04365653633502742,0.12930052935232986,0.10347069667769093,0.15513036202696878
Norway,nwspol_log,-0.015749869847668574,0.1318187613754557,0.10598892870081678,0.15764859405009463
Norway,nwspol_log,0.01215679663969027,0.13433699339858157,0.10850716072394265,0.1601668260732205
Norway,nwspol_log,0.040063463127049115,0.13685522542170742,0.11102539274706849,0.16268505809634634
Norway,nwspol_log,0.0679701296144084,0.13937345744483332,0.11354362477019439,0.16520329011947224
Norway,nwspol_log,0.09587679610176725,0.1418916894679592,0.11606185679332026,0.1677215221425981
Norway,nwspol_log,0.12378346258912609,0.14440992149108506,0.11858008881644613,0.17023975416572398
Norway,nwspol_log,0.15169012907648538,0.14692815351421096,0.12109832083957203,0.17275798618884988
Norway,nwspol_log,0.17959679556384422,0.1494463855373368,0.12361655286269788,0.17527621821197573
Norway,nwspol_log,0.20750346205120307,0.15196461756046267,0.12613478488582375,0.1777944502351016
Norway,nwspol_log,0.2354101285385619,0.15448284958358852,0.1286530169089496,0.18031268225822744
Norway,nwspol_log,0.26331679502592076,0.1570010816067144,0.13117124893207546,0.1828309142813533
Norway,nwspol_log,0.29122346151328005,0.1595193136298403,0.13368948095520136,0.1853491463044792
Norway,nwspol_log,0.3191301280006389,0.16203754565296616,0.13620771297832723,0.18786737832760508
Norway,nwspol_log,0.34703679448799774,0.164555777676092,0.13872594500145308,0.19038561035073093
Norway,nwspol_log,0.374943460975357,0.1670740096992179,0.14124417702457898,0.19290384237385683
Norway,nwspol_log,0.40285012746271587,0.16959224172234377,0.14376240904770485,0.1954220743969827
Norway,nwspol_log,0.4307567939500747,0.17211047374546962,0.1462806410708307,0.19794030642010854
Norway,nwspol_log,0.45866346043743356,0.1746287057685955,0.14879887309395656,0.2004585384432344
Norway,nwspol_log,0.4865701269247924,0.17714693779172136,0.15131710511708243,0.20297677046636028
Norway,nwspol_log,0.5144767934121517,0.17966516981484726,0.15383533714020833,0.20549500248948618
Norway,nwspol_log,0.5423834598995105,0.1821834018379731,0.15635356916333418,0.20801323451261203
Norway,nwspol_log,0.5702901263868694,0.18470163386109897,0.15887180118646005,0.2105314665357379
Norway,nwspol_log,0.5981967928742287,0.18721986588422487,0.16139003320958595,0.2130496985588638
Norway,nwspol_log,0.6261034593615875,0.18973809790735072,0.1639082652327118,0.21556793058198964
Norway,nwspol_log,0.6540101258489464,0.1922563299304766,0.16642649725583766,0.2180861626051155
Norway,nwspol_log,0.6819167923363052,0.19477456195360243,0.1689447292789635,0.22060439462824136
Norway,nwspol_log,0.709823458823664,0.1972927939767283,0.17146296130208938,0.22312262665136723
Norway,nwspol_log,0.7377301253110233,0.1998110259998542,0.17398119332521528,0.22564085867449313
Norway,nwspol_log,0.7656367917983822,0.20232925802298007,0.17649942534834115,0.228159090697619
Norway,nwspol_log,0.793543458285741,0.20484749004610592,0.179017657371467,0.23067732272074484
Norway,nwspol_log,0.8214501247731003,0.20736572206923182,0.1815358893945929,0.23319555474387074
Norway,nwspol_log,0.8493567912604592,0.2098839540923577,0.18405412141771876,0.2357137867669966
Norway,nwspol_log,0.877263457747818,0.21240218611548356,0.18657235344084463,0.23823201879012249
Norway,nwspol_log,0.9051701242351768,0.2149204181386094,0.18909058546397048,0.24075025081324833
Norway,nwspol_log,0.9330767907225357,0.21743865016173525,0.19160881748709632,0.24326848283637417
Norway,nwspol_log,0.960983457209895,0.21995688218486115,0.19412704951022222,0.24578671485950007
Norway,nwspol_log,0.9888901236972538,0.22247511420798705,0.19664528153334812,0.24830494688262597
Norway,nwspol_log,1.0167967901846127,0.2249933462311129,0.19916351355647396,0.2508231789057518
Norway,nwspol_log,1.044703456671972,0.2275115782542388,0.20168174557959986,0.2533414109288777
Norway,nwspol_log,1.0726101231593308,0.23002981027736463,0.2041999776027257,0.25585964295200353
Norway,nwspol_log,1.1005167896466896,0.2325480423004905,0.20671820962585158,0.25837787497512943
Norway,nwspol_log,1.128423456134049,0.2350662743236164,0.20923644164897748,0.26089610699825533
Norway,nwspol_log,1.1563301226214073,0.23758450634674222,0.2117546736721033,0.2634143390213811
Norway,nwspol_log,1.1842367891087666,0.24010273836986812,0.2142729056952292,0.265932571044507
Norway,nwspol_log,1.212143455596125,0.24262097039299396,0.21679113771835504,0.26845080306763286
Norway,nwspol_log,1.240050122083484,0.2451392024161198,0.21930936974148088,0.2709690350907587
Poland,netustm_log,-2.017651430380346,-0.1316258828983976,-0.15463144646286037,-0.10862031933393483
Poland,netustm_log,-1.9934521454636227,-0.13016262536962941,-0.15316818893409218,-0.10715706180516664
Poland,netustm_log,-1.9692528605468995,-0.12869936784086122,-0.15170493140532398,-0.10569380427639845
Poland,netustm_log,-1.9450535756301763,-0.12723611031209303,-0.1502416738765558,-0.10423054674763026
Poland,netustm_log,-1.920854290713453,-0.12577285278332484,-0.1487784163477876,-0.10276728921886207
Poland,netustm_log,-1.8966550057967297,-0.12430959525455665,-0.1473151588190194,-0.10130403169009387
Poland,netustm_log,-1.8724557208800066,-0.12284633772578846,-0.14585190129025122,-0.09984077416132568
Poland,netustm_log,-1.8482564359632834,-0.12138308019702027,-0.14438864376148303,-0.09837751663255749
Poland,netustm_log,-1.8240571510465602,-0.11991982266825207,-0.14292538623271483,-0.0969142591037893
Poland,netustm_log,-1.799857866129837,-0.1184565651394839,-0.14146212870394667,-0.09545100157502112
Poland,netustm_log,-1.7756585812131138,-0.1169933076107157,-0.13999887117517848,-0.09398774404625293
Poland,netustm_log,-1.7514592962963906,-0.11553005008194751,-0.1385356136464103,-0.09252448651748474
Poland,netustm_log,-1.7272600113796672,-0.11406679255317931,-0.13707235611764207,-0.09106122898871653
Poland,netustm_log,-1.703060726462944,-0.11260353502441112,-0.13560909858887388,-0.08959797145994834
Poland,netustm_log,-1.6788614415462209,-0.11114027749564293,-0.13414584106010569,-0.08813471393118015
Poland,netustm_log,-1.6546621566294977,-0.10967701996687475,-0.13268258353133752,-0.08667145640241197
Poland,netustm_log,-1.6304628717127745,-0.10821376243810656,-0.13121932600256933,-0.08520819887364378
Poland,netustm_log,-1.606263586796051,-0.10675050490933835,-0.1297560684738011,-0.08374494134487558
Poland,netustm_log,-1.5820643018793281,-0.10528724738057017,-0.12829281094503295,-0.0822816838161074
Poland,netustm_log,-1.5578650169626047,-0.10382398985180197,-0.12682955341626473,-0.08081842628733919
Poland,netustm_log,-1.5336657320458815,-0.10236073232303378,-0.12536629588749654,-0.079355168758571
Poland,netustm_log,-1.5094664471291583,-0.1008974747942656,-0.12390303835872837,-0.07789191122980282
Poland,netustm_log,-1.4852671622124352,-0.09943421726549741,-0.12243978082996018,-0.07642865370103463
Poland,netustm_log,-1.461067877295712,-0.09797095973672922,-0.12097652330119199,-0.07496539617226644
Poland,netustm_log,-1.4368685923789886,-0.09650770220796101,-0.11951326577242379,-0.07350213864349824
Poland,netustm_log,-1.4126693074622656,-0.09504444467919283,-0.11805000824365561,-0.07203888111473006
Poland,netustm_log,-1.3884700225455422,-0.09358118715042464,-0.11658675071488742,-0.07057562358596187
Poland,netustm_log,-1.364270737628819,-0.09211792962165645,-0.11512349318611922,-0.06911236605719367
Poland,netustm_log,-1.3400714527120958,-0.09065467209288826,-0.11366023565735103,-0.06764910852842548
Poland,netustm_log,-1.3158721677953726,-0.08919141456412007,-0.11219697812858284,-0.06618585099965729
Poland,netustm_log,-1.2916728828786495,-0.08772815703535188,-0.11073372059981465,-0.0647225934708891
Poland,netustm_log,-1.267473597961926,-0.08626489950658367,-0.10927046307104644,-0.0632593359421209
Poland,netustm_log,-1.243274313045203,-0.0848016419778155,-0.10780720554227828,-0.06179607841335273
Poland,netustm_log,-1.2190750281284797,-0.0833383844490473,-0.10634394801351008,-0.060332820884584526
Poland,netustm_log,-1.1948757432117565,-0.08187512692027911,-0.10488069048474188,-0.058869563355816334
Poland,netustm_log,-1.1706764582950333,-0.08041186939151092,-0.10341743295597369,-0.05740630582704814
Poland,netustm_log,-1.1464771733783101,-0.07894861186274273,-0.1019541754272055,-0.05594304829827995
Poland,netustm_log,-1.122277888461587,-0.07748535433397453,-0.10049091789843731,-0.05447979076951176
Poland,netustm_log,-1.0980786035448635,-0.07602209680520634,-0.09902766036966912,-0.05301653324074357
Poland,netustm_log,-1.0738793186281406,-0.07455883927643817,-0.09756440284090094,-0.05155327571197539
Poland,netustm_log,-1.0496800337114172,-0.07309558174766996,-0.09610114531213274,-0.050090018183207186
Poland,netustm_log,-1.025480748794694,-0.07163232421890177,-0.09463788778336454,-0.048626760654438994
Poland,netustm_log,-1.0012814638779708,-0.07016906669013359,-0.09317463025459637,-0.047163503125670816
Poland,netustm_log,-0.9770821789612476,-0.0687058091613654,-0.09171137272582817,-0.045700245596902625
Poland,netustm_log,-0.9528828940445244,-0.06724255163259721,-0.09024811519705998,-0.044236988068134434
Poland,netustm_log,-0.9286836091278012,-0.06577929410382902,-0.08878485766829179,-0.04277373053936624
Poland,netustm_log,-0.904484324211078,-0.06431603657506083,-0.0873216001395236,-0.04131047301059805
Poland,netustm_log,-0.8802850392943546,-0.06285277904629262,-0.0858583426107554,-0.039847215481829845
Poland,netustm_log,-0.8560857543776315,-0.061389521517524435,-0.0843950850819872,-0.03838395795306166
Poland,netustm_log,-0.8318864694609083,-0.059926263988756244,-0.08293182755321901,-0.03692070042429347
Poland,netustm_log,-0.8076871845441851,-0.05846300645998805,-0.08146857002445082,-0.03545744289552528
Poland,netustm_log,-0.7834878996274619,-0.05699974893121987,-0.08000531249568264,-0.03399418536675709
Poland,netustm_log,-0.7592886147107387,-0.055536491402451676,-0.07854205496691445,-0.0325309278379889
Poland,netustm_log,-0.7350893297940155,-0.054073233873683485,-0.07707879743814626,-0.03106767030922071
Poland,netustm_log,-0.7108900448772921,-0.05260997634491529,-0.07561553990937805,-0.02960441278045251
Poland,netustm_log,-0.6866907599605689,-0.051146718816147095,-0.07415228238060986,-0.02814115525168432
Poland,netustm_log,-0.6624914750438458,-0.04968346128737891,-0.07268902485184169,-0.026677897722916136
Poland,netustm_log,-0.6382921901271226,-0.04822020375861072,-0.0712257673230735,-0.025214640194147944
Poland,netustm_log,-0.6140929052103994,-0.04675694622984253,-0.0697625097943053,-0.023751382665379753
Poland,netustm_log,-0.5898936202936762,-0.04529368870107434,-0.06829925226553712,-0.022288125136611568
Poland,netustm_log,-0.565694335376953,-0.04383043117230615,-0.06683599473676893,-0.020824867607843377
Poland,netustm_log,-0.5414950504602296,-0.042367173643537946,-0.06537273720800071,-0.01936161007907517
Poland,netustm_log,-0.5172957655435064,-0.04090391611476976,-0.06390947967923254,-0.017898352550306987
Poland,netustm_log,-0.49309648062678324,-0.03944065858600157,-0.062446222150464345,-0.016435095021538795
Poland,netustm_log,-0.46889719571006006,-0.037977401057233386,-0.06098296462169616,-0.01497183749277061
Poland,netustm_log,-0.44469791079333687,-0.036514143528465194,-0.05951970709292797,-0.01350857996400242
Poland,netustm_log,-0.4204986258766137,-0.035050885999697,-0.05805644956415978,-0.012045322435234228
Poland,netustm_log,-0.3962993409598905,-0.03358762847092882,-0.05659319203539159,-0.010582064906466043
Poland,netustm_log,-0.3721000560431671,-0.03212437094216061,-0.05512993450662339,-0.009118807377697838
Poland,netustm_log,-0.3479007711264439,-0.03066111341339242,-0.053666676977855196,-0.007655549848929646
Poland,netustm_log,-0.3237014862097207,-0.029197855884624237,-0.05220341944908701,-0.006192292320161462
Poland,netustm_log,-0.29950220129299754,-0.027734598355856045,-0.05074016192031882,-0.00472903479139327
Poland,netustm_log,-0.27530291637627435,-0.026271340827087854,-0.04927690439155063,-0.003265777262625079
Poland,netustm_log,-0.25110363145955117,-0.02480808329831967,-0.047813646862782444,-0.0018025197338568943
Poland,netustm_log,-0.22690434654282798,-0.023344825769551478,-0.04635038933401425,-0.00033926220508870286
Poland,netustm_log,-0.20270506162610458,-0.021881568240783276,-0.04488713180524605,0.001123995323679499
Poland,netustm_log,-0.1785057767093814,-0.020418310712015088,-0.04342387427647786,0.002587252852447687
Poland,netustm_log,-0.1543064917926582,-0.018955053183246896,-0.04196061674770967,0.0040505103812158785
Poland,netustm_log,-0.13010720687593502,-0.01749179565447871,-0.04049735921894149,0.0055137679099840665
Poland,netustm_log,-0.10590792195921184,-0.01602853812571052,-0.039034101690173295,0.0069770254387522546
Poland,netustm_log,-0.08170863704248865,-0.01456528059694233,-0.037570844161405104,0.008440282967520444
Poland,netustm_log,-0.05750935212576547,-0.01310202306817414,-0.03610758663263691,0.009903540496288634
Poland,netustm_log,-0.03331006720904206,-0.011638765539405939,-0.034644329103868714,0.011366798025056836
Poland,netustm_log,-0.009110782292319097,-0.010175508010637763,-0.033181071575100536,0.012830055553825012
Poland,netustm_log,0.01508850262440431,-0.008712250481869561,-0.03171781404633234,0.014293313082593214
Poland,netustm_log,0.03928778754112727,-0.007248992953101385,-0.03025455651756416,0.01575657061136139
Poland,netustm_log,0.06348707245785068,-0.005785735424333182,-0.028791298988795955,0.017219828140129595
Poland,netustm_log,0.08768635737457409,-0.00432247789556498,-0.027328041460027756,0.018683085668897793
Poland,netustm_log,0.11188564229129705,-0.002859220366796804,-0.02586478393125958,0.02014634319766597
Poland,netustm_log,0.13608492720802046,-0.001395962838028602,-0.024401526402491377,0.021609600726434173
Poland,netustm_log,0.16028421212474342,6.72946907395739e-05,-0.022938268873723203,0.023072858255202347
Poland,netustm_log,0.18448349704146683,0.0015305522195077775,-0.021475011344954997,0.024536115783970552
Poland,netustm_log,0.2086827819581898,0.0029938097482759517,-0.020011753816186823,0.025999373312738727
Poland,netustm_log,0.2328820668749132,0.004457067277044155,-0.01854849628741862,0.02746263084150693
Poland,netustm_log,0.2570813517916366,0.005920324805812357,-0.017085238758650416,0.028925888370275134
Poland,netustm_log,0.28128063670835957,0.007383582334580535,-0.01562198122988224,0.03038914589904331
Poland,netustm_log,0.305479921625083,0.008846839863348737,-0.014158723701114038,0.03185240342781151
Poland,netustm_log,0.32967920654180594,0.01031009739211691,-0.012695466172345864,0.03331566095657969
Poland,netustm_log,0.35387849145852934,0.011773354920885113,-0.011232208643577662,0.034778918485347886
Poland,netustm_log,0.3780777763752523,0.01323661244965329,-0.009768951114809485,0.03624217601411606
Poland,netustm_log,0.4022770612919757,0.014699869978421492,-0.008305693586041283,0.03770543354288427
Poland,netustm_log,0.4264763462086991,0.016163127507189692,-0.0068424360572730825,0.03916869107165247
Poland,netustm_log,0.4506756311254221,0.01762638503595787,-0.005379178528504905,0.040631948600420645
Poland,netustm_log,0.4748749160421455,0.019089642564726075,-0.0039159209997366995,0.04209520612918885
Poland,netustm_log,0.49907420095886845,0.020552900093494246,-0.002452663470968529,0.04355846365795702
Poland,netustm_log,0.5232734858755919,0.02201615762226245,-0.0009894059422003235,0.045021721186725226
Poland,netustm_log,0.5474727707923148,0.02347941515103063,0.00047385158656785414,0.046484978715493404
Poland,netustm_log,0.5716720557090382,0.024942672679798834,0.0019371091153360595,0.04794823624426161
Poland,netustm_log,0.5958713406257616,0.026405930208567033,0.003400366644104258,0.04941149377302981
Poland,netustm_log,0.6200706255424846,0.02786918773733521,0.0048636241728724355,0.050874751301797985
Poland,netustm_log,0.644269910459208,0.02933244526610341,0.006326881701640634,0.052338008830566184
Poland,netustm_log,0.668469195375931,0.030795702794871586,0.0077901392304088116,0.05380126635933436
Poland,netustm_log,0.6926684802926544,0.03225896032363979,0.009253396759177017,0.05526452388810257
Poland,netustm_log,0.7168677652093773,0.03372221785240796,0.010716654287945188,0.05672778141687074
Poland,netustm_log,0.7410670501261007,0.03518547538117617,0.012179911816713393,0.05819103894563894
Poland,netustm_log,0.7652663350428242,0.03664873290994437,0.013643169345481598,0.05965429647440715
Poland,netustm_log,0.7894656199595471,0.038111990438712544,0.015106426874249769,0.06111755400317532
Poland,netustm_log,0.8136649048762705,0.03957524796748075,0.016569684403017974,0.06258081153194353
Poland,netustm_log,0.8378641897929935,0.04103850549624893,0.018032941931786152,0.0640440690607117
Poland,netustm_log,0.8620634747097169,0.042501763025017125,0.01949619946055435,0.0655073265894799
Poland,netustm_log,0.8862627596264399,0.0439650205537853,0.020959456989322528,0.06697058411824808
Poland,netustm_log,0.9104620445431633,0.04542827808255351,0.022422714518090733,0.06843384164701628
Poland,netustm_log,0.9346613294598867,0.04689153561132171,0.023885972046858932,0.06989709917578449
Poland,netustm_log,0.9588606143766096,0.048354793140089884,0.02534922957562711,0.07136035670455265
Poland,netustm_log,0.983059899293333,0.04981805066885809,0.026812487104395315,0.07282361423332087
Poland,netustm_log,1.007259184210056,0.05128130819762626,0.028275744633163485,0.07428687176208904
Poland,netustm_log,1.0314584691267794,0.052744565726394466,0.02973900216193169,0.07575012929085724
Poland,netustm_log,1.0556577540435024,0.05420782325516264,0.03120225969069987,0.07721338681962542
Poland,netustm_log,1.0798570389602258,0.05567108078393085,0.032665517219468074,0.07867664434839362
Poland,netustm_log,1.1040563238769492,0.05713433831269904,0.034128774748236265,0.08013990187716181
Poland,netustm_log,1.1282556087936721,0.05859759584146722,0.03559203227700444,0.08160315940592999
Poland,netustm_log,1.1524548937103956,0.06006085337023542,0.03705528980577265,0.0830664169346982
Poland,netustm_log,1.1766541786271185,0.0615241108990036,0.038518547334540826,0.08452967446346638
Poland,netustm_log,1.200853463543842,0.0629873684277718,0.03998180486330903,0.08599293199223458
Poland,netustm_log,1.2250527484605649,0.06445062595653998,0.04144506239207721,0.08745618952100276
Poland,netustm_log,1.2492520333772883,0.06591388348530818,0.0429083199208454,0.08891944704977095
Poland,netustm_log,1.2734513182940117,0.06737714101407638,0.044371577449613606,0.09038270457853916
Poland,netustm_log,1.2976506032107347,0.06884039854284456,0.04583483497838178,0.09184596210730733
Poland,netustm_log,1.321849888127458,0.07030365607161276,0.04729809250714999,0.09330921963607554
Poland,netustm_log,1.346049173044181,0.07176691360038094,0.048761350035918166,0.09477247716484372
Poland,netustm_log,1.3702484579609044,0.07323017112914913,0.05022460756468636,0.09623573469361191
Poland,netustm_log,1.3944477428776274,0.07469342865791731,0.051687865093454535,0.09769899222238008
Poland,netustm_log,1.4186470277943508,0.07615668618668552,0.05315112262222274,0.09916224975114829
Poland,netustm_log,1.4428463127110742,0.07761994371545372,0.054614380150990946,0.1006255072799165
Poland,netustm_log,1.4670455976277972,0.0790832012442219,0.056077637679759124,0.10208876480868467
Poland,netustm_log,1.4912448825445206,0.0805464587729901,0.05754089520852733,0.10355202233745288
Poland,netustm_log,1.5154441674612436,0.08200971630175827,0.05900415273729549,0.10501527986622104
Poland,netustm_log,1.539643452377967,0.08347297383052647,0.0604674102660637,0.10647853739498925
Poland,netustm_log,1.56384273729469,0.08493623135929465,0.061930667794831876,0.10794179492375743
Poland,netustm_log,1.588042022211413,0.08639948888806284,0.06339392532360007,0.10940505245252562
Poland,nwspol_log,-2.918043184533,-0.10607213955575362,-0.12713244726434378,-0.08501183184716346
Poland,nwspol_log,-2.890136518045641,-0.10512602443001168,-0.12618633213860184,-0.08406571672142152
Poland,nwspol_log,-2.862229851558282,-0.10417990930426972,-0.12524021701285987,-0.08311960159567956
Poland,nwspol_log,-2.834323185070923,-0.10323379417852778,-0.12429410188711794,-0.08217348646993762
Poland,nwspol_log,-2.806416518583564,-0.10228767905278584,-0.123347986761376,-0.08122737134419568
Poland,nwspol_log,-2.7785098520962053,-0.1013415639270439,-0.12240187163563405,-0.08028125621845374
Poland,nwspol_log,-2.7506031856088464,-0.10039544880130197,-0.12145575650989213,-0.07933514109271181
Poland,nwspol_log,-2.722696519121487,-0.09944933367556001,-0.12050964138415017,-0.07838902596696985
Poland,nwspol_log,-2.6947898526341283,-0.09850321854981807,-0.11956352625840823,-0.07744291084122791
Poland,nwspol_log,-2.6668831861467694,-0.09755710342407613,-0.11861741113266629,-0.07649679571548597
Poland,nwspol_log,-2.63897651965941,-0.09661098829833417,-0.11767129600692433,-0.07555068058974401
Poland,nwspol_log,-2.6110698531720513,-0.09566487317259223,-0.11672518088118239,-0.07460456546400207
Poland,nwspol_log,-2.5831631866846925,-0.09471875804685029,-0.11577906575544045,-0.07365845033826013
Poland,nwspol_log,-2.5552565201973336,-0.09377264292110836,-0.11483295062969852,-0.0727123352125182
Poland,nwspol_log,-2.527349853709975,-0.09282652779536642,-0.11388683550395658,-0.07176622008677626
Poland,nwspol_log,-2.4994431872226155,-0.09188041266962446,-0.11294072037821462,-0.0708201049610343
Poland,nwspol_log,-2.4715365207352566,-0.09093429754388252,-0.11199460525247268,-0.06987398983529236
Poland,nwspol_log,-2.443629854247898,-0.08998818241814058,-0.11104849012673074,-0.06892787470955042
Poland,nwspol_log,-2.4157231877605385,-0.08904206729239862,-0.11010237500098878,-0.06798175958380846
Poland,nwspol_log,-2.3878165212731797,-0.08809595216665668,-0.10915625987524684,-0.06703564445806652
Poland,nwspol_log,-2.359909854785821,-0.08714983704091475,-0.10821014474950491,-0.06608952933232459
Poland,nwspol_log,-2.332003188298462,-0.08620372191517281,-0.10726402962376297,-0.06514341420658265
Poland,nwspol_log,-2.304096521811103,-0.08525760678943087,-0.10631791449802103,-0.06419729908084071
Poland,nwspol_log,-2.276189855323744,-0.08431149166368891,-0.10537179937227907,-0.06325118395509875
Poland,nwspol_log,-2.248283188836385,-0.08336537653794697,-0.10442568424653713,-0.06230506882935681
Poland,nwspol_log,-2.220376522349026,-0.08241926141220503,-0.10347956912079519,-0.06135895370361487
Poland,nwspol_log,-2.192469855861667,-0.08147314628646307,-0.10253345399505323,-0.06041283857787291
Poland,nwspol_log,-2.164563189374308,-0.08052703116072114,-0.1015873388693113,-0.059466723452130985
Poland,nwspol_log,-2.136656522886949,-0.0795809160349792,-0.10064122374356936,-0.05852060832638904
Poland,nwspol_log,-2.1087498563995903,-0.07863480090923726,-0.09969510861782742,-0.0575744932006471
Poland,nwspol_log,-2.0808431899122315,-0.07768868578349532,-0.09874899349208548,-0.05662837807490516
Poland,nwspol_log,-2.052936523424872,-0.07674257065775336,-0.09780287836634352,-0.0556822629491632
Poland,nwspol_log,-2.0250298569375134,-0.07579645553201142,-0.09685676324060158,-0.05473614782342126
Poland,nwspol_log,-1.9971231904501545,-0.07485034040626949,-0.09591064811485965,-0.05379003269767933
Poland,nwspol_log,-1.9692165239627955,-0.07390422528052754,-0.0949645329891177,-0.05284391757193738
Poland,nwspol_log,-1.9413098574754364,-0.0729581101547856,-0.09401841786337575,-0.051897802446195435
Poland,nwspol_log,-1.9134031909880775,-0.07201199502904365,-0.09307230273763381,-0.05095168732045349
Poland,nwspol_log,-1.8854965245007187,-0.07106587990330171,-0.09212618761189187,-0.05000557219471155
Poland,nwspol_log,-1.8575898580133596,-0.07011976477755977,-0.09118007248614993,-0.04905945706896961
Poland,nwspol_log,-1.8296831915260006,-0.06917364965181783,-0.09023395736040798,-0.04811334194322767
Poland,nwspol_log,-1.8017765250386417,-0.06822753452607588,-0.08928784223466604,-0.047167226817485725
Poland,nwspol_log,-1.7738698585512829,-0.06728141940033394,-0.0883417271089241,-0.04622111169174378
Poland,nwspol_log,-1.7459631920639238,-0.066335304274592,-0.08739561198318216,-0.04527499656600184
Poland,nwspol_log,-1.7180565255765647,-0.06538918914885004,-0.0864494968574402,-0.044328881440259885
Poland,nwspol_log,-1.690149859089206,-0.0644430740231081,-0.08550338173169826,-0.04338276631451794
Poland,nwspol_log,-1.662243192601847,-0.06349695889736617,-0.08455726660595633,-0.042436651188776014
Poland,nwspol_log,-1.634336526114488,-0.06255084377162422,-0.08361115148021438,-0.04149053606303406
Poland,nwspol_log,-1.606429859627129,-0.06160472864588227,-0.08266503635447242,-0.04054442093729211
Poland,nwspol_log,-1.57852319313977,-0.060658613520140334,-0.08171892122873049,-0.039598305811550175
Poland,nwspol_log,-1.5506165266524112,-0.05971249839439839,-0.08077280610298855,-0.03865219068580823
Poland,nwspol_log,-1.5227098601650522,-0.05876638326865644,-0.0798266909772466,-0.037706075560066284
Poland,nwspol_log,-1.494803193677693,-0.057820268142914494,-0.07888057585150465,-0.036759960434324335
Poland,nwspol_log,-1.4668965271903343,-0.05687415301717256,-0.07793446072576271,-0.0358138453085824
Poland,nwspol_log,-1.4389898607029754,-0.05592803789143062,-0.07698834560002077,-0.03486773018284046
Poland,nwspol_log,-1.4110831942156163,-0.05498192276568867,-0.07604223047427883,-0.03392161505709851
Poland,nwspol_log,-1.3831765277282573,-0.054035807639946726,-0.07509611534853688,-0.03297549993135657
Poland,nwspol_log,-1.3552698612408984,-0.053089692514204784,-0.07415000022279494,-0.032029384805614625
Poland,nwspol_log,-1.3273631947535396,-0.05214357738846284,-0.073203885097053,-0.031083269679872683
Poland,nwspol_log,-1.2994565282661805,-0.05119746226272089,-0.07225776997131106,-0.030137154554130734
Poland,nwspol_log,-1.2715498617788215,-0.05025134713697895,-0.07131165484556912,-0.02919103942838879
Poland,nwspol_log,-1.2436431952914626,-0.04930523201123701,-0.07036553971982717,-0.02824492430264685
Poland,nwspol_log,-1.2157365288041038,-0.04835911688549507,-0.06941942459408523,-0.027298809176904908
Poland,nwspol_log,-1.1878298623167447,-0.047413001759753125,-0.06847330946834329,-0.026352694051162966
Poland,nwspol_log,-1.1599231958293856,-0.046466886634011176,-0.06752719434260133,-0.025406578925421017
Poland,nwspol_log,-1.1320165293420268,-0.045520771508269234,-0.06658107921685939,-0.024460463799679075
Poland,nwspol_log,-1.104109862854668,-0.0445746563825273,-0.06563496409111746,-0.02351434867393714
Poland,nwspol_log,-1.0762031963673089,-0.04362854125678535,-0.06468884896537551,-0.02256823354819519
Poland,nwspol_log,-1.0482965298799498,-0.0426824261310434,-0.06374273383963355,-0.02162211842245324
Poland,nwspol_log,-1.020389863392591,-0.04173631100530146,-0.06279661871389161,-0.0206760032967113
Poland,nwspol_log,-0.9924831969052321,-0.040790195879559524,-0.06185050358814968,-0.019729888170969365
Poland,nwspol_log,-0.9645765304178731,-0.039844080753817575,-0.060904388462407734,-0.018783773045227416
Poland,nwspol_log,-0.936669863930514,-0.038897965628075626,-0.059958273336665785,-0.017837657919485467
Poland,nwspol_log,-0.9087631974431551,-0.037951850502333684,-0.05901215821092384,-0.016891542793743525
Poland,nwspol_log,-0.8808565309557963,-0.03700573537659175,-0.05806604308518191,-0.01594542766800159
Poland,nwspol_log,-0.8529498644684375,-0.03605962025084981,-0.057119927959439966,-0.014999312542259648
Poland,nwspol_log,-0.8250431979810782,-0.03511350512510786,-0.05617381283369802,-0.014053197416517699
Poland,nwspol_log,-0.7971365314937193,-0.034167389999365916,-0.055227697707956075,-0.013107082290775757
Poland,nwspol_log,-0.7692298650063605,-0.033221274873623974,-0.05428158258221413,-0.012160967165033815
Poland,nwspol_log,-0.7413231985190012,-0.03227515974788202,-0.05333546745647218,-0.011214852039291859
Poland,nwspol_log,-0.7134165320316423,-0.031329044622140076,-0.052389352330730235,-0.010268736913549917
Poland,nwspol_log,-0.6855098655442835,-0.03038292949639814,-0.0514432372049883,-0.009322621787807982
Poland,nwspol_log,-0.6576031990569247,-0.0294368143706562,-0.05049712207924636,-0.00837650666206604
Poland,nwspol_log,-0.6296965325695658,-0.02849069924491426,-0.04955100695350442,-0.007430391536324101
Poland,nwspol_log,-0.6017898660822065,-0.027544584119172304,-0.04860489182776247,-0.006484276410582145
Poland,nwspol_log,-0.5738831995948477,-0.026598468993430366,-0.047658776702020525,-0.005538161284840207
Poland,nwspol_log,-0.5459765331074888,-0.025652353867688427,-0.04671266157627858,-0.004592046159098268
Poland,nwspol_log,-0.5180698666201295,-0.02470623874194647,-0.04576654645053663,-0.0036459310333563123
Poland,nwspol_log,-0.4901632001327707,-0.023760123616204533,-0.04482043132479469,-0.002699815907614374
Poland,nwspol_log,-0.46225653364541186,-0.02281400849046259,-0.04387431619905275,-0.0017537007818724318
Poland,nwspol_log,-0.434349867158053,-0.021867893364720652,-0.042928201073310815,-0.0008075856561304932
Poland,nwspol_log,-0.40644320067069417,-0.020921778238978714,-0.04198208594756887,0.0001385294696114453
Poland,nwspol_log,-0.3785365341833349,-0.019975663113236758,-0.04103597082182692,0.0010846445953534012
Poland,nwspol_log,-0.35062986769597604,-0.01902954798749482,-0.040089855696084975,0.0020307597210953397
Poland,nwspol_log,-0.3227232012086172,-0.01808343286175288,-0.03914374057034304,0.0029768748468372783
Poland,nwspol_log,-0.2948165347212579,-0.017137317736010925,-0.038197625444601084,0.003922989972579234
Poland,nwspol_log,-0.26690986823389906,-0.016191202610268983,-0.03725151031885914,0.004869105098321176
Poland,nwspol_log,-0.23900320174654022,-0.015245087484527044,-0.03630539519311721,0.005815220224063115
Poland,nwspol_log,-0.21109653525918137,-0.014298972358785106,-0.035359280067375265,0.006761335349805053
Poland,nwspol_log,-0.18318986877182253,-0.013352857233043166,-0.03441316494163332,0.0077074504755469935
Poland,nwspol_log,-0.15528320228446324,-0.012406742107301211,-0.03346704981589137,0.008653565601288948
Poland,nwspol_log,-0.1273765357971044,-0.011460626981559271,-0.03252093469014943,0.009599680727030888
Poland,nwspol_log,-0.09946986930974555,-0.010514511855817331,-0.03157481956440749,0.010545795852772828
Poland,nwspol_log,-0.07156320282238626,-0.009568396730075377,-0.030628704438665534,0.011491910978514782
Poland,nwspol_log,-0.04365653633502742,-0.008622281604333436,-0.029682589312923596,0.012438026104256723
Poland,nwspol_log,-0.015749869847668574,-0.007676166478591497,-0.028736474187181657,0.013384141229998661
Poland,nwspol_log,0.01215679663969027,-0.006730051352849558,-0.027790359061439715,0.014330256355740601
Poland,nwspol_log,0.040063463127049115,-0.005783936227107617,-0.026844243935697776,0.015276371481482542
Poland,nwspol_log,0.0679701296144084,-0.004837821101365663,-0.025898128809955824,0.016222486607224494
Poland,nwspol_log,0.09587679610176725,-0.0038917059756237234,-0.024952013684213882,0.017168601732966436
Poland,nwspol_log,0.12378346258912609,-0.0029455908498817835,-0.024005898558471944,0.018114716858708375
Poland,nwspol_log,0.15169012907648538,-0.0019994757241398285,-0.023059783432729988,0.01906083198445033
Poland,nwspol_log,0.17959679556384422,-0.0010533605983978891,-0.02211366830698805,0.02000694711019227
Poland,nwspol_log,0.20750346205120307,-0.0001072454726559497,-0.021167553181246107,0.02095306223593421
Poland,nwspol_log,0.2354101285385619,0.0008388696530859906,-0.02022143805550417,0.02189917736167615
Poland,nwspol_log,0.26331679502592076,0.001784984778827929,-0.01927532292976223,0.022845292487418088
Poland,nwspol_log,0.29122346151328005,0.002731099904569885,-0.018329207804020274,0.023791407613160044
Poland,nwspol_log,0.3191301280006389,0.0036772150303118235,-0.017383092678278336,0.024737522738901983
Poland,nwspol_log,0.34703679448799774,0.004623330156053764,-0.016436977552536397,0.02568363786464392
Poland,nwspol_log,0.374943460975357,0.005569445281795718,-0.015490862426794441,0.026629752990385877
Poland,nwspol_log,0.40285012746271587,0.006515560407537658,-0.014544747301052501,0.02757586811612782
Poland,nwspol_log,0.4307567939500747,0.0074616755332795985,-0.01359863217531056,0.028521983241869758
Poland,nwspol_log,0.45866346043743356,0.008407790659021537,-0.012652517049568622,0.029468098367611696
Poland,nwspol_log,0.4865701269247924,0.009353905784763479,-0.01170640192382668,0.030414213493353638
Poland,nwspol_log,0.5144767934121517,0.010300020910505431,-0.010760286798084728,0.03136032861909559
Poland,nwspol_log,0.5423834598995105,0.011246136036247373,-0.009814171672342786,0.03230644374483753
Poland,nwspol_log,0.5702901263868694,0.012192251161989312,-0.008868056546600847,0.03325255887057947
Poland,nwspol_log,0.5981967928742287,0.013138366287731268,-0.007921941420858891,0.03419867399632143
Poland,nwspol_log,0.6261034593615875,0.014084481413473206,-0.006975826295116953,0.03514478912206337
Poland,nwspol_log,0.6540101258489464,0.015030596539215145,-0.006029711169375014,0.036090904247805304
Poland,nwspol_log,0.6819167923363052,0.015976711664957087,-0.005083596043633072,0.037037019373547246
Poland,nwspol_log,0.709823458823664,0.016922826790699026,-0.0041374809178911336,0.03798313449928918
Poland,nwspol_log,0.7377301253110233,0.01786894191644098,-0.0031913657921491777,0.03892924962503114
Poland,nwspol_log,0.7656367917983822,0.01881505704218292,-0.002245250666407239,0.03987536475077308
Poland,nwspol_log,0.793543458285741,0.01976117216792486,-0.0012991355406653006,0.04082147987651502
Poland,nwspol_log,0.8214501247731003,0.020707287293666814,-0.0003530204149233447,0.04176759500225698
Poland,nwspol_log,0.8493567912604592,0.021653402419408753,0.0005930947108185938,0.04271371012799891
Poland,nwspol_log,0.877263457747818,0.022599517545150695,0.0015392098365605358,0.043659825253740854
Poland,nwspol_log,0.9051701242351768,0.023545632670892633,0.0024853249623024744,0.04460594037948279
Poland,nwspol_log,0.9330767907225357,0.024491747796634572,0.003431440088044413,0.04555205550522473
Poland,nwspol_log,0.960983457209895,0.025437862922376528,0.004377555213786369,0.04649817063096669
Poland,nwspol_log,0.9888901236972538,0.02638397804811847,0.005323670339528311,0.04744428575670863
Poland,nwspol_log,1.0167967901846127,0.027330093173860405,0.006269785465270246,0.048390400882450564
Poland,nwspol_log,1.044703456671972,0.02827620829960236,0.007215900591012202,0.04933651600819252
Poland,nwspol_log,1.0726101231593308,0.029222323425344303,0.008162015716754144,0.05028263113393446
Poland,nwspol_log,1.1005167896466896,0.030168438551086238,0.009108130842496079,0.0512287462596764
Poland,nwspol_log,1.128423456134049,0.031114553676828194,0.010054245968238035,0.05217486138541835
Poland,nwspol_log,1.1563301226214073,0.03206066880257012,0.011000361093979963,0.05312097651116028
Poland,nwspol_log,1.1842367891087666,0.03300678392831208,0.011946476219721919,0.05406709163690224
Poland,nwspol_log,1.212143455596125,0.033952899054054,0.01289259134546384,0.05501320676264416
Poland,nwspol_log,1.240050122083484,0.03489901417979595,0.013838706471205789,0.05595932188838611
Portugal,netustm_log,-2.017651430380346,-0.08395139297582392,-0.10838495397377498,-0.05951783197787286
Portugal,netustm_log,-1.9934521454636227,-0.08279941585388575,-0.10723297685183682,-0.05836585485593469
Portugal,netustm_log,-1.9692528605468995,-0.08164743873194759,-0.10608099972989865,-0.05721387773399653
Portugal,netustm_log,-1.9450535756301763,-0.08049546161000941,-0.10492902260796047,-0.056061900612058346
Portugal,netustm_log,-1.920854290713453,-0.07934348448807123,-0.10377704548602229,-0.054909923490120166
Portugal,netustm_log,-1.8966550057967297,-0.07819150736613306,-0.10262506836408412,-0.053757946368182
Portugal,netustm_log,-1.8724557208800066,-0.0770395302441949,-0.10147309124214596,-0.05260596924624383
Portugal,netustm_log,-1.8482564359632834,-0.07588755312225673,-0.10032111412020779,-0.05145399212430567
Portugal,netustm_log,-1.8240571510465602,-0.07473557600031856,-0.09916913699826962,-0.0503020150023675
Portugal,netustm_log,-1.799857866129837,-0.07358359887838038,-0.09801715987633144,-0.04915003788042932
Portugal,netustm_log,-1.7756585812131138,-0.07243162175644222,-0.09686518275439328,-0.047998060758491154
Portugal,netustm_log,-1.7514592962963906,-0.07127964463450405,-0.09571320563245511,-0.04684608363655299
Portugal,netustm_log,-1.7272600113796672,-0.07012766751256587,-0.09456122851051693,-0.04569410651461481
Portugal,netustm_log,-1.703060726462944,-0.0689756903906277,-0.09340925138857877,-0.04454212939267664
Portugal,netustm_log,-1.6788614415462209,-0.06782371326868952,-0.09225727426664058,-0.04339015227073846
Portugal,netustm_log,-1.6546621566294977,-0.06667173614675136,-0.09110529714470242,-0.042238175148800294
Portugal,netustm_log,-1.6304628717127745,-0.06551975902481319,-0.08995332002276425,-0.04108619802686213
Portugal,netustm_log,-1.606263586796051,-0.06436778190287501,-0.08880134290082607,-0.03993422090492395
Portugal,netustm_log,-1.5820643018793281,-0.06321580478093686,-0.08764936577888792,-0.038782243782985795
Portugal,netustm_log,-1.5578650169626047,-0.06206382765899868,-0.08649738865694974,-0.037630266661047615
Portugal,netustm_log,-1.5336657320458815,-0.0609118505370605,-0.08534541153501156,-0.036478289539109435
Portugal,netustm_log,-1.5094664471291583,-0.05975987341512233,-0.08419343441307339,-0.03532631241717127
Portugal,netustm_log,-1.4852671622124352,-0.058607896293184164,-0.08304145729113523,-0.0341743352952331
Portugal,netustm_log,-1.461067877295712,-0.057455919171246,-0.08188948016919706,-0.033022358173294936
Portugal,netustm_log,-1.4368685923789886,-0.05630394204930782,-0.08073750304725888,-0.031870381051356755
Portugal,netustm_log,-1.4126693074622656,-0.05515196492736965,-0.07958552592532071,-0.03071840392941859
Portugal,netustm_log,-1.3884700225455422,-0.05399998780543147,-0.07843354880338253,-0.02956642680748041
Portugal,netustm_log,-1.364270737628819,-0.052848010683493304,-0.07728157168144437,-0.028414449685542242
Portugal,netustm_log,-1.3400714527120958,-0.05169603356155514,-0.0761295945595062,-0.027262472563604076
Portugal,netustm_log,-1.3158721677953726,-0.05054405643961697,-0.07497761743756803,-0.02611049544166591
Portugal,netustm_log,-1.2916728828786495,-0.04939207931767879,-0.07382564031562985,-0.02495851831972773
Portugal,netustm_log,-1.267473597961926,-0.04824010219574061,-0.07267366319369167,-0.02380654119778955
Portugal,netustm_log,-1.243274313045203,-0.04708812507380246,-0.07152168607175352,-0.022654564075851397
Portugal,netustm_log,-1.2190750281284797,-0.04593614795186428,-0.07036970894981534,-0.021502586953913216
Portugal,netustm_log,-1.1948757432117565,-0.0447841708299261,-0.06921773182787716,-0.020350609831975036
Portugal,netustm_log,-1.1706764582950333,-0.04363219370798793,-0.068065754705939,-0.01919863271003687
Portugal,netustm_log,-1.1464771733783101,-0.042480216586049765,-0.06691377758400083,-0.018046655588098703
Portugal,netustm_log,-1.122277888461587,-0.0413282394641116,-0.06576180046206266,-0.016894678466160537
Portugal,netustm_log,-1.0980786035448635,-0.04017626234217342,-0.06460982334012448,-0.015742701344222357
Portugal,netustm_log,-1.0738793186281406,-0.03902428522023525,-0.06345784621818631,-0.01459072422228419
Portugal,netustm_log,-1.0496800337114172,-0.03787230809829707,-0.062305869096248134,-0.01343874710034601
Portugal,netustm_log,-1.025480748794694,-0.036720330976358906,-0.06115389197430997,-0.012286769978407844
Portugal,netustm_log,-1.0012814638779708,-0.03556835385442074,-0.0600019148523718,-0.011134792856469677
Portugal,netustm_log,-0.9770821789612476,-0.03441637673248257,-0.058849937730433635,-0.009982815734531511
Portugal,netustm_log,-0.9528828940445244,-0.03326439961054441,-0.05769796060849547,-0.008830838612593345
Portugal,netustm_log,-0.9286836091278012,-0.032112422488606227,-0.05654598348655729,-0.0076788614906551644
Portugal,netustm_log,-0.904484324211078,-0.030960445366668064,-0.05539400636461912,-0.0065268843687170015
Portugal,netustm_log,-0.8802850392943546,-0.029808468244729883,-0.05424202924268094,-0.005374907246778821
Portugal,netustm_log,-0.8560857543776315,-0.02865649112279171,-0.053090052120742776,-0.004222930124840648
Portugal,netustm_log,-0.8318864694609083,-0.027504514000853544,-0.05193807499880461,-0.0030709530029024816
Portugal,netustm_log,-0.8076871845441851,-0.02635253687891537,-0.05078609787686643,-0.0019189758809643083
Portugal,netustm_log,-0.7834878996274619,-0.025200559756977204,-0.04963412075492826,-0.0007669987590261419
Portugal,netustm_log,-0.7592886147107387,-0.02404858263503903,-0.048482143632990096,0.0003849783629120314
Portugal,netustm_log,-0.7350893297940155,-0.022896605513100864,-0.04733016651105193,0.0015369554848501978
Portugal,netustm_log,-0.7108900448772921,-0.021744628391162684,-0.04617818938911375,0.002688932606788378
Portugal,netustm_log,-0.6866907599605689,-0.020592651269224518,-0.04502621226717558,0.0038409097287265444
Portugal,netustm_log,-0.6624914750438458,-0.019440674147286344,-0.0438742351452374,0.004992886850664718
Portugal,netustm_log,-0.6382921901271226,-0.018288697025348175,-0.04272225802329924,0.0061448639726028875
Portugal,netustm_log,-0.6140929052103994,-0.017136719903410008,-0.04157028090136107,0.007296841094541054
Portugal,netustm_log,-0.5898936202936762,-0.01598474278147184,-0.040418303779422904,0.008448818216479224
Portugal,netustm_log,-0.565694335376953,-0.014832765659533668,-0.03926632665748473,0.009600795338417394
Portugal,netustm_log,-0.5414950504602296,-0.013680788537595488,-0.03811434953554655,0.010752772460355574
Portugal,netustm_log,-0.5172957655435064,-0.012528811415657318,-0.03696237241360838,0.011904749582293744
Portugal,netustm_log,-0.49309648062678324,-0.011376834293719149,-0.03581039529167021,0.013056726704231914
Portugal,netustm_log,-0.46889719571006006,-0.010224857171780979,-0.034658418169732044,0.014208703826170083
Portugal,netustm_log,-0.44469791079333687,-0.009072880049842809,-0.03350644104779387,0.015360680948108253
Portugal,netustm_log,-0.4204986258766137,-0.007920902927904639,-0.0323544639258557,0.016512658070046423
Portugal,netustm_log,-0.3962993409598905,-0.006768925805966473,-0.031202486803917535,0.01766463519198459
Portugal,netustm_log,-0.3721000560431671,-0.005616948684028292,-0.030050509681979354,0.01881661231392277
Portugal,netustm_log,-0.3479007711264439,-0.004464971562090123,-0.028898532560041185,0.01996858943586094
Portugal,netustm_log,-0.3237014862097207,-0.0033129944401519527,-0.027746555438103015,0.02112056655779911
Portugal,netustm_log,-0.29950220129299754,-0.002161017318213783,-0.026594578316164845,0.02227254367973728
Portugal,netustm_log,-0.27530291637627435,-0.001009040196275613,-0.025442601194226675,0.02342452080167545
Portugal,netustm_log,-0.25110363145955117,0.00014293692566255678,-0.024290624072288505,0.02457649792361362
Portugal,netustm_log,-0.22690434654282798,0.0012949140476007249,-0.02313864695035034,0.025728475045551785
Portugal,netustm_log,-0.20270506162610458,0.002446891169538905,-0.02198666982841216,0.026880452167489965
Portugal,netustm_log,-0.1785057767093814,0.003598868291477075,-0.020834692706473985,0.02803242928942814
Portugal,netustm_log,-0.1543064917926582,0.004750845413415244,-0.01968271558453582,0.029184406411366305
Portugal,netustm_log,-0.13010720687593502,0.005902822535353414,-0.01853073846259765,0.030336383533304475
Portugal,netustm_log,-0.10590792195921184,0.007054799657291583,-0.01737876134065948,0.031488360655242645
Portugal,netustm_log,-0.08170863704248865,0.008206776779229753,-0.01622678421872131,0.03264033777718081
Portugal,netustm_log,-0.05750935212576547,0.009358753901167922,-0.01507480709678314,0.033792314899118985
Portugal,netustm_log,-0.03331006720904206,0.010510731023106103,-0.01392282997484496,0.034944292021057165
Portugal,netustm_log,-0.009110782292319097,0.01166270814504426,-0.012770852852906802,0.036096269142995324
Portugal,netustm_log,0.01508850262440431,0.01281468526698244,-0.011618875730968621,0.037248246264933504
Portugal,netustm_log,0.03928778754112727,0.0139666623889206,-0.010466898609030462,0.038400223386871664
Portugal,netustm_log,0.06348707245785068,0.01511863951085878,-0.009314921487092282,0.039552200508809844
Portugal,netustm_log,0.08768635737457409,0.01627061663279696,-0.008162944365154103,0.04070417763074802
Portugal,netustm_log,0.11188564229129705,0.017422593754735118,-0.007010967243215944,0.041856154752686184
Portugal,netustm_log,0.13608492720802046,0.0185745708766733,-0.0058589901212777636,0.043008131874624364
Portugal,netustm_log,0.16028421212474342,0.019726547998611458,-0.004707012999339604,0.04416010899656252
Portugal,netustm_log,0.18448349704146683,0.020878525120549638,-0.003555035877401424,0.0453120861185007
Portugal,netustm_log,0.2086827819581898,0.022030502242487794,-0.002403058755463268,0.046464063240438856
Portugal,netustm_log,0.2328820668749132,0.023182479364425974,-0.0012510816335250877,0.047616040362377036
Portugal,netustm_log,0.2570813517916366,0.024334456486364155,-9.910451158690742e-05,0.04876801748431522
Portugal,netustm_log,0.28128063670835957,0.025486433608302314,0.001052872610351252,0.049919994606253376
Portugal,netustm_log,0.305479921625083,0.026638410730240494,0.0022048497322894323,0.051071971728191556
Portugal,netustm_log,0.32967920654180594,0.027790387852178654,0.0033568268542275917,0.052223948850129716
Portugal,netustm_log,0.35387849145852934,0.028942364974116834,0.004508803976165772,0.053375925972067896
Portugal,netustm_log,0.3780777763752523,0.030094342096054993,0.005660781098103931,0.054527903094006056
Portugal,netustm_log,0.4022770612919757,0.031246319217993174,0.006812758220042112,0.055679880215944236
Portugal,netustm_log,0.4264763462086991,0.032398296339931354,0.007964735341980292,0.056831857337882416
Portugal,netustm_log,0.4506756311254221,0.03355027346186951,0.009116712463918451,0.057983834459820575
Portugal,netustm_log,0.4748749160421455,0.034702250583807694,0.010268689585856632,0.059135811581758756
Portugal,netustm_log,0.49907420095886845,0.03585422770574585,0.011420666707794791,0.060287788703696915
Portugal,netustm_log,0.5232734858755919,0.03700620482768403,0.012572643829732971,0.061439765825635095
Portugal,netustm_log,0.5474727707923148,0.038158181949622186,0.013724620951671124,0.06259174294757325
Portugal,netustm_log,0.5716720557090382,0.039310159071560366,0.014876598073609304,0.06374372006951143
Portugal,netustm_log,0.5958713406257616,0.040462136193498546,0.016028575195547484,0.06489569719144961
Portugal,netustm_log,0.6200706255424846,0.04161411331543671,0.01718055231748565,0.06604767431338777
Portugal,netustm_log,0.644269910459208,0.04276609043737489,0.01833252943942383,0.06719965143532595
Portugal,netustm_log,0.668469195375931,0.043918067559313045,0.019484506561361983,0.06835162855726411
Portugal,netustm_log,0.6926684802926544,0.045070044681251226,0.020636483683300164,0.06950360567920229
Portugal,netustm_log,0.7168677652093773,0.04622202180318939,0.02178846080523833,0.07065558280114045
Portugal,netustm_log,0.7410670501261007,0.04737399892512757,0.02294043792717651,0.07180755992307863
Portugal,netustm_log,0.7652663350428242,0.04852597604706575,0.02409241504911469,0.07295953704501681
Portugal,netustm_log,0.7894656199595471,0.049677953169003905,0.025244392171052843,0.07411151416695497
Portugal,netustm_log,0.8136649048762705,0.050829930290942085,0.026396369292991023,0.07526349128889315
Portugal,netustm_log,0.8378641897929935,0.05198190741288024,0.027548346414929176,0.0764154684108313
Portugal,netustm_log,0.8620634747097169,0.05313388453481842,0.028700323536867356,0.07756744553276948
Portugal,netustm_log,0.8862627596264399,0.054285861656756584,0.029852300658805522,0.07871942265470765
Portugal,netustm_log,0.9104620445431633,0.055437838778694765,0.031004277780743703,0.07987139977664583
Portugal,netustm_log,0.9346613294598867,0.056589815900632945,0.03215625490268188,0.081023376898584
Portugal,netustm_log,0.9588606143766096,0.0577417930225711,0.033308232024620035,0.08217535402052216
Portugal,netustm_log,0.983059899293333,0.05889377014450928,0.034460209146558216,0.08332733114246034
Portugal,netustm_log,1.007259184210056,0.060045747266447444,0.03561218626849638,0.0844793082643985
Portugal,netustm_log,1.0314584691267794,0.061197724388385624,0.03676416339043456,0.08563128538633669
Portugal,netustm_log,1.0556577540435024,0.06234970151032378,0.037916140512372715,0.08678326250827484
Portugal,netustm_log,1.0798570389602258,0.06350167863226196,0.039068117634310895,0.08793523963021302
Portugal,netustm_log,1.1040563238769492,0.06465365575420014,0.040220094756249075,0.0890872167521512
Portugal,netustm_log,1.1282556087936721,0.0658056328761383,0.04137207187818724,0.09023919387408937
Portugal,netustm_log,1.1524548937103956,0.06695760999807648,0.04252404900012542,0.09139117099602755
Portugal,netustm_log,1.1766541786271185,0.06810958712001464,0.043676026122063574,0.0925431481179657
Portugal,netustm_log,1.200853463543842,0.06926156424195282,0.044828003244001755,0.09369512523990388
Portugal,netustm_log,1.2250527484605649,0.07041354136389098,0.04597998036593992,0.09484710236184205
Portugal,netustm_log,1.2492520333772883,0.07156551848582916,0.0471319574878781,0.09599907948378023
Portugal,netustm_log,1.2734513182940117,0.07271749560776733,0.04828393460981627,0.09715105660571839
Portugal,netustm_log,1.2976506032107347,0.0738694727297055,0.049435911731754434,0.09830303372765656
Portugal,netustm_log,1.321849888127458,0.07502144985164368,0.050587888853692614,0.09945501084959474
Portugal,netustm_log,1.346049173044181,0.07617342697358183,0.05173986597563077,0.10060698797153289
Portugal,netustm_log,1.3702484579609044,0.07732540409552001,0.05289184309756895,0.10175896509347107
Portugal,netustm_log,1.3944477428776274,0.07847738121745818,0.05404382021950711,0.10291094221540924
Portugal,netustm_log,1.4186470277943508,0.07962935833939636,0.055195797341445293,0.10406291933734742
Portugal,netustm_log,1.4428463127110742,0.08078133546133454,0.056347774463383474,0.1052148964592856
Portugal,netustm_log,1.4670455976277972,0.08193331258327269,0.057499751585321626,0.10636687358122375
Portugal,netustm_log,1.4912448825445206,0.08308528970521087,0.058651728707259806,0.10751885070316193
Portugal,netustm_log,1.5154441674612436,0.08423726682714902,0.05980370582919796,0.10867082782510008
Portugal,netustm_log,1.539643452377967,0.0853892439490872,0.06095568295113614,0.10982280494703826
Portugal,netustm_log,1.56384273729469,0.08654122107102537,0.062107660073074306,0.11097478206897643
Portugal,netustm_log,1.588042022211413,0.08769319819296353,0.06325963719501247,0.1121267591909146
Portugal,nwspol_log,-2.918043184533,-0.08797850384466281,-0.10889046345077268,-0.06706654423855295
Portugal,nwspol_log,-2.890136518045641,-0.08701905298387073,-0.1079310125899806,-0.06610709337776087
Portugal,nwspol_log,-2.862229851558282,-0.08605960212307863,-0.1069715617291885,-0.06514764251696877
Portugal,nwspol_log,-2.834323185070923,-0.08510015126228654,-0.1060121108683964,-0.06418819165617667
Portugal,nwspol_log,-2.806416518583564,-0.08414070040149445,-0.10505266000760431,-0.06322874079538458
Portugal,nwspol_log,-2.7785098520962053,-0.08318124954070236,-0.10409320914681222,-0.06226928993459249
Portugal,nwspol_log,-2.7506031856088464,-0.08222179867991028,-0.10313375828602014,-0.061309839073800415
Portugal,nwspol_log,-2.722696519121487,-0.08126234781911817,-0.10217430742522804,-0.06035038821300831
Portugal,nwspol_log,-2.6947898526341283,-0.08030289695832608,-0.10121485656443595,-0.05939093735221622
Portugal,nwspol_log,-2.6668831861467694,-0.07934344609753399,-0.10025540570364386,-0.05843148649142413
Portugal,nwspol_log,-2.63897651965941,-0.07838399523674189,-0.09929595484285175,-0.057472035630632023
Portugal,nwspol_log,-2.6110698531720513,-0.07742454437594981,-0.09833650398205968,-0.056512584769839946
Portugal,nwspol_log,-2.5831631866846925,-0.07646509351515772,-0.09737705312126758,-0.055553133909047855
Portugal,nwspol_log,-2.5552565201973336,-0.07550564265436563,-0.0964176022604755,-0.054593683048255764
Portugal,nwspol_log,-2.527349853709975,-0.07454619179357354,-0.0954581513996834,-0.053634232187463673
Portugal,nwspol_log,-2.4994431872226155,-0.07358674093278143,-0.0944987005388913,-0.05267478132667157
Portugal,nwspol_log,-2.4715365207352566,-0.07262729007198936,-0.09353924967809922,-0.05171533046587949
Portugal,nwspol_log,-2.443629854247898,-0.07166783921119727,-0.09257979881730713,-0.0507558796050874
Portugal,nwspol_log,-2.4157231877605385,-0.07070838835040516,-0.09162034795651502,-0.049796428744295296
Portugal,nwspol_log,-2.3878165212731797,-0.06974893748961307,-0.09066089709572293,-0.048836977883503205
Portugal,nwspol_log,-2.359909854785821,-0.06878948662882099,-0.08970144623493086,-0.04787752702271113
Portugal,nwspol_log,-2.332003188298462,-0.0678300357680289,-0.08874199537413877,-0.04691807616191904
Portugal,nwspol_log,-2.304096521811103,-0.06687058490723681,-0.08778254451334667,-0.045958625301126946
Portugal,nwspol_log,-2.276189855323744,-0.0659111340464447,-0.08682309365255457,-0.04499917444033484
Portugal,nwspol_log,-2.248283188836385,-0.06495168318565261,-0.08586364279176248,-0.04403972357954275
Portugal,nwspol_log,-2.220376522349026,-0.06399223232486054,-0.0849041919309704,-0.04308027271875067
Portugal,nwspol_log,-2.192469855861667,-0.06303278146406843,-0.0839447410701783,-0.04212082185795857
Portugal,nwspol_log,-2.164563189374308,-0.06207333060327634,-0.0829852902093862,-0.04116137099716648
Portugal,nwspol_log,-2.136656522886949,-0.06111387974248425,-0.08202583934859412,-0.040201920136374386
Portugal,nwspol_log,-2.1087498563995903,-0.06015442888169216,-0.08106638848780202,-0.039242469275582295
Portugal,nwspol_log,-2.0808431899122315,-0.05919497802090008,-0.08010693762700995,-0.03828301841479022
Portugal,nwspol_log,-2.052936523424872,-0.05823552716010798,-0.07914748676621784,-0.03732356755399811
Portugal,nwspol_log,-2.0250298569375134,-0.05727607629931589,-0.07818803590542575,-0.03636411669320602
Portugal,nwspol_log,-1.9971231904501545,-0.056316625438523796,-0.07722858504463366,-0.03540466583241393
Portugal,nwspol_log,-1.9692165239627955,-0.055357174577731705,-0.07626913418384157,-0.03444521497162184
Portugal,nwspol_log,-1.9413098574754364,-0.054397723716939614,-0.07530968332304948,-0.03348576411082975
Portugal,nwspol_log,-1.9134031909880775,-0.05343827285614752,-0.07435023246225739,-0.03252631325003766
Portugal,nwspol_log,-1.8854965245007187,-0.05247882199535543,-0.0733907816014653,-0.03156686238924557
Portugal,nwspol_log,-1.8575898580133596,-0.05151937113456334,-0.0724313307406732,-0.03060741152845348
Portugal,nwspol_log,-1.8296831915260006,-0.050559920273771236,-0.0714718798798811,-0.029647960667661375
Portugal,nwspol_log,-1.8017765250386417,-0.04960046941297915,-0.07051242901908901,-0.02868850980686929
Portugal,nwspol_log,-1.7738698585512829,-0.04864101855218707,-0.06955297815829693,-0.027729058946077207
Portugal,nwspol_log,-1.7459631920639238,-0.04768156769139497,-0.06859352729750483,-0.02676960808528511
Portugal,nwspol_log,-1.7180565255765647,-0.04672211683060288,-0.06763407643671274,-0.025810157224493018
Portugal,nwspol_log,-1.690149859089206,-0.04576266596981079,-0.06667462557592065,-0.024850706363700927
Portugal,nwspol_log,-1.662243192601847,-0.0448032151090187,-0.06571517471512855,-0.023891255502908836
Portugal,nwspol_log,-1.634336526114488,-0.043843764248226606,-0.06475572385433646,-0.022931804642116745
Portugal,nwspol_log,-1.606429859627129,-0.04288431338743451,-0.06379627299354437,-0.021972353781324647
Portugal,nwspol_log,-1.57852319313977,-0.041924862526642424,-0.06283682213275228,-0.021012902920532563
Portugal,nwspol_log,-1.5506165266524112,-0.04096541166585033,-0.06187737127196019,-0.020053452059740472
Portugal,nwspol_log,-1.5227098601650522,-0.040005960805058235,-0.0609179204111681,-0.019094001198948374
Portugal,nwspol_log,-1.494803193677693,-0.039046509944266145,-0.05995846955037601,-0.018134550338156284
Portugal,nwspol_log,-1.4668965271903343,-0.038087059083474054,-0.05899901868958392,-0.017175099477364193
Portugal,nwspol_log,-1.4389898607029754,-0.03712760822268197,-0.05803956782879183,-0.01621564861657211
Portugal,nwspol_log,-1.4110831942156163,-0.03616815736188987,-0.057080116967999736,-0.01525619775578001
Portugal,nwspol_log,-1.3831765277282573,-0.035208706501097774,-0.05612066610720763,-0.014296746894987913
Portugal,nwspol_log,-1.3552698612408984,-0.03424925564030569,-0.055161215246415554,-0.013337296034195829
Portugal,nwspol_log,-1.3273631947535396,-0.0332898047795136,-0.05420176438562346,-0.012377845173403738
Portugal,nwspol_log,-1.2994565282661805,-0.03233035391872151,-0.05324231352483137,-0.011418394312611647
Portugal,nwspol_log,-1.2715498617788215,-0.03137090305792941,-0.05228286266403927,-0.010458943451819549
Portugal,nwspol_log,-1.2436431952914626,-0.030411452197137326,-0.05132341180324719,-0.009499492591027465
Portugal,nwspol_log,-1.2157365288041038,-0.029452001336345235,-0.0503639609424551,-0.008540041730235374
Portugal,nwspol_log,-1.1878298623167447,-0.028492550475553137,-0.049404510081662995,-0.007580590869443276
Portugal,nwspol_log,-1.1599231958293856,-0.027533099614761046,-0.048445059220870904,-0.006621140008651185
Portugal,nwspol_log,-1.1320165293420268,-0.026573648753968955,-0.04748560836007881,-0.005661689147859094
Portugal,nwspol_log,-1.104109862854668,-0.02561419789317687,-0.046526157499286735,-0.00470223828706701
Portugal,nwspol_log,-1.0762031963673089,-0.024654747032384773,-0.04556670663849463,-0.003742787426274912
Portugal,nwspol_log,-1.0482965298799498,-0.023695296171592675,-0.04460725577770254,-0.002783336565482814
Portugal,nwspol_log,-1.020389863392591,-0.02273584531080059,-0.04364780491691045,-0.0018238857046907302
Portugal,nwspol_log,-0.9924831969052321,-0.0217763944500085,-0.04268835405611836,-0.0008644348438986392
Portugal,nwspol_log,-0.9645765304178731,-0.02081694358921641,-0.04172890319532627,9.501601689345177e-05
Portugal,nwspol_log,-0.936669863930514,-0.01985749272842431,-0.040769452334534176,0.0010544668776855497
Portugal,nwspol_log,-0.9087631974431551,-0.01889804186763222,-0.039810001473742085,0.0020139177384776406
Portugal,nwspol_log,-0.8808565309557963,-0.017938591006840136,-0.038850550612949994,0.0029733685992697247
Portugal,nwspol_log,-0.8529498644684375,-0.016979140146048045,-0.0378910997521579,0.003932819460061816
Portugal,nwspol_log,-0.8250431979810782,-0.01601968928525594,-0.0369316488913658,0.0048922703208539205
Portugal,nwspol_log,-0.7971365314937193,-0.015060238424463855,-0.035972198030573714,0.005851721181646006
Portugal,nwspol_log,-0.7692298650063605,-0.014100787563671767,-0.03501274716978163,0.006811172042438094
Portugal,nwspol_log,-0.7413231985190012,-0.013141336702879666,-0.034053296308989525,0.007770622903230195
Portugal,nwspol_log,-0.7134165320316423,-0.012181885842087578,-0.03309384544819744,0.008730073764022283
Portugal,nwspol_log,-0.6855098655442835,-0.011222434981295491,-0.03213439458740535,0.00968952462481437
Portugal,nwspol_log,-0.6576031990569247,-0.010262984120503403,-0.031174943726613266,0.010648975485606458
Portugal,nwspol_log,-0.6296965325695658,-0.009303533259711312,-0.030215492865821175,0.011608426346398549
Portugal,nwspol_log,-0.6017898660822065,-0.008344082398919211,-0.02925604200502907,0.01256787720719065
Portugal,nwspol_log,-0.5738831995948477,-0.007384631538127124,-0.028296591144236986,0.013527328067982737
Portugal,nwspol_log,-0.5459765331074888,-0.006425180677335036,-0.027337140283444895,0.014486778928774825
Portugal,nwspol_log,-0.5180698666201295,-0.005465729816542931,-0.02637768942265279,0.01544622978956693
Portugal,nwspol_log,-0.4901632001327707,-0.004506278955750844,-0.025418238561860707,0.016405680650359016
Portugal,nwspol_log,-0.46225653364541186,-0.0035468280949587563,-0.024458787701068616,0.017365131511151106
Portugal,nwspol_log,-0.434349867158053,-0.0025873772341666688,-0.02349933684027653,0.01832458237194319
Portugal,nwspol_log,-0.40644320067069417,-0.0016279263733745813,-0.02253988597948444,0.01928403323273528
Portugal,nwspol_log,-0.3785365341833349,-0.0006684755125824782,-0.02158043511869234,0.020243484093527383
Portugal,nwspol_log,-0.35062986769597604,0.0002909753482096093,-0.02062098425790025,0.02120293495431947
Portugal,nwspol_log,-0.3227232012086172,0.0012504262090016968,-0.019661533397108164,0.022162385815111558
Portugal,nwspol_log,-0.2948165347212579,0.0022098770697938,-0.018702082536316063,0.02312183667590366
Portugal,nwspol_log,-0.26690986823389906,0.0031693279305858874,-0.017742631675523972,0.02408128753669575
Portugal,nwspol_log,-0.23900320174654022,0.004128778791377975,-0.016783180814731888,0.025040738397487834
Portugal,nwspol_log,-0.21109653525918137,0.005088229652170063,-0.015823729953939797,0.026000189258279925
Portugal,nwspol_log,-0.18318986877182253,0.006047680512962152,-0.01486427909314771,0.026959640119072013
Portugal,nwspol_log,-0.15528320228446324,0.007007131373754255,-0.013904828232355606,0.027919090979864114
Portugal,nwspol_log,-0.1273765357971044,0.007966582234546342,-0.012945377371563519,0.028878541840656205
Portugal,nwspol_log,-0.09946986930974555,0.00892603309533843,-0.011985926510771431,0.02983799270144829
Portugal,nwspol_log,-0.07156320282238626,0.009885483956130533,-0.011026475649979328,0.030797443562240394
Portugal,nwspol_log,-0.04365653633502742,0.01084493481692262,-0.01006702478918724,0.03175689442303248
Portugal,nwspol_log,-0.015749869847668574,0.011804385677714708,-0.009107573928395153,0.03271634528382457
Portugal,nwspol_log,0.01215679663969027,0.012763836538506795,-0.008148123067603066,0.03367579614461666
Portugal,nwspol_log,0.040063463127049115,0.013723287399298885,-0.0071886722068109764,0.034635247005408744
Portugal,nwspol_log,0.0679701296144084,0.014682738260090988,-0.006229221346018873,0.03559469786620085
Portugal,nwspol_log,0.09587679610176725,0.015642189120883075,-0.005269770485226786,0.03655414872699293
Portugal,nwspol_log,0.12378346258912609,0.016601639981675163,-0.004310319624434698,0.037513599587785024
Portugal,nwspol_log,0.15169012907648538,0.017561090842467264,-0.003350868763642597,0.03847305044857713
Portugal,nwspol_log,0.17959679556384422,0.018520541703259355,-0.002391417902850506,0.03943250130936922
Portugal,nwspol_log,0.20750346205120307,0.01947999256405144,-0.001431967042058422,0.0403919521701613
Portugal,nwspol_log,0.2354101285385619,0.02043944342484353,-0.000472516181266331,0.04135140303095339
Portugal,nwspol_log,0.26331679502592076,0.021398894285635614,0.000486934679525753,0.04231085389174548
Portugal,nwspol_log,0.29122346151328005,0.02235834514642772,0.0014463855403178578,0.04327030475253758
Portugal,nwspol_log,0.3191301280006389,0.02331779600721981,0.002405836401109949,0.044229755613329674
Portugal,nwspol_log,0.34703679448799774,0.024277246868011894,0.003365287261902033,0.04518920647412175
Portugal,nwspol_log,0.374943460975357,0.025236697728804,0.004324738122694138,0.046148657334913856
Portugal,nwspol_log,0.40285012746271587,0.026196148589596086,0.005284188983486225,0.04710810819570595
Portugal,nwspol_log,0.4307567939500747,0.027155599450388174,0.006243639844278313,0.04806755905649804
Portugal,nwspol_log,0.45866346043743356,0.028115050311180265,0.007203090705070404,0.04902700991729013
Portugal,nwspol_log,0.4865701269247924,0.02907450117197235,0.008162541565862488,0.049986460778082206
Portugal,nwspol_log,0.5144767934121517,0.030033952032764454,0.009121992426654593,0.05094591163887431
Portugal,nwspol_log,0.5423834598995105,0.030993402893556538,0.010081443287446677,0.0519053624996664
Portugal,nwspol_log,0.5702901263868694,0.03195285375434863,0.011040894148238767,0.05286481336045849
Portugal,nwspol_log,0.5981967928742287,0.03291230461514073,0.012000345009030872,0.0538242642212506
Portugal,nwspol_log,0.6261034593615875,0.03387175547593282,0.012959795869822956,0.054783715082042675
Portugal,nwspol_log,0.6540101258489464,0.03483120633672491,0.013919246730615047,0.055743165942834766
Portugal,nwspol_log,0.6819167923363052,0.03579065719751699,0.014878697591407131,0.05670261680362686
Portugal,nwspol_log,0.709823458823664,0.03675010805830908,0.015838148452199222,0.05766206766441895
Portugal,nwspol_log,0.7377301253110233,0.03770955891910119,0.016797599312991327,0.05862151852521105
Portugal,nwspol_log,0.7656367917983822,0.03866900977989327,0.01775705017378341,0.05958096938600313
Portugal,nwspol_log,0.793543458285741,0.03962846064068536,0.018716501034575502,0.06054042024679522
Portugal,nwspol_log,0.8214501247731003,0.04058791150147746,0.0196759518953676,0.061499871107587326
Portugal,nwspol_log,0.8493567912604592,0.04154736236226955,0.02063540275615969,0.062459321968379417
Portugal,nwspol_log,0.877263457747818,0.042506813223061636,0.021594853616951775,0.0634187728291715
Portugal,nwspol_log,0.9051701242351768,0.04346626408385373,0.022554304477743866,0.06437822368996358
Portugal,nwspol_log,0.9330767907225357,0.04442571494464581,0.02351375533853595,0.06533767455075568
Portugal,nwspol_log,0.960983457209895,0.045385165805437916,0.024473206199328055,0.06629712541154778
Portugal,nwspol_log,0.9888901236972538,0.04634461666623001,0.025432657060120146,0.06725657627233987
Portugal,nwspol_log,1.0167967901846127,0.04730406752702209,0.02639210792091223,0.06821602713313195
Portugal,nwspol_log,1.044703456671972,0.048263518387814196,0.027351558781704335,0.06917547799392405
Portugal,nwspol_log,1.0726101231593308,0.04922296924860628,0.02831100964249642,0.07013492885471614
Portugal,nwspol_log,1.1005167896466896,0.05018242010939837,0.02927046050328851,0.07109437971550824
Portugal,nwspol_log,1.128423456134049,0.051141870970190476,0.030229911364080615,0.07205383057630034
Portugal,nwspol_log,1.1563301226214073,0.052101321830982546,0.031189362224872685,0.0730132814370924
Portugal,nwspol_log,1.1842367891087666,0.05306077269177465,0.03214881308566479,0.07397273229788451
Portugal,nwspol_log,1.212143455596125,0.05402022355256672,0.033108263946456856,0.07493218315867659
Portugal,nwspol_log,1.240050122083484,0.05497967441335882,0.03406771480724896,0.07589163401946868
Slovenia,netustm_log,-2.017651430380346,-0.35013947366786474,-0.3765903571397963,-0.3236885901959332
Slovenia,netustm_log,-1.9934521454636227,-0.3493550412364875,-0.375805924708419,-0.32290415776455594
Slovenia,netustm_log,-1.9692528605468995,-0.3485706088051102,-0.37502149227704173,-0.3221197253331787
Slovenia,netustm_log,-1.9450535756301763,-0.34778617637373294,-0.37423705984566447,-0.3213352929018014
Slovenia,netustm_log,-1.920854290713453,-0.34700174394235567,-0.3734526274142872,-0.32055086047042414
Slovenia,netustm_log,-1.8966550057967297,-0.34621731151097834,-0.3726681949829099,-0.3197664280390468
Slovenia,netustm_log,-1.8724557208800066,-0.3454328790796011,-0.3718837625515326,-0.31898199560766954
Slovenia,netustm_log,-1.8482564359632834,-0.3446484466482238,-0.37109933012015534,-0.3181975631762923
Slovenia,netustm_log,-1.8240571510465602,-0.34386401421684654,-0.37031489768877807,-0.317413130744915
Slovenia,netustm_log,-1.799857866129837,-0.34307958178546927,-0.3695304652574008,-0.31662869831353774
Slovenia,netustm_log,-1.7756585812131138,-0.342295149354092,-0.36874603282602353,-0.31584426588216047
Slovenia,netustm_log,-1.7514592962963906,-0.34151071692271473,-0.36796160039464626,-0.3150598334507832
Slovenia,netustm_log,-1.7272600113796672,-0.34072628449133746,-0.367177167963269,-0.31427540101940593
Slovenia,netustm_log,-1.703060726462944,-0.3399418520599602,-0.3663927355318917,-0.31349096858802866
Slovenia,netustm_log,-1.6788614415462209,-0.3391574196285829,-0.36560830310051445,-0.3127065361566514
Slovenia,netustm_log,-1.6546621566294977,-0.33837298719720565,-0.3648238706691372,-0.3119221037252741
Slovenia,netustm_log,-1.6304628717127745,-0.33758855476582833,-0.36403943823775986,-0.3111376712938968
Slovenia,netustm_log,-1.606263586796051,-0.33680412233445106,-0.3632550058063826,-0.31035323886251953
Slovenia,netustm_log,-1.5820643018793281,-0.3360196899030738,-0.3624705733750053,-0.30956880643114226
Slovenia,netustm_log,-1.5578650169626047,-0.3352352574716965,-0.36168614094362805,-0.308784373999765
Slovenia,netustm_log,-1.5336657320458815,-0.33445082504031926,-0.3609017085122508,-0.3079999415683877
Slovenia,netustm_log,-1.5094664471291583,-0.333666392608942,-0.3601172760808735,-0.30721550913701046
Slovenia,netustm_log,-1.4852671622124352,-0.3328819601775647,-0.35933284364949625,-0.3064310767056332
Slovenia,netustm_log,-1.461067877295712,-0.33209752774618745,-0.358548411218119,-0.3056466442742559
Slovenia,netustm_log,-1.4368685923789886,-0.3313130953148101,-0.35776397878674165,-0.3048622118428786
Slovenia,netustm_log,-1.4126693074622656,-0.33052866288343286,-0.3569795463553644,-0.3040777794115013
Slovenia,netustm_log,-1.3884700225455422,-0.3297442304520556,-0.3561951139239871,-0.30329334698012406
Slovenia,netustm_log,-1.364270737628819,-0.3289597980206783,-0.35541068149260985,-0.3025089145487468
Slovenia,netustm_log,-1.3400714527120958,-0.32817536558930105,-0.3546262490612326,-0.3017244821173695
Slovenia,netustm_log,-1.3158721677953726,-0.3273909331579238,-0.3538418166298553,-0.30094004968599225
Slovenia,netustm_log,-1.2916728828786495,-0.3266065007265465,-0.35305738419847804,-0.300155617254615
Slovenia,netustm_log,-1.267473597961926,-0.32582206829516924,-0.3522729517671008,-0.2993711848232377
Slovenia,netustm_log,-1.243274313045203,-0.325037635863792,-0.3514885193357235,-0.29858675239186044
Slovenia,netustm_log,-1.2190750281284797,-0.32425320343241465,-0.3507040869043462,-0.2978023199604831
Slovenia,netustm_log,-1.1948757432117565,-0.3234687710010374,-0.3499196544729689,-0.29701788752910585
Slovenia,netustm_log,-1.1706764582950333,-0.3226843385696601,-0.34913522204159164,-0.2962334550977286
Slovenia,netustm_log,-1.1464771733783101,-0.32189990613828284,-0.3483507896102144,-0.2954490226663513
Slovenia,netustm_log,-1.122277888461587,-0.3211154737069056,-0.3475663571788371,-0.29466459023497404
Slovenia,netustm_log,-1.0980786035448635,-0.3203310412755283,-0.34678192474745984,-0.2938801578035968
Slovenia,netustm_log,-1.0738793186281406,-0.31954660884415104,-0.34599749231608257,-0.2930957253722195
Slovenia,netustm_log,-1.0496800337114172,-0.31876217641277377,-0.3452130598847053,-0.29231129294084224
Slovenia,netustm_log,-1.025480748794694,-0.31797774398139644,-0.344428627453328,-0.2915268605094649
Slovenia,netustm_log,-1.0012814638779708,-0.3171933115500192,-0.3436441950219507,-0.29074242807808764
Slovenia,netustm_log,-0.9770821789612476,-0.3164088791186419,-0.34285976259057344,-0.2899579956467104
Slovenia,netustm_log,-0.9528828940445244,-0.31562444668726464,-0.34207533015919617,-0.2891735632153331
Slovenia,netustm_log,-0.9286836091278012,-0.31484001425588737,-0.3412908977278189,-0.28838913078395584
Slovenia,netustm_log,-0.904484324211078,-0.3140555818245101,-0.34050646529644163,-0.28760469835257857
Slovenia,netustm_log,-0.8802850392943546,-0.31327114939313283,-0.33972203286506436,-0.2868202659212013
Slovenia,netustm_log,-0.8560857543776315,-0.31248671696175556,-0.3389376004336871,-0.28603583348982403
Slovenia,netustm_log,-0.8318864694609083,-0.3117022845303783,-0.3381531680023098,-0.28525140105844676
Slovenia,netustm_log,-0.8076871845441851,-0.310917852099001,-0.33736873557093255,-0.2844669686270695
Slovenia,netustm_log,-0.7834878996274619,-0.31013341966762376,-0.3365843031395553,-0.2836825361956922
Slovenia,netustm_log,-0.7592886147107387,-0.30934898723624643,-0.33579987070817796,-0.2828981037643149
Slovenia,netustm_log,-0.7350893297940155,-0.30856455480486916,-0.3350154382768007,-0.28211367133293763
Slovenia,netustm_log,-0.7108900448772921,-0.3077801223734919,-0.3342310058454234,-0.28132923890156036
Slovenia,netustm_log,-0.6866907599605689,-0.3069956899421146,-0.33344657341404615,-0.2805448064701831
Slovenia,netustm_log,-0.6624914750438458,-0.30621125751073736,-0.3326621409826689,-0.2797603740388058
Slovenia,netustm_log,-0.6382921901271226,-0.3054268250793601,-0.3318777085512916,-0.27897594160742856
Slovenia,netustm_log,-0.6140929052103994,-0.3046423926479828,-0.33109327611991435,-0.2781915091760513
Slovenia,netustm_log,-0.5898936202936762,-0.30385796021660555,-0.3303088436885371,-0.277407076744674
Slovenia,netustm_log,-0.565694335376953,-0.3030735277852282,-0.32952441125715976,-0.2766226443132967
Slovenia,netustm_log,-0.5414950504602296,-0.30228909535385096,-0.3287399788257825,-0.2758382118819194
Slovenia,netustm_log,-0.5172957655435064,-0.3015046629224737,-0.3279555463944052,-0.27505377945054216
Slovenia,netustm_log,-0.49309648062678324,-0.3007202304910964,-0.32717111396302795,-0.2742693470191649
Slovenia,netustm_log,-0.46889719571006006,-0.29993579805971915,-0.3263866815316507,-0.2734849145877876
Slovenia,netustm_log,-0.44469791079333687,-0.2991513656283419,-0.3256022491002734,-0.27270048215641035
Slovenia,netustm_log,-0.4204986258766137,-0.2983669331969646,-0.32481781666889614,-0.2719160497250331
Slovenia,netustm_log,-0.3962993409598905,-0.29758250076558734,-0.3240333842375189,-0.2711316172936558
Slovenia,netustm_log,-0.3721000560431671,-0.2967980683342101,-0.3232489518061416,-0.27034718486227854
Slovenia,netustm_log,-0.3479007711264439,-0.29601363590283275,-0.3224645193747643,-0.2695627524309012
Slovenia,netustm_log,-0.3237014862097207,-0.2952292034714555,-0.321680086943387,-0.26877831999952395
Slovenia,netustm_log,-0.29950220129299754,-0.2944447710400782,-0.32089565451200974,-0.2679938875681467
Slovenia,netustm_log,-0.27530291637627435,-0.29366033860870094,-0.3201112220806325,-0.2672094551367694
Slovenia,netustm_log,-0.25110363145955117,-0.2928759061773237,-0.3193267896492552,-0.26642502270539214
Slovenia,netustm_log,-0.22690434654282798,-0.2920914737459464,-0.31854235721787794,-0.2656405902740149
Slovenia,netustm_log,-0.20270506162610458,-0.29130704131456914,-0.31775792478650067,-0.2648561578426376
Slovenia,netustm_log,-0.1785057767093814,-0.29052260888319187,-0.3169734923551234,-0.26407172541126034
Slovenia,netustm_log,-0.1543064917926582,-0.2897381764518146,-0.31618905992374613,-0.26328729297988307
Slovenia,netustm_log,-0.13010720687593502,-0.2889537440204373,-0.3154046274923688,-0.26250286054850575
Slovenia,netustm_log,-0.10590792195921184,-0.28816931158906,-0.31462019506099154,-0.2617184281171285
Slovenia,netustm_log,-0.08170863704248865,-0.28738487915768274,-0.31383576262961427,-0.2609339956857512
Slovenia,netustm_log,-0.05750935212576547,-0.28660044672630547,-0.313051330198237,-0.26014956325437394
Slovenia,netustm_log,-0.03331006720904206,-0.2858160142949282,-0.31226689776685973,-0.25936513082299667
Slovenia,netustm_log,-0.009110782292319097,-0.28503158186355093,-0.31148246533548246,-0.2585806983916194
Slovenia,netustm_log,0.01508850262440431,-0.28424714943217366,-0.3106980329041052,-0.25779626596024213
Slovenia,netustm_log,0.03928778754112727,-0.2834627170007964,-0.3099136004727279,-0.25701183352886486
Slovenia,netustm_log,0.06348707245785068,-0.2826782845694191,-0.30912916804135065,-0.2562274010974876
Slovenia,netustm_log,0.08768635737457409,-0.2818938521380418,-0.30834473560997333,-0.25544296866611027
Slovenia,netustm_log,0.11188564229129705,-0.28110941970666453,-0.30756030317859606,-0.254658536234733
Slovenia,netustm_log,0.13608492720802046,-0.28032498727528726,-0.3067758707472188,-0.25387410380335573
Slovenia,netustm_log,0.16028421212474342,-0.27954055484391,-0.3059914383158415,-0.25308967137197846
Slovenia,netustm_log,0.18448349704146683,-0.2787561224125327,-0.30520700588446426,-0.2523052389406012
Slovenia,netustm_log,0.2086827819581898,-0.27797168998115546,-0.304422573453087,-0.2515208065092239
Slovenia,netustm_log,0.2328820668749132,-0.2771872575497782,-0.3036381410217097,-0.25073637407784666
Slovenia,netustm_log,0.2570813517916366,-0.2764028251184009,-0.30285370859033245,-0.24995194164646936
Slovenia,netustm_log,0.28128063670835957,-0.27561839268702365,-0.3020692761589552,-0.2491675092150921
Slovenia,netustm_log,0.305479921625083,-0.2748339602556463,-0.30128484372757786,-0.24838307678371477
Slovenia,netustm_log,0.32967920654180594,-0.27404952782426906,-0.3005004112962006,-0.2475986443523375
Slovenia,netustm_log,0.35387849145852934,-0.2732650953928918,-0.2997159788648233,-0.24681421192096023
Slovenia,netustm_log,0.3780777763752523,-0.2724806629615145,-0.29893154643344605,-0.24602977948958296
Slovenia,netustm_log,0.4022770612919757,-0.27169623053013725,-0.2981471140020688,-0.2452453470582057
Slovenia,netustm_log,0.4264763462086991,-0.27091179809876,-0.2973626815706915,-0.24446091462682842
Slovenia,netustm_log,0.4506756311254221,-0.2701273656673827,-0.29657824913931424,-0.24367648219545116
Slovenia,netustm_log,0.4748749160421455,-0.26934293323600544,-0.295793816707937,-0.2428920497640739
Slovenia,netustm_log,0.49907420095886845,-0.2685585008046282,-0.2950093842765597,-0.24210761733269662
Slovenia,netustm_log,0.5232734858755919,-0.2677740683732509,-0.29422495184518244,-0.24132318490131935
Slovenia,netustm_log,0.5474727707923148,-0.26698963594187364,-0.29344051941380517,-0.24053875246994208
Slovenia,netustm_log,0.5716720557090382,-0.2662052035104963,-0.29265608698242784,-0.23975432003856476
Slovenia,netustm_log,0.5958713406257616,-0.26542077107911904,-0.2918716545510506,-0.2389698876071875
Slovenia,netustm_log,0.6200706255424846,-0.2646363386477418,-0.2910872221196733,-0.23818545517581022
Slovenia,netustm_log,0.644269910459208,-0.2638519062163645,-0.29030278968829604,-0.23740102274443295
Slovenia,netustm_log,0.668469195375931,-0.26306747378498724,-0.28951835725691877,-0.23661659031305568
Slovenia,netustm_log,0.6926684802926544,-0.26228304135360997,-0.2887339248255415,-0.2358321578816784
Slovenia,netustm_log,0.7168677652093773,-0.2614986089222327,-0.28794949239416423,-0.23504772545030114
Slovenia,netustm_log,0.7410670501261007,-0.26071417649085543,-0.28716505996278696,-0.23426329301892387
Slovenia,netustm_log,0.7652663350428242,-0.2599297440594781,-0.28638062753140964,-0.23347886058754655
Slovenia,netustm_log,0.7894656199595471,-0.25914531162810084,-0.28559619510003237,-0.23269442815616928
Slovenia,netustm_log,0.8136649048762705,-0.25836087919672357,-0.2848117626686551,-0.231909995724792
Slovenia,netustm_log,0.8378641897929935,-0.2575764467653463,-0.28402733023727783,-0.23112556329341474
Slovenia,netustm_log,0.8620634747097169,-0.25679201433396903,-0.28324289780590056,-0.23034113086203747
Slovenia,netustm_log,0.8862627596264399,-0.25600758190259176,-0.2824584653745233,-0.2295566984306602
Slovenia,netustm_log,0.9104620445431633,-0.2552231494712145,-0.281674032943146,-0.22877226599928294
Slovenia,netustm_log,0.9346613294598867,-0.2544387170398372,-0.28088960051176876,-0.22798783356790567
Slovenia,netustm_log,0.9588606143766096,-0.25365428460845996,-0.2801051680803915,-0.2272034011365284
Slovenia,netustm_log,0.983059899293333,-0.25286985217708263,-0.27932073564901416,-0.22641896870515107
Slovenia,netustm_log,1.007259184210056,-0.25208541974570536,-0.2785363032176369,-0.2256345362737738
Slovenia,netustm_log,1.0314584691267794,-0.2513009873143281,-0.2777518707862596,-0.22485010384239654
Slovenia,netustm_log,1.0556577540435024,-0.2505165548829508,-0.27696743835488236,-0.22406567141101927
Slovenia,netustm_log,1.0798570389602258,-0.24973212245157356,-0.2761830059235051,-0.223281238979642
Slovenia,netustm_log,1.1040563238769492,-0.2489476900201963,-0.2753985734921278,-0.22249680654826473
Slovenia,netustm_log,1.1282556087936721,-0.24816325758881902,-0.27461414106075055,-0.22171237411688746
Slovenia,netustm_log,1.1524548937103956,-0.24737882515744172,-0.2738297086293733,-0.22092794168551017
Slovenia,netustm_log,1.1766541786271185,-0.24659439272606445,-0.273045276197996,-0.2201435092541329
Slovenia,netustm_log,1.200853463543842,-0.24580996029468719,-0.27226084376661874,-0.21935907682275563
Slovenia,netustm_log,1.2250527484605649,-0.24502552786330992,-0.2714764113352415,-0.21857464439137836
Slovenia,netustm_log,1.2492520333772883,-0.24424109543193262,-0.27069197890386415,-0.21779021196000106
Slovenia,netustm_log,1.2734513182940117,-0.24345666300055535,-0.2699075464724869,-0.2170057795286238
Slovenia,netustm_log,1.2976506032107347,-0.24267223056917808,-0.2691231140411096,-0.21622134709724652
Slovenia,netustm_log,1.321849888127458,-0.2418877981378008,-0.26833868160973234,-0.21543691466586926
Slovenia,netustm_log,1.346049173044181,-0.24110336570642354,-0.2675542491783551,-0.214652482234492
Slovenia,netustm_log,1.3702484579609044,-0.24031893327504625,-0.2667698167469778,-0.2138680498031147
Slovenia,netustm_log,1.3944477428776274,-0.23953450084366898,-0.26598538431560054,-0.21308361737173742
Slovenia,netustm_log,1.4186470277943508,-0.2387500684122917,-0.26520095188422327,-0.21229918494036015
Slovenia,netustm_log,1.4428463127110742,-0.23796563598091441,-0.26441651945284594,-0.21151475250898286
Slovenia,netustm_log,1.4670455976277972,-0.23718120354953715,-0.2636320870214687,-0.2107303200776056
Slovenia,netustm_log,1.4912448825445206,-0.23639677111815988,-0.2628476545900914,-0.20994588764622832
Slovenia,netustm_log,1.5154441674612436,-0.2356123386867826,-0.26206322215871414,-0.20916145521485105
Slovenia,netustm_log,1.539643452377967,-0.23482790625540534,-0.26127878972733687,-0.20837702278347378
Slovenia,netustm_log,1.56384273729469,-0.23404347382402807,-0.2604943572959596,-0.2075925903520965
Slovenia,netustm_log,1.588042022211413,-0.2332590413926508,-0.25970992486458233,-0.20680815792071924
Slovenia,nwspol_log,-2.918043184533,-0.30404049332216865,-0.3266782538645621,-0.2814027327797752
Slovenia,nwspol_log,-2.890136518045641,-0.30386358603225044,-0.3265013465746439,-0.281225825489857
Slovenia,nwspol_log,-2.862229851558282,-0.3036866787423322,-0.32632443928472565,-0.2810489181999387
Slovenia,nwspol_log,-2.834323185070923,-0.3035097714524139,-0.3261475319948074,-0.28087201091002045
Slovenia,nwspol_log,-2.806416518583564,-0.30333286416249566,-0.32597062470488913,-0.2806951036201022
Slovenia,nwspol_log,-2.7785098520962053,-0.30315595687257746,-0.32579371741497093,-0.280518196330184
Slovenia,nwspol_log,-2.7506031856088464,-0.3029790495826592,-0.32561681012505267,-0.28034128904026573
Slovenia,nwspol_log,-2.722696519121487,-0.30280214229274094,-0.3254399028351344,-0.28016438175034747
Slovenia,nwspol_log,-2.6947898526341283,-0.3026252350028227,-0.32526299554521615,-0.2799874744604292
Slovenia,nwspol_log,-2.6668831861467694,-0.3024483277129045,-0.32508608825529794,-0.279810567170511
Slovenia,nwspol_log,-2.63897651965941,-0.3022714204229862,-0.3249091809653797,-0.27963365988059274
Slovenia,nwspol_log,-2.6110698531720513,-0.30209451313306795,-0.3247322736754614,-0.2794567525906745
Slovenia,nwspol_log,-2.5831631866846925,-0.30191760584314975,-0.3245553663855432,-0.2792798453007563
Slovenia,nwspol_log,-2.5552565201973336,-0.3017406985532315,-0.32437845909562496,-0.279102938010838
Slovenia,nwspol_log,-2.527349853709975,-0.30156379126331323,-0.3242015518057067,-0.27892603072091976
Slovenia,nwspol_log,-2.4994431872226155,-0.30138688397339497,-0.32402464451578844,-0.2787491234310015
Slovenia,nwspol_log,-2.4715365207352566,-0.3012099766834767,-0.3238477372258702,-0.27857221614108324
Slovenia,nwspol_log,-2.443629854247898,-0.3010330693935585,-0.323670829935952,-0.27839530885116504
Slovenia,nwspol_log,-2.4157231877605385,-0.30085616210364025,-0.3234939226460337,-0.2782184015612468
Slovenia,nwspol_log,-2.3878165212731797,-0.300679254813722,-0.32331701535611546,-0.2780414942713285
Slovenia,nwspol_log,-2.359909854785821,-0.3005023475238038,-0.32314010806619725,-0.2778645869814103
Slovenia,nwspol_log,-2.332003188298462,-0.3003254402338855,-0.322963200776279,-0.27768767969149205
Slovenia,nwspol_log,-2.304096521811103,-0.30014853294396726,-0.32278629348636073,-0.2775107724015738
Slovenia,nwspol_log,-2.276189855323744,-0.299971625654049,-0.32260938619644247,-0.27733386511165553
Slovenia,nwspol_log,-2.248283188836385,-0.2997947183641308,-0.32243247890652427,-0.2771569578217373
Slovenia,nwspol_log,-2.220376522349026,-0.29961781107421254,-0.322255571616606,-0.27698005053181907
Slovenia,nwspol_log,-2.192469855861667,-0.2994409037842943,-0.32207866432668775,-0.2768031432419008
Slovenia,nwspol_log,-2.164563189374308,-0.299263996494376,-0.3219017570367695,-0.27662623595198255
Slovenia,nwspol_log,-2.136656522886949,-0.2990870892044578,-0.3217248497468513,-0.27644932866206434
Slovenia,nwspol_log,-2.1087498563995903,-0.29891018191453955,-0.321547942456933,-0.2762724213721461
Slovenia,nwspol_log,-2.0808431899122315,-0.2987332746246213,-0.32137103516701476,-0.2760955140822278
Slovenia,nwspol_log,-2.052936523424872,-0.29855636733470303,-0.3211941278770965,-0.27591860679230956
Slovenia,nwspol_log,-2.0250298569375134,-0.2983794600447848,-0.3210172205871783,-0.27574169950239136
Slovenia,nwspol_log,-1.9971231904501545,-0.29820255275486657,-0.32084031329726004,-0.2755647922124731
Slovenia,nwspol_log,-1.9692165239627955,-0.2980256454649483,-0.3206634060073418,-0.27538788492255484
Slovenia,nwspol_log,-1.9413098574754364,-0.29784873817503005,-0.3204864987174235,-0.2752109776326366
Slovenia,nwspol_log,-1.9134031909880775,-0.29767183088511184,-0.3203095914275053,-0.2750340703427184
Slovenia,nwspol_log,-1.8854965245007187,-0.2974949235951936,-0.32013268413758705,-0.2748571630528001
Slovenia,nwspol_log,-1.8575898580133596,-0.2973180163052753,-0.3199557768476688,-0.27468025576288185
Slovenia,nwspol_log,-1.8296831915260006,-0.29714110901535706,-0.31977886955775053,-0.2745033484729636
Slovenia,nwspol_log,-1.8017765250386417,-0.29696420172543886,-0.31960196226783233,-0.2743264411830454
Slovenia,nwspol_log,-1.7738698585512829,-0.2967872944355206,-0.31942505497791407,-0.27414953389312713
Slovenia,nwspol_log,-1.7459631920639238,-0.29661038714560234,-0.3192481476879958,-0.27397262660320887
Slovenia,nwspol_log,-1.7180565255765647,-0.2964334798556841,-0.31907124039807755,-0.2737957193132906
Slovenia,nwspol_log,-1.690149859089206,-0.2962565725657659,-0.31889433310815934,-0.2736188120233724
Slovenia,nwspol_log,-1.662243192601847,-0.2960796652758476,-0.3187174258182411,-0.27344190473345414
Slovenia,nwspol_log,-1.634336526114488,-0.29590275798592935,-0.3185405185283228,-0.2732649974435359
Slovenia,nwspol_log,-1.606429859627129,-0.2957258506960111,-0.31836361123840456,-0.2730880901536176
Slovenia,nwspol_log,-1.57852319313977,-0.2955489434060929,-0.31818670394848636,-0.2729111828636994
Slovenia,nwspol_log,-1.5506165266524112,-0.29537203611617463,-0.3180097966585681,-0.27273427557378116
Slovenia,nwspol_log,-1.5227098601650522,-0.29519512882625637,-0.31783288936864984,-0.2725573682838629
Slovenia,nwspol_log,-1.494803193677693,-0.2950182215363381,-0.3176559820787316,-0.27238046099394464
Slovenia,nwspol_log,-1.4668965271903343,-0.2948413142464199,-0.3174790747888134,-0.27220355370402644
Slovenia,nwspol_log,-1.4389898607029754,-0.29466440695650165,-0.3173021674988951,-0.2720266464141082
Slovenia,nwspol_log,-1.4110831942156163,-0.2944874996665834,-0.31712526020897686,-0.2718497391241899
Slovenia,nwspol_log,-1.3831765277282573,-0.2943105923766651,-0.3169483529190586,-0.27167283183427166
Slovenia,nwspol_log,-1.3552698612408984,-0.2941336850867469,-0.3167714456291404,-0.27149592454435345
Slovenia,nwspol_log,-1.3273631947535396,-0.29395677779682866,-0.31659453833922213,-0.2713190172544352
Slovenia,nwspol_log,-1.2994565282661805,-0.2937798705069104,-0.31641763104930387,-0.27114210996451693
Slovenia,nwspol_log,-1.2715498617788215,-0.29360296321699214,-0.3162407237593856,-0.27096520267459867
Slovenia,nwspol_log,-1.2436431952914626,-0.29342605592707394,-0.3160638164694674,-0.27078829538468047
Slovenia,nwspol_log,-1.2157365288041038,-0.2932491486371557,-0.31588690917954915,-0.2706113880947622
Slovenia,nwspol_log,-1.1878298623167447,-0.2930722413472374,-0.3157100018896309,-0.27043448080484395
Slovenia,nwspol_log,-1.1599231958293856,-0.29289533405731916,-0.3155330945997126,-0.2702575735149257
Slovenia,nwspol_log,-1.1320165293420268,-0.29271842676740095,-0.3153561873097944,-0.2700806662250075
Slovenia,nwspol_log,-1.104109862854668,-0.2925415194774827,-0.31517928001987616,-0.2699037589350892
Slovenia,nwspol_log,-1.0762031963673089,-0.29236461218756443,-0.3150023727299579,-0.26972685164517096
Slovenia,nwspol_log,-1.0482965298799498,-0.29218770489764617,-0.31482546544003964,-0.2695499443552527
Slovenia,nwspol_log,-1.020389863392591,-0.29201079760772797,-0.31464855815012144,-0.2693730370653345
Slovenia,nwspol_log,-0.9924831969052321,-0.2918338903178097,-0.3144716508602032,-0.26919612977541624
Slovenia,nwspol_log,-0.9645765304178731,-0.29165698302789145,-0.3142947435702849,-0.269019222485498
Slovenia,nwspol_log,-0.936669863930514,-0.2914800757379732,-0.31411783628036666,-0.2688423151955797
Slovenia,nwspol_log,-0.9087631974431551,-0.291303168448055,-0.31394092899044845,-0.2686654079056615
Slovenia,nwspol_log,-0.8808565309557963,-0.2911262611581367,-0.3137640217005302,-0.26848850061574325
Slovenia,nwspol_log,-0.8529498644684375,-0.29094935386821846,-0.31358711441061193,-0.268311593325825
Slovenia,nwspol_log,-0.8250431979810782,-0.29077244657830026,-0.31341020712069373,-0.2681346860359068
Slovenia,nwspol_log,-0.7971365314937193,-0.290595539288382,-0.31323329983077547,-0.26795777874598853
Slovenia,nwspol_log,-0.7692298650063605,-0.29041863199846374,-0.3130563925408572,-0.26778087145607027
Slovenia,nwspol_log,-0.7413231985190012,-0.2902417247085455,-0.31287948525093895,-0.267603964166152
Slovenia,nwspol_log,-0.7134165320316423,-0.2900648174186273,-0.31270257796102074,-0.2674270568762338
Slovenia,nwspol_log,-0.6855098655442835,-0.289887910128709,-0.3125256706711025,-0.26725014958631554
Slovenia,nwspol_log,-0.6576031990569247,-0.28971100283879075,-0.3123487633811842,-0.2670732422963973
Slovenia,nwspol_log,-0.6296965325695658,-0.2895340955488725,-0.31217185609126596,-0.266896335006479
Slovenia,nwspol_log,-0.6017898660822065,-0.2893571882589543,-0.31199494880134776,-0.2667194277165608
Slovenia,nwspol_log,-0.5738831995948477,-0.28918028096903603,-0.3118180415114295,-0.26654252042664256
Slovenia,nwspol_log,-0.5459765331074888,-0.28900337367911777,-0.31164113422151124,-0.2663656131367243
Slovenia,nwspol_log,-0.5180698666201295,-0.2888264663891995,-0.311464226931593,-0.26618870584680604
Slovenia,nwspol_log,-0.4901632001327707,-0.2886495590992813,-0.3112873196416748,-0.26601179855688784
Slovenia,nwspol_log,-0.46225653364541186,-0.28847265180936305,-0.3111104123517565,-0.2658348912669696
Slovenia,nwspol_log,-0.434349867158053,-0.2882957445194448,-0.31093350506183826,-0.2656579839770513
Slovenia,nwspol_log,-0.40644320067069417,-0.2881188372295265,-0.31075659777192,-0.26548107668713306
Slovenia,nwspol_log,-0.3785365341833349,-0.2879419299396083,-0.3105796904820018,-0.26530416939721485
Slovenia,nwspol_log,-0.35062986769597604,-0.28776502264969006,-0.31040278319208353,-0.2651272621072966
Slovenia,nwspol_log,-0.3227232012086172,-0.2875881153597718,-0.31022587590216527,-0.26495035481737833
Slovenia,nwspol_log,-0.2948165347212579,-0.28741120806985354,-0.310048968612247,-0.26477344752746007
Slovenia,nwspol_log,-0.26690986823389906,-0.28723430077993534,-0.3098720613223288,-0.26459654023754187
Slovenia,nwspol_log,-0.23900320174654022,-0.2870573934900171,-0.30969515403241055,-0.2644196329476236
Slovenia,nwspol_log,-0.21109653525918137,-0.2868804862000988,-0.3095182467424923,-0.26424272565770535
Slovenia,nwspol_log,-0.18318986877182253,-0.28670357891018056,-0.309341339452574,-0.2640658183677871
Slovenia,nwspol_log,-0.15528320228446324,-0.28652667162026235,-0.3091644321626558,-0.2638889110778689
Slovenia,nwspol_log,-0.1273765357971044,-0.2863497643303441,-0.30898752487273756,-0.2637120037879506
Slovenia,nwspol_log,-0.09946986930974555,-0.28617285704042583,-0.3088106175828193,-0.26353509649803236
Slovenia,nwspol_log,-0.07156320282238626,-0.28599594975050757,-0.30863371029290104,-0.2633581892081141
Slovenia,nwspol_log,-0.04365653633502742,-0.28581904246058937,-0.30845680300298284,-0.2631812819181959
Slovenia,nwspol_log,-0.015749869847668574,-0.2856421351706711,-0.3082798957130646,-0.26300437462827764
Slovenia,nwspol_log,0.01215679663969027,-0.28546522788075285,-0.3081029884231463,-0.2628274673383594
Slovenia,nwspol_log,0.040063463127049115,-0.2852883205908346,-0.30792608113322806,-0.2626505600484411
Slovenia,nwspol_log,0.0679701296144084,-0.2851114133009164,-0.30774917384330985,-0.2624736527585229
Slovenia,nwspol_log,0.09587679610176725,-0.2849345060109981,-0.3075722665533916,-0.26229674546860465
Slovenia,nwspol_log,0.12378346258912609,-0.28475759872107986,-0.30739535926347333,-0.2621198381786864
Slovenia,nwspol_log,0.15169012907648538,-0.2845806914311616,-0.3072184519735551,-0.26194293088876813
Slovenia,nwspol_log,0.17959679556384422,-0.2844037841412434,-0.30704154468363687,-0.26176602359884993
Slovenia,nwspol_log,0.20750346205120307,-0.28422687685132514,-0.3068646373937186,-0.26158911630893167
Slovenia,nwspol_log,0.2354101285385619,-0.2840499695614069,-0.30668773010380035,-0.2614122090190134
Slovenia,nwspol_log,0.26331679502592076,-0.2838730622714886,-0.3065108228138821,-0.26123530172909515
Slovenia,nwspol_log,0.29122346151328005,-0.2836961549815704,-0.3063339155239639,-0.26105839443917694
Slovenia,nwspol_log,0.3191301280006389,-0.28351924769165215,-0.3061570082340456,-0.2608814871492587
Slovenia,nwspol_log,0.34703679448799774,-0.2833423404017339,-0.30598010094412736,-0.2607045798593404
Slovenia,nwspol_log,0.374943460975357,-0.28316543311181563,-0.3058031936542091,-0.26052767256942216
Slovenia,nwspol_log,0.40285012746271587,-0.28298852582189743,-0.3056262863642909,-0.26035076527950396
Slovenia,nwspol_log,0.4307567939500747,-0.28281161853197917,-0.30544937907437264,-0.2601738579895857
Slovenia,nwspol_log,0.45866346043743356,-0.2826347112420609,-0.3052724717844544,-0.25999695069966744
Slovenia,nwspol_log,0.4865701269247924,-0.2824578039521427,-0.3050955644945362,-0.25982004340974924
Slovenia,nwspol_log,0.5144767934121517,-0.28228089666222445,-0.3049186572046179,-0.259643136119831
Slovenia,nwspol_log,0.5423834598995105,-0.2821039893723062,-0.30474174991469966,-0.2594662288299127
Slovenia,nwspol_log,0.5702901263868694,-0.2819270820823879,-0.3045648426247814,-0.25928932153999446
Slovenia,nwspol_log,0.5981967928742287,-0.28175017479246967,-0.30438793533486314,-0.2591124142500762
Slovenia,nwspol_log,0.6261034593615875,-0.28157326750255146,-0.30421102804494493,-0.258935506960158
Slovenia,nwspol_log,0.6540101258489464,-0.2813963602126332,-0.30403412075502667,-0.25875859967023973
Slovenia,nwspol_log,0.6819167923363052,-0.28121945292271494,-0.3038572134651084,-0.25858169238032147
Slovenia,nwspol_log,0.709823458823664,-0.28104254563279674,-0.3036803061751902,-0.25840478509040327
Slovenia,nwspol_log,0.7377301253110233,-0.2808656383428785,-0.30350339888527195,-0.258227877800485
Slovenia,nwspol_log,0.7656367917983822,-0.2806887310529602,-0.3033264915953537,-0.25805097051056675
Slovenia,nwspol_log,0.793543458285741,-0.28051182376304196,-0.3031495843054354,-0.2578740632206485
Slovenia,nwspol_log,0.8214501247731003,-0.2803349164731237,-0.30297267701551717,-0.2576971559307302
Slovenia,nwspol_log,0.8493567912604592,-0.2801580091832055,-0.30279576972559896,-0.257520248640812
Slovenia,nwspol_log,0.877263457747818,-0.27998110189328723,-0.3026188624356807,-0.25734334135089376
Slovenia,nwspol_log,0.9051701242351768,-0.27980419460336897,-0.30244195514576244,-0.2571664340609755
Slovenia,nwspol_log,0.9330767907225357,-0.27962728731345077,-0.30226504785584424,-0.2569895267710573
Slovenia,nwspol_log,0.960983457209895,-0.2794503800235325,-0.302088140565926,-0.25681261948113904
Slovenia,nwspol_log,0.9888901236972538,-0.27927347273361425,-0.3019112332760077,-0.2566357121912208
Slovenia,nwspol_log,1.0167967901846127,-0.279096565443696,-0.30173432598608946,-0.2564588049013025
Slovenia,nwspol_log,1.044703456671972,-0.2789196581537778,-0.30155741869617125,-0.2562818976113843
Slovenia,nwspol_log,1.0726101231593308,-0.2787427508638595,-0.301380511406253,-0.25610499032146605
Slovenia,nwspol_log,1.1005167896466896,-0.27856584357394126,-0.30120360411633473,-0.2559280830315478
Slovenia,nwspol_log,1.128423456134049,-0.278388936284023,-0.3010266968264165,-0.25575117574162953
Slovenia,nwspol_log,1.1563301226214073,-0.2782120289941048,-0.30084978953649827,-0.25557426845171133
Slovenia,nwspol_log,1.1842367891087666,-0.27803512170418654,-0.30067288224658,-0.25539736116179307
Slovenia,nwspol_log,1.212143455596125,-0.2778582144142683,-0.30049597495666175,-0.2552204538718748
Slovenia,nwspol_log,1.240050122083484,-0.27768130712435,-0.3003190676667435,-0.25504354658195655
Spain,netustm_log,-2.017651430380346,-0.019902332820813093,-0.0418881681250588,0.002083502483432618
Spain,netustm_log,-1.9934521454636227,-0.018861285783504392,-0.0408471210877501,0.003124549520741319
Spain,netustm_log,-1.9692528605468995,-0.017820238746195705,-0.03980607405044141,0.004165596558050006
Spain,netustm_log,-1.9450535756301763,-0.016779191708887004,-0.03876502701313271,0.005206643595358707
Spain,netustm_log,-1.920854290713453,-0.015738144671578302,-0.03772397997582401,0.006247690632667408
Spain,netustm_log,-1.8966550057967297,-0.014697097634269615,-0.03668293293851532,0.007288737669976095
Spain,netustm_log,-1.8724557208800066,-0.013656050596960914,-0.03564188590120662,0.008329784707284797
Spain,netustm_log,-1.8482564359632834,-0.012615003559652227,-0.034600838863897934,0.009370831744593484
Spain,netustm_log,-1.8240571510465602,-0.01157395652234354,-0.03355979182658925,0.010411878781902171
Spain,netustm_log,-1.799857866129837,-0.010532909485034839,-0.032518744789280546,0.011452925819210872
Spain,netustm_log,-1.7756585812131138,-0.009491862447726152,-0.03147769775197186,0.01249397285651956
Spain,netustm_log,-1.7514592962963906,-0.00845081541041745,-0.03043665071466316,0.01353501989382826
Spain,netustm_log,-1.7272600113796672,-0.007409768373108749,-0.02939560367735446,0.014576066931136961
Spain,netustm_log,-1.703060726462944,-0.006368721335800062,-0.028354556640045773,0.015617113968445649
Spain,netustm_log,-1.6788614415462209,-0.005327674298491375,-0.027313509602737086,0.016658161005754336
Spain,netustm_log,-1.6546621566294977,-0.004286627261182674,-0.026272462565428385,0.017699208043063037
Spain,netustm_log,-1.6304628717127745,-0.0032455802238739867,-0.025231415528119697,0.018740255080371724
Spain,netustm_log,-1.606263586796051,-0.0022045331865652856,-0.024190368490810996,0.019781302117680425
Spain,netustm_log,-1.5820643018793281,-0.0011634861492565984,-0.02314932145350231,0.020822349154989112
Spain,netustm_log,-1.5578650169626047,-0.00012243911194789736,-0.022108274416193608,0.021863396192297813
Spain,netustm_log,-1.5336657320458815,0.0009186079253608037,-0.021067227378884907,0.022904443229606514
Spain,netustm_log,-1.5094664471291583,0.001959654962669491,-0.02002618034157622,0.0239454902669152
Spain,netustm_log,-1.4852671622124352,0.003000701999978178,-0.018985133304267533,0.02498653730422389
Spain,netustm_log,-1.461067877295712,0.004041749037286879,-0.01794408626695883,0.02602758434153259
Spain,netustm_log,-1.4368685923789886,0.00508279607459558,-0.01690303922965013,0.02706863137884129
Spain,netustm_log,-1.4126693074622656,0.0061238431119042605,-0.01586199219234145,0.02810967841614997
Spain,netustm_log,-1.3884700225455422,0.007164890149212962,-0.014820945155032749,0.029150725453458672
Spain,netustm_log,-1.364270737628819,0.008205937186521656,-0.013779898117724055,0.030191772490767366
Spain,netustm_log,-1.3400714527120958,0.00924698422383035,-0.01273885108041536,0.03123281952807606
Spain,netustm_log,-1.3158721677953726,0.010288031261139044,-0.011697804043106667,0.03227386656538475
Spain,netustm_log,-1.2916728828786495,0.011329078298447738,-0.010656757005797973,0.03331491360269345
Spain,netustm_log,-1.267473597961926,0.01237012533575644,-0.009615709968489271,0.03435596064000215
Spain,netustm_log,-1.243274313045203,0.01341117237306512,-0.008574662931180591,0.03539700767731083
Spain,netustm_log,-1.2190750281284797,0.01445221941037382,-0.00753361589387189,0.03643805471461953
Spain,netustm_log,-1.1948757432117565,0.015493266447682515,-0.006492568856563196,0.03747910175192823
Spain,netustm_log,-1.1706764582950333,0.01653431348499121,-0.005451521819254502,0.038520148789236916
Spain,netustm_log,-1.1464771733783101,0.017575360522299903,-0.004410474781945808,0.03956119582654562
Spain,netustm_log,-1.122277888461587,0.018616407559608597,-0.0033694277446371136,0.040602242863854304
Spain,netustm_log,-1.0980786035448635,0.019657454596917298,-0.0023283807073284125,0.041643289901163005
Spain,netustm_log,-1.0738793186281406,0.02069850163422598,-0.0012873336700197323,0.04268433693847169
Spain,netustm_log,-1.0496800337114172,0.02173954867153468,-0.0002462866327110312,0.043725383975780394
Spain,netustm_log,-1.025480748794694,0.022780595708843374,0.0007947604045976629,0.04476643101308908
Spain,netustm_log,-1.0012814638779708,0.023821642746152068,0.001835807441906357,0.04580747805039778
Spain,netustm_log,-0.9770821789612476,0.024862689783460762,0.002876854479215051,0.04684852508770647
Spain,netustm_log,-0.9528828940445244,0.025903736820769456,0.003917901516523745,0.04788957212501517
Spain,netustm_log,-0.9286836091278012,0.026944783858078143,0.0049589485538324325,0.04893061916232386
Spain,netustm_log,-0.904484324211078,0.027985830895386837,0.005999995591141127,0.049971666199632545
Spain,netustm_log,-0.8802850392943546,0.02902687793269554,0.007041042628449828,0.051012713236941246
Spain,netustm_log,-0.8560857543776315,0.030067924970004233,0.008082089665758522,0.05205376027424995
Spain,netustm_log,-0.8318864694609083,0.031108972007312927,0.009123136703067216,0.053094807311558634
Spain,netustm_log,-0.8076871845441851,0.03215001904462162,0.01016418374037591,0.054135854348867335
Spain,netustm_log,-0.7834878996274619,0.033191066081930315,0.011205230777684604,0.05517690138617602
Spain,netustm_log,-0.7592886147107387,0.034232113119239,0.012246277814993291,0.05621794842348471
Spain,netustm_log,-0.7350893297940155,0.035273160156547696,0.013287324852301986,0.05725899546079341
Spain,netustm_log,-0.7108900448772921,0.036314207193856404,0.014328371889610694,0.05830004249810211
Spain,netustm_log,-0.6866907599605689,0.03735525423116509,0.01536941892691938,0.0593410895354108
Spain,netustm_log,-0.6624914750438458,0.038396301268473786,0.016410465964228075,0.0603821365727195
Spain,netustm_log,-0.6382921901271226,0.03943734830578248,0.01745151300153677,0.06142318361002819
Spain,netustm_log,-0.6140929052103994,0.04047839534309117,0.018492560038845456,0.062464230647336874
Spain,netustm_log,-0.5898936202936762,0.04151944238039987,0.019533607076154157,0.06350527768464558
Spain,netustm_log,-0.565694335376953,0.042560489417708555,0.020574654113462845,0.06454632472195426
Spain,netustm_log,-0.5414950504602296,0.043601536455017256,0.021615701150771546,0.06558737175926296
Spain,netustm_log,-0.5172957655435064,0.04464258349232596,0.022656748188080247,0.06662841879657166
Spain,netustm_log,-0.49309648062678324,0.045683630529634645,0.023697795225388934,0.06766946583388035
Spain,netustm_log,-0.46889719571006006,0.04672467756694334,0.024738842262697628,0.06871051287118905
Spain,netustm_log,-0.44469791079333687,0.04776572460425203,0.025779889300006322,0.06975155990849774
Spain,netustm_log,-0.4204986258766137,0.04880677164156072,0.02682093633731501,0.07079260694580643
Spain,netustm_log,-0.3962993409598905,0.04984781867886942,0.02786198337462371,0.07183365398311513
Spain,netustm_log,-0.3721000560431671,0.05088886571617812,0.02890303041193241,0.07287470102042383
Spain,netustm_log,-0.3479007711264439,0.05192991275348681,0.0299440774492411,0.07391574805773252
Spain,netustm_log,-0.3237014862097207,0.052970959790795503,0.030985124486549793,0.07495679509504122
Spain,netustm_log,-0.29950220129299754,0.0540120068281042,0.03202617152385849,0.0759978421323499
Spain,netustm_log,-0.27530291637627435,0.05505305386541289,0.03306721856116718,0.0770388891696586
Spain,netustm_log,-0.25110363145955117,0.056094100902721586,0.03410826559847588,0.0780799362069673
Spain,netustm_log,-0.22690434654282798,0.05713514794003027,0.035149312635784566,0.07912098324427598
Spain,netustm_log,-0.20270506162610458,0.058176194977338974,0.03619035967309327,0.08016203028158468
Spain,netustm_log,-0.1785057767093814,0.05921724201464767,0.037231406710401954,0.08120307731889338
Spain,netustm_log,-0.1543064917926582,0.06025828905195636,0.038272453747710655,0.08224412435620207
Spain,netustm_log,-0.13010720687593502,0.06129933608926506,0.03931350078501934,0.08328517139351077
Spain,netustm_log,-0.10590792195921184,0.06234038312657375,0.040354547822328043,0.08432621843081946
Spain,netustm_log,-0.08170863704248865,0.06338143016388244,0.04139559485963673,0.08536726546812815
Spain,netustm_log,-0.05750935212576547,0.06442247720119114,0.04243664189694543,0.08640831250543685
Spain,netustm_log,-0.03331006720904206,0.06546352423849984,0.04347768893425413,0.08744935954274555
Spain,netustm_log,-0.009110782292319097,0.06650457127580851,0.044518735971562806,0.08849040658005422
Spain,netustm_log,0.01508850262440431,0.06754561831311723,0.04555978300887152,0.08953145361736294
Spain,netustm_log,0.03928778754112727,0.0685866653504259,0.046600830046180194,0.09057250065467161
Spain,netustm_log,0.06348707245785068,0.0696277123877346,0.047641877083488895,0.09161354769198031
Spain,netustm_log,0.08768635737457409,0.0706687594250433,0.0486829241207976,0.09265459472928901
Spain,netustm_log,0.11188564229129705,0.07170980646235199,0.049723971158106284,0.0936956417665977
Spain,netustm_log,0.13608492720802046,0.07275085349966069,0.050765018195414985,0.0947366888039064
Spain,netustm_log,0.16028421212474342,0.07379190053696938,0.05180606523272367,0.09577773584121509
Spain,netustm_log,0.18448349704146683,0.07483294757427808,0.05284711227003237,0.09681878287852379
Spain,netustm_log,0.2086827819581898,0.07587399461158677,0.05388815930734106,0.09785982991583247
Spain,netustm_log,0.2328820668749132,0.07691504164889547,0.05492920634464976,0.09890087695314118
Spain,netustm_log,0.2570813517916366,0.07795608868620417,0.05597025338195846,0.09994192399044988
Spain,netustm_log,0.28128063670835957,0.07899713572351286,0.05701130041926715,0.10098297102775856
Spain,netustm_log,0.305479921625083,0.08003818276082156,0.05805234745657585,0.10202401806506727
Spain,netustm_log,0.32967920654180594,0.08107922979813023,0.059093394493884524,0.10306506510237594
Spain,netustm_log,0.35387849145852934,0.08212027683543895,0.06013444153119324,0.10410611213968465
Spain,netustm_log,0.3780777763752523,0.08316132387274762,0.06117548856850191,0.10514715917699333
Spain,netustm_log,0.4022770612919757,0.08420237091005633,0.06221653560581063,0.10618820621430204
Spain,netustm_log,0.4264763462086991,0.08524341794736504,0.06325758264311933,0.10722925325161074
Spain,netustm_log,0.4506756311254221,0.08628446498467371,0.064298629680428,0.10827030028891942
Spain,netustm_log,0.4748749160421455,0.08732551202198241,0.0653396767177367,0.10931134732622812
Spain,netustm_log,0.49907420095886845,0.0883665590592911,0.06638072375504539,0.1103523943635368
Spain,netustm_log,0.5232734858755919,0.0894076060965998,0.06742177079235409,0.1113934414008455
Spain,netustm_log,0.5474727707923148,0.09044865313390849,0.06846281782966278,0.11243448843815419
Spain,netustm_log,0.5716720557090382,0.09148970017121719,0.06950386486697148,0.1134755354754629
Spain,netustm_log,0.5958713406257616,0.09253074720852589,0.07054491190428018,0.1145165825127716
Spain,netustm_log,0.6200706255424846,0.09357179424583457,0.07158595894158887,0.11555762955008028
Spain,netustm_log,0.644269910459208,0.09461284128314328,0.07262700597889757,0.11659867658738898
Spain,netustm_log,0.668469195375931,0.09565388832045196,0.07366805301620626,0.11763972362469767
Spain,netustm_log,0.6926684802926544,0.09669493535776066,0.07470910005351496,0.11868077066200637
Spain,netustm_log,0.7168677652093773,0.09773598239506934,0.07575014709082363,0.11972181769931504
Spain,netustm_log,0.7410670501261007,0.09877702943237804,0.07679119412813233,0.12076286473662375
Spain,netustm_log,0.7652663350428242,0.09981807646968674,0.07783224116544103,0.12180391177393245
Spain,netustm_log,0.7894656199595471,0.10085912350699543,0.07887328820274972,0.12284495881124113
Spain,netustm_log,0.8136649048762705,0.10190017054430414,0.07991433524005843,0.12388600584854985
Spain,netustm_log,0.8378641897929935,0.10294121758161281,0.08095538227736711,0.12492705288585852
Spain,netustm_log,0.8620634747097169,0.10398226461892152,0.08199642931467581,0.12596809992316724
Spain,netustm_log,0.8862627596264399,0.1050233116562302,0.0830374763519845,0.1270091469604759
Spain,netustm_log,0.9104620445431633,0.1060643586935389,0.0840785233892932,0.1280501939977846
Spain,netustm_log,0.9346613294598867,0.1071054057308476,0.0851195704266019,0.1290912410350933
Spain,netustm_log,0.9588606143766096,0.10814645276815629,0.08616061746391059,0.130132288072402
Spain,netustm_log,0.983059899293333,0.109187499805465,0.08720166450121929,0.13117333510971071
Spain,netustm_log,1.007259184210056,0.11022854684277367,0.08824271153852796,0.1322143821470194
Spain,netustm_log,1.0314584691267794,0.11126959388008237,0.08928375857583666,0.1332554291843281
Spain,netustm_log,1.0556577540435024,0.11231064091739107,0.09032480561314536,0.1342964762216368
Spain,netustm_log,1.0798570389602258,0.11335168795469977,0.09136585265045406,0.1353375232589455
Spain,netustm_log,1.1040563238769492,0.11439273499200847,0.09240689968776276,0.1363785702962542
Spain,netustm_log,1.1282556087936721,0.11543378202931714,0.09344794672507144,0.13741961733356287
Spain,netustm_log,1.1524548937103956,0.11647482906662585,0.09448899376238014,0.13846066437087157
Spain,netustm_log,1.1766541786271185,0.11751587610393453,0.09553004079968883,0.13950171140818024
Spain,netustm_log,1.200853463543842,0.11855692314124323,0.09657108783699753,0.14054275844548894
Spain,netustm_log,1.2250527484605649,0.11959797017855192,0.09761213487430621,0.14158380548279764
Spain,netustm_log,1.2492520333772883,0.12063901721586062,0.09865318191161492,0.14262485252010634
Spain,netustm_log,1.2734513182940117,0.12168006425316932,0.09969422894892362,0.14366589955741504
Spain,netustm_log,1.2976506032107347,0.122721111290478,0.10073527598623229,0.14470694659472372
Spain,netustm_log,1.321849888127458,0.12376215832778671,0.101776323023541,0.14574799363203242
Spain,netustm_log,1.346049173044181,0.1248032053650954,0.10281737006084969,0.14678904066934112
Spain,netustm_log,1.3702484579609044,0.1258442524024041,0.10385841709815839,0.14783008770664982
Spain,netustm_log,1.3944477428776274,0.12688529943971277,0.10489946413546707,0.1488711347439585
Spain,netustm_log,1.4186470277943508,0.12792634647702147,0.10594051117277577,0.1499121817812672
Spain,netustm_log,1.4428463127110742,0.12896739351433018,0.10698155821008447,0.1509532288185759
Spain,netustm_log,1.4670455976277972,0.13000844055163885,0.10802260524739314,0.15199427585588457
Spain,netustm_log,1.4912448825445206,0.13104948758894758,0.10906365228470187,0.1530353228931933
Spain,netustm_log,1.5154441674612436,0.13209053462625625,0.11010469932201054,0.15407636993050197
Spain,netustm_log,1.539643452377967,0.13313158166356495,0.11114574635931924,0.15511741696781067
Spain,netustm_log,1.56384273729469,0.13417262870087365,0.11218679339662795,0.15615846400511937
Spain,netustm_log,1.588042022211413,0.13521367573818233,0.11322784043393662,0.15719951104242805
Spain,nwspol_log,-2.918043184533,-0.13052718193779664,-0.1486525725090375,-0.11240179136655579
Spain,nwspol_log,-2.890136518045641,-0.12855986854617896,-0.1466852591174198,-0.1104344779749381
Spain,nwspol_log,-2.862229851558282,-0.12659255515456125,-0.1447179457258021,-0.1084671645833204
Spain,nwspol_log,-2.834323185070923,-0.12462524176294354,-0.1427506323341844,-0.10649985119170269
Spain,nwspol_log,-2.806416518583564,-0.12265792837132586,-0.1407833189425667,-0.10453253780008501
Spain,nwspol_log,-2.7785098520962053,-0.12069061497970818,-0.13881600555094903,-0.10256522440846733
Spain,nwspol_log,-2.7506031856088464,-0.1187233015880905,-0.13684869215933135,-0.10059791101684964
Spain,nwspol_log,-2.722696519121487,-0.11675598819647279,-0.13488137876771364,-0.09863059762523194
Spain,nwspol_log,-2.6947898526341283,-0.11478867480485508,-0.13291406537609593,-0.09666328423361423
Spain,nwspol_log,-2.6668831861467694,-0.1128213614132374,-0.13094675198447825,-0.09469597084199655
Spain,nwspol_log,-2.63897651965941,-0.11085404802161969,-0.12897943859286054,-0.09272865745037884
Spain,nwspol_log,-2.6110698531720513,-0.10888673463000201,-0.12701212520124286,-0.09076134405876116
Spain,nwspol_log,-2.5831631866846925,-0.10691942123838433,-0.12504481180962518,-0.08879403066714348
Spain,nwspol_log,-2.5552565201973336,-0.10495210784676662,-0.12307749841800747,-0.08682671727552577
Spain,nwspol_log,-2.527349853709975,-0.10298479445514894,-0.12111018502638979,-0.08485940388390809
Spain,nwspol_log,-2.4994431872226155,-0.10101748106353123,-0.11914287163477208,-0.08289209049229038
Spain,nwspol_log,-2.4715365207352566,-0.09905016767191355,-0.1171755582431544,-0.0809247771006727
Spain,nwspol_log,-2.443629854247898,-0.09708285428029584,-0.11520824485153669,-0.07895746370905499
Spain,nwspol_log,-2.4157231877605385,-0.09511554088867813,-0.11324093145991898,-0.07699015031743728
Spain,nwspol_log,-2.3878165212731797,-0.09314822749706045,-0.1112736180683013,-0.0750228369258196
Spain,nwspol_log,-2.359909854785821,-0.09118091410544277,-0.10930630467668362,-0.07305552353420192
Spain,nwspol_log,-2.332003188298462,-0.08921360071382509,-0.10733899128506594,-0.07108821014258423
Spain,nwspol_log,-2.304096521811103,-0.08724628732220738,-0.10537167789344823,-0.06912089675096653
Spain,nwspol_log,-2.276189855323744,-0.08527897393058967,-0.10340436450183052,-0.06715358335934882
Spain,nwspol_log,-2.248283188836385,-0.08331166053897199,-0.10143705111021284,-0.06518626996773114
Spain,nwspol_log,-2.220376522349026,-0.0813443471473543,-0.09946973771859516,-0.06321895657611346
Spain,nwspol_log,-2.192469855861667,-0.07937703375573657,-0.09750242432697742,-0.06125164318449572
Spain,nwspol_log,-2.164563189374308,-0.07740972036411889,-0.09553511093535974,-0.05928432979287804
Spain,nwspol_log,-2.136656522886949,-0.07544240697250121,-0.09356779754374206,-0.05731701640126036
Spain,nwspol_log,-2.1087498563995903,-0.07347509358088353,-0.09160048415212438,-0.055349703009642676
Spain,nwspol_log,-2.0808431899122315,-0.07150778018926585,-0.0896331707605067,-0.053382389618024995
Spain,nwspol_log,-2.052936523424872,-0.06954046679764811,-0.08766585736888896,-0.05141507622640726
Spain,nwspol_log,-2.0250298569375134,-0.06757315340603043,-0.08569854397727128,-0.04944776283478958
Spain,nwspol_log,-1.9971231904501545,-0.06560584001441275,-0.0837312305856536,-0.047480449443171896
Spain,nwspol_log,-1.9692165239627955,-0.06363852662279504,-0.08176391719403589,-0.04551313605155419
Spain,nwspol_log,-1.9413098574754364,-0.06167121323117733,-0.07979660380241818,-0.04354582265993648
Spain,nwspol_log,-1.9134031909880775,-0.05970389983955965,-0.0778292904108005,-0.0415785092683188
Spain,nwspol_log,-1.8854965245007187,-0.05773658644794197,-0.07586197701918282,-0.039611195876701116
Spain,nwspol_log,-1.8575898580133596,-0.05576927305632426,-0.07389466362756511,-0.03764388248508341
Spain,nwspol_log,-1.8296831915260006,-0.05380195966470658,-0.07192735023594743,-0.035676569093465726
Spain,nwspol_log,-1.8017765250386417,-0.05183464627308887,-0.06996003684432972,-0.03370925570184802
Spain,nwspol_log,-1.7738698585512829,-0.04986733288147119,-0.06799272345271204,-0.03174194231023034
Spain,nwspol_log,-1.7459631920639238,-0.04790001948985349,-0.06602541006109434,-0.029774628918612645
Spain,nwspol_log,-1.7180565255765647,-0.045932706098235784,-0.06405809666947664,-0.027807315526994936
Spain,nwspol_log,-1.690149859089206,-0.0439653927066181,-0.062090783277858955,-0.025840002135377255
Spain,nwspol_log,-1.662243192601847,-0.04199807931500042,-0.060123469886241274,-0.023872688743759574
Spain,nwspol_log,-1.634336526114488,-0.04003076592338271,-0.058156156494623565,-0.021905375352141866
Spain,nwspol_log,-1.606429859627129,-0.03806345253176502,-0.05618884310300587,-0.01993806196052417
Spain,nwspol_log,-1.57852319313977,-0.036096139140147324,-0.054221529711388175,-0.017970748568906476
Spain,nwspol_log,-1.5506165266524112,-0.03412882574852964,-0.052254216319770494,-0.016003435177288795
Spain,nwspol_log,-1.5227098601650522,-0.032161512356911934,-0.050286902928152785,-0.014036121785671086
Spain,nwspol_log,-1.494803193677693,-0.03019419896529424,-0.04831958953653509,-0.012068808394053391
Spain,nwspol_log,-1.4668965271903343,-0.028226885573676544,-0.046352276144917395,-0.010101495002435696
Spain,nwspol_log,-1.4389898607029754,-0.026259572182058863,-0.044384962753299714,-0.008134181610818015
Spain,nwspol_log,-1.4110831942156163,-0.024292258790441168,-0.04241764936168202,-0.00616686821920032
Spain,nwspol_log,-1.3831765277282573,-0.02232494539882346,-0.04045033597006431,-0.004199554827582611
Spain,nwspol_log,-1.3552698612408984,-0.020357632007205778,-0.03848302257844663,-0.00223224143596493
Spain,nwspol_log,-1.3273631947535396,-0.018390318615588083,-0.036515709186828935,-0.0002649280443472353
Spain,nwspol_log,-1.2994565282661805,-0.01642300522397039,-0.03454839579521124,0.0017023853472704596
Spain,nwspol_log,-1.2715498617788215,-0.01445569183235268,-0.03258108240359353,0.0036696987388881684
Spain,nwspol_log,-1.2436431952914626,-0.012488378440734998,-0.030613769011975846,0.0056370121305058495
Spain,nwspol_log,-1.2157365288041038,-0.010521065049117317,-0.028646455620358165,0.0076043255221235305
Spain,nwspol_log,-1.1878298623167447,-0.008553751657499609,-0.026679142228740457,0.00957163891374124
Spain,nwspol_log,-1.1599231958293856,-0.006586438265881914,-0.02471182883712276,0.011538952305358934
Spain,nwspol_log,-1.1320165293420268,-0.004619124874264219,-0.022744515445505067,0.013506265696976629
Spain,nwspol_log,-1.104109862854668,-0.0026518114826465378,-0.020777202053887386,0.01547357908859431
Spain,nwspol_log,-1.0762031963673089,-0.000684498091028829,-0.018809888662269677,0.01744089248021202
Spain,nwspol_log,-1.0482965298799498,0.001282815300588866,-0.016842575270651982,0.019408205871829714
Spain,nwspol_log,-1.020389863392591,0.003250128692206561,-0.014875261879034287,0.02137551926344741
Spain,nwspol_log,-0.9924831969052321,0.005217442083824242,-0.012907948487416606,0.02334283265506509
Spain,nwspol_log,-0.9645765304178731,0.007184755475441951,-0.010940635095798897,0.0253101460466828
Spain,nwspol_log,-0.936669863930514,0.009152068867059646,-0.008973321704181202,0.027277459438300494
Spain,nwspol_log,-0.9087631974431551,0.011119382258677327,-0.007006008312563521,0.029244772829918175
Spain,nwspol_log,-0.8808565309557963,0.013086695650295022,-0.005038694920945826,0.03121208622153587
Spain,nwspol_log,-0.8529498644684375,0.015054009041912703,-0.0030713815293281453,0.033179399613153554
Spain,nwspol_log,-0.8250431979810782,0.017021322433530425,-0.0011040681377104226,0.03514671300477128
Spain,nwspol_log,-0.7971365314937193,0.018988635825148106,0.0008632452539072584,0.03711402639638896
Spain,nwspol_log,-0.7692298650063605,0.020955949216765794,0.0028305586455249464,0.03908133978800664
Spain,nwspol_log,-0.7413231985190012,0.02292326260838351,0.004797872037142662,0.04104865317962436
Spain,nwspol_log,-0.7134165320316423,0.024890576000001198,0.00676518542876035,0.04301596657124204
Spain,nwspol_log,-0.6855098655442835,0.026857889391618886,0.008732498820378038,0.04498327996285974
Spain,nwspol_log,-0.6576031990569247,0.028825202783236574,0.010699812211995726,0.04695059335447742
Spain,nwspol_log,-0.6296965325695658,0.030792516174854255,0.012667125603613407,0.0489179067460951
Spain,nwspol_log,-0.6017898660822065,0.03275982956647198,0.01463443899523113,0.05088522013771282
Spain,nwspol_log,-0.5738831995948477,0.03472714295808966,0.01660175238684881,0.0528525335293305
Spain,nwspol_log,-0.5459765331074888,0.03669445634970735,0.0185690657784665,0.0548198469209482
Spain,nwspol_log,-0.5180698666201295,0.03866176974132506,0.020536379170084215,0.05678716031256591
Spain,nwspol_log,-0.4901632001327707,0.04062908313294275,0.022503692561701902,0.0587544737041836
Spain,nwspol_log,-0.46225653364541186,0.04259639652456044,0.02447100595331959,0.06072178709580128
Spain,nwspol_log,-0.434349867158053,0.044563709916178126,0.02643831934493728,0.06268910048741898
Spain,nwspol_log,-0.40644320067069417,0.04653102330779581,0.02840563273655496,0.06465641387903666
Spain,nwspol_log,-0.3785365341833349,0.04849833669941353,0.030372946128172682,0.06662372727065438
Spain,nwspol_log,-0.35062986769597604,0.05046565009103121,0.03234025951979036,0.06859104066227206
Spain,nwspol_log,-0.3227232012086172,0.0524329634826489,0.034307572911408055,0.07055835405388974
Spain,nwspol_log,-0.2948165347212579,0.054400276874266615,0.03627488630302576,0.07252566744550747
Spain,nwspol_log,-0.26690986823389906,0.0563675902658843,0.03824219969464346,0.07449298083712515
Spain,nwspol_log,-0.23900320174654022,0.05833490365750199,0.04020951308626114,0.07646029422874284
Spain,nwspol_log,-0.21109653525918137,0.06030221704911968,0.042176826477878834,0.07842760762036052
Spain,nwspol_log,-0.18318986877182253,0.06226953044073737,0.044144139869496515,0.08039492101197822
Spain,nwspol_log,-0.15528320228446324,0.06423684383235508,0.046111453261114224,0.08236223440359593
Spain,nwspol_log,-0.1273765357971044,0.06620415722397277,0.04807876665273192,0.08432954779521362
Spain,nwspol_log,-0.09946986930974555,0.06817147061559045,0.0500460800443496,0.0862968611868313
Spain,nwspol_log,-0.07156320282238626,0.07013878400720817,0.05201339343596732,0.08826417457844903
Spain,nwspol_log,-0.04365653633502742,0.07210609739882586,0.053980706827585004,0.0902314879700667
Spain,nwspol_log,-0.015749869847668574,0.07407341079044354,0.055948020219202685,0.09219880136168439
Spain,nwspol_log,0.01215679663969027,0.07604072418206123,0.05791533361082038,0.09416611475330208
Spain,nwspol_log,0.040063463127049115,0.07800803757367891,0.05988264700243806,0.09613342814491976
Spain,nwspol_log,0.0679701296144084,0.07997535096529663,0.061849960394055783,0.09810074153653749
Spain,nwspol_log,0.09587679610176725,0.08194266435691432,0.06381727378567346,0.10006805492815517
Spain,nwspol_log,0.12378346258912609,0.08390997774853201,0.06578458717729116,0.10203536831977286
Spain,nwspol_log,0.15169012907648538,0.08587729114014972,0.06775190056890887,0.10400268171139057
Spain,nwspol_log,0.17959679556384422,0.08784460453176741,0.06971921396052656,0.10596999510300827
Spain,nwspol_log,0.20750346205120307,0.0898119179233851,0.07168652735214424,0.10793730849462595
Spain,nwspol_log,0.2354101285385619,0.09177923131500278,0.07365384074376193,0.10990462188624363
Spain,nwspol_log,0.26331679502592076,0.09374654470662047,0.07562115413537962,0.11187193527786132
Spain,nwspol_log,0.29122346151328005,0.09571385809823818,0.07758846752699733,0.11383924866947903
Spain,nwspol_log,0.3191301280006389,0.09768117148985588,0.07955578091861502,0.11580656206109673
Spain,nwspol_log,0.34703679448799774,0.09964848488147356,0.0815230943102327,0.11777387545271441
Spain,nwspol_log,0.374943460975357,0.10161579827309128,0.08349040770185043,0.11974118884433213
Spain,nwspol_log,0.40285012746271587,0.10358311166470896,0.08545772109346811,0.12170850223594981
Spain,nwspol_log,0.4307567939500747,0.10555042505632664,0.08742503448508579,0.12367581562756749
Spain,nwspol_log,0.45866346043743356,0.10751773844794434,0.08939234787670348,0.12564312901918517
Spain,nwspol_log,0.4865701269247924,0.10948505183956203,0.09135966126832118,0.12761044241080288
Spain,nwspol_log,0.5144767934121517,0.11145236523117974,0.09332697465993889,0.1295777558024206
Spain,nwspol_log,0.5423834598995105,0.11341967862279742,0.09529428805155657,0.13154506919403827
Spain,nwspol_log,0.5702901263868694,0.1153869920144151,0.09726160144317425,0.13351238258565595
Spain,nwspol_log,0.5981967928742287,0.11735430540603284,0.09922891483479199,0.1354796959772737
Spain,nwspol_log,0.6261034593615875,0.11932161879765052,0.10119622822640967,0.13744700936889137
Spain,nwspol_log,0.6540101258489464,0.1212889321892682,0.10316354161802735,0.13941432276050905
Spain,nwspol_log,0.6819167923363052,0.12325624558088588,0.10513085500964503,0.14138163615212673
Spain,nwspol_log,0.709823458823664,0.1252235589725036,0.10709816840126274,0.14334894954374444
Spain,nwspol_log,0.7377301253110233,0.1271908723641213,0.10906548179288045,0.14531626293536215
Spain,nwspol_log,0.7656367917983822,0.12915818575573898,0.11103279518449813,0.14728357632697983
Spain,nwspol_log,0.793543458285741,0.13112549914735666,0.11300010857611581,0.1492508897185975
Spain,nwspol_log,0.8214501247731003,0.13309281253897437,0.11496742196773352,0.15121820311021522
Spain,nwspol_log,0.8493567912604592,0.13506012593059208,0.11693473535935123,0.15318551650183293
Spain,nwspol_log,0.877263457747818,0.13702743932220976,0.11890204875096891,0.1551528298934506
Spain,nwspol_log,0.9051701242351768,0.13899475271382744,0.12086936214258659,0.1571201432850683
Spain,nwspol_log,0.9330767907225357,0.14096206610544512,0.12283667553420427,0.15908745667668597
Spain,nwspol_log,0.960983457209895,0.14292937949706286,0.12480398892582201,0.1610547700683037
Spain,nwspol_log,0.9888901236972538,0.1448966928886805,0.12677130231743966,0.16302208345992136
Spain,nwspol_log,1.0167967901846127,0.14686400628029822,0.12873861570905737,0.16498939685153907
Spain,nwspol_log,1.044703456671972,0.14883131967191593,0.13070592910067508,0.16695671024315678
Spain,nwspol_log,1.0726101231593308,0.15079863306353364,0.1326732424922928,0.1689240236347745
Spain,nwspol_log,1.1005167896466896,0.1527659464551513,0.13464055588391044,0.17089133702639214
Spain,nwspol_log,1.128423456134049,0.15473325984676903,0.13660786927552818,0.17285865041800988
Spain,nwspol_log,1.1563301226214073,0.15670057323838668,0.13857518266714583,0.17482596380962753
Spain,nwspol_log,1.1842367891087666,0.1586678866300044,0.14054249605876354,0.17679327720124524
Spain,nwspol_log,1.212143455596125,0.16063520002162207,0.14250980945038122,0.17876059059286292
Spain,nwspol_log,1.240050122083484,0.16260251341323975,0.1444771228419989,0.1807279039844806
Sweden,netustm_log,-2.017651430380346,0.08163768917718295,0.05920317622845929,0.10407220212590661
Sweden,netustm_log,-1.9934521454636227,0.08220063180337185,0.05976611885464819,0.10463514475209551
Sweden,netustm_log,-1.9692528605468995,0.08276357442956075,0.060329061480837096,0.10519808737828441
Sweden,netustm_log,-1.9450535756301763,0.08332651705574964,0.060892004107025985,0.1057610300044733
Sweden,netustm_log,-1.920854290713453,0.08388945968193856,0.0614549467332149,0.10632397263066222
Sweden,netustm_log,-1.8966550057967297,0.08445240230812745,0.06201788935940379,0.10688691525685111
Sweden,netustm_log,-1.8724557208800066,0.08501534493431635,0.0625808319855927,0.10744985788304001
Sweden,netustm_log,-1.8482564359632834,0.08557828756050526,0.0631437746117816,0.10801280050922892
Sweden,netustm_log,-1.8240571510465602,0.08614123018669415,0.06370671723797049,0.1085757431354178
Sweden,netustm_log,-1.799857866129837,0.08670417281288306,0.0642696598641594,0.10913868576160672
Sweden,netustm_log,-1.7756585812131138,0.08726711543907195,0.06483260249034829,0.10970162838779561
Sweden,netustm_log,-1.7514592962963906,0.08783005806526085,0.0653955451165372,0.11026457101398451
Sweden,netustm_log,-1.7272600113796672,0.08839300069144976,0.0659584877427261,0.11082751364017342
Sweden,netustm_log,-1.703060726462944,0.08895594331763866,0.066521430368915,0.11139045626636232
Sweden,netustm_log,-1.6788614415462209,0.08951888594382756,0.0670843729951039,0.11195339889255122
Sweden,netustm_log,-1.6546621566294977,0.09008182857001645,0.0676473156212928,0.11251634151874011
Sweden,netustm_log,-1.6304628717127745,0.09064477119620537,0.06821025824748171,0.11307928414492903
Sweden,netustm_log,-1.606263586796051,0.09120771382239426,0.0687732008736706,0.11364222677111792
Sweden,netustm_log,-1.5820643018793281,0.09177065644858316,0.0693361434998595,0.11420516939730682
Sweden,netustm_log,-1.5578650169626047,0.09233359907477207,0.06989908612604841,0.11476811202349572
Sweden,netustm_log,-1.5336657320458815,0.09289654170096097,0.07046202875223731,0.11533105464968463
Sweden,netustm_log,-1.5094664471291583,0.09345948432714987,0.07102497137842621,0.11589399727587353
Sweden,netustm_log,-1.4852671622124352,0.09402242695333876,0.0715879140046151,0.11645693990206242
Sweden,netustm_log,-1.461067877295712,0.09458536957952768,0.07215085663080402,0.11701988252825134
Sweden,netustm_log,-1.4368685923789886,0.09514831220571657,0.07271379925699291,0.11758282515444023
Sweden,netustm_log,-1.4126693074622656,0.09571125483190547,0.07327674188318181,0.11814576778062913
Sweden,netustm_log,-1.3884700225455422,0.09627419745809437,0.07383968450937071,0.11870871040681803
Sweden,netustm_log,-1.364270737628819,0.09683714008428328,0.07440262713555962,0.11927165303300694
Sweden,netustm_log,-1.3400714527120958,0.09740008271047218,0.07496556976174852,0.11983459565919584
Sweden,netustm_log,-1.3158721677953726,0.09796302533666108,0.07552851238793742,0.12039753828538474
Sweden,netustm_log,-1.2916728828786495,0.09852596796284999,0.07609145501412633,0.12096048091157365
Sweden,netustm_log,-1.267473597961926,0.09908891058903889,0.07665439764031523,0.12152342353776255
Sweden,netustm_log,-1.243274313045203,0.09965185321522778,0.07721734026650412,0.12208636616395144
Sweden,netustm_log,-1.2190750281284797,0.10021479584141668,0.07778028289269302,0.12264930879014034
Sweden,netustm_log,-1.1948757432117565,0.10077773846760558,0.07834322551888193,0.12321225141632924
Sweden,netustm_log,-1.1706764582950333,0.10134068109379449,0.07890616814507083,0.12377519404251815
Sweden,netustm_log,-1.1464771733783101,0.10190362371998339,0.07946911077125973,0.12433813666870705
Sweden,netustm_log,-1.122277888461587,0.1024665663461723,0.08003205339744864,0.12490107929489595
Sweden,netustm_log,-1.0980786035448635,0.1030295089723612,0.08059499602363754,0.12546402192108486
Sweden,netustm_log,-1.0738793186281406,0.10359245159855009,0.08115793864982643,0.12602696454727375
Sweden,netustm_log,-1.0496800337114172,0.10415539422473899,0.08172088127601533,0.12658990717346266
Sweden,netustm_log,-1.025480748794694,0.10471833685092789,0.08228382390220423,0.12715284979965155
Sweden,netustm_log,-1.0012814638779708,0.1052812794771168,0.08284676652839314,0.12771579242584047
Sweden,netustm_log,-0.9770821789612476,0.1058442221033057,0.08340970915458204,0.12827873505202936
Sweden,netustm_log,-0.9528828940445244,0.1064071647294946,0.08397265178077094,0.12884167767821827
Sweden,netustm_log,-0.9286836091278012,0.10697010735568349,0.08453559440695983,0.12940462030440716
Sweden,netustm_log,-0.904484324211078,0.1075330499818724,0.08509853703314874,0.12996756293059605
Sweden,netustm_log,-0.8802850392943546,0.1080959926080613,0.08566147965933764,0.13053050555678497
Sweden,netustm_log,-0.8560857543776315,0.1086589352342502,0.08622442228552654,0.13109344818297386
Sweden,netustm_log,-0.8318864694609083,0.1092218778604391,0.08678736491171544,0.13165639080916278
Sweden,netustm_log,-0.8076871845441851,0.109784820486628,0.08735030753790433,0.13221933343535167
Sweden,netustm_log,-0.7834878996274619,0.11034776311281691,0.08791325016409325,0.13278227606154058
Sweden,netustm_log,-0.7592886147107387,0.1109107057390058,0.08847619279028214,0.13334521868772947
Sweden,netustm_log,-0.7350893297940155,0.1114736483651947,0.08903913541647104,0.13390816131391836
Sweden,netustm_log,-0.7108900448772921,0.1120365909913836,0.08960207804265995,0.13447110394010728
Sweden,netustm_log,-0.6866907599605689,0.11259953361757251,0.09016502066884885,0.13503404656629617
Sweden,netustm_log,-0.6624914750438458,0.11316247624376141,0.09072796329503775,0.13559698919248508
Sweden,netustm_log,-0.6382921901271226,0.11372541886995031,0.09129090592122666,0.13615993181867397
Sweden,netustm_log,-0.6140929052103994,0.1142883614961392,0.09185384854741555,0.13672287444486286
Sweden,netustm_log,-0.5898936202936762,0.11485130412232811,0.09241679117360445,0.13728581707105178
Sweden,netustm_log,-0.565694335376953,0.11541424674851701,0.09297973379979335,0.13784875969724067
Sweden,netustm_log,-0.5414950504602296,0.11597718937470591,0.09354267642598225,0.1384117023234296
Sweden,netustm_log,-0.5172957655435064,0.11654013200089482,0.09410561905217116,0.13897464494961848
Sweden,netustm_log,-0.49309648062678324,0.11710307462708372,0.09466856167836006,0.1395375875758074
Sweden,netustm_log,-0.46889719571006006,0.11766601725327262,0.09523150430454896,0.14010053020199628
Sweden,netustm_log,-0.44469791079333687,0.11822895987946151,0.09579444693073785,0.14066347282818517
Sweden,netustm_log,-0.4204986258766137,0.11879190250565042,0.09635738955692676,0.1412264154543741
Sweden,netustm_log,-0.3962993409598905,0.11935484513183932,0.09692033218311566,0.14178935808056298
Sweden,netustm_log,-0.3721000560431671,0.11991778775802822,0.09748327480930456,0.1423523007067519
Sweden,netustm_log,-0.3479007711264439,0.12048073038421712,0.09804621743549347,0.14291524333294078
Sweden,netustm_log,-0.3237014862097207,0.12104367301040603,0.09860916006168237,0.1434781859591297
Sweden,netustm_log,-0.29950220129299754,0.12160661563659493,0.09917210268787127,0.1440411285853186
Sweden,netustm_log,-0.27530291637627435,0.12216955826278382,0.09973504531406016,0.14460407121150748
Sweden,netustm_log,-0.25110363145955117,0.12273250088897272,0.10029798794024906,0.1451670138376964
Sweden,netustm_log,-0.22690434654282798,0.12329544351516163,0.10086093056643797,0.14572995646388529
Sweden,netustm_log,-0.20270506162610458,0.12385838614135053,0.10142387319262687,0.1462928990900742
Sweden,netustm_log,-0.1785057767093814,0.12442132876753943,0.10198681581881577,0.1468558417162631
Sweden,netustm_log,-0.1543064917926582,0.12498427139372834,0.10254975844500468,0.147418784342452
Sweden,netustm_log,-0.13010720687593502,0.12554721401991722,0.10311270107119357,0.1479817269686409
Sweden,netustm_log,-0.10590792195921184,0.12611015664610614,0.10367564369738248,0.14854466959482981
Sweden,netustm_log,-0.08170863704248865,0.12667309927229503,0.10423858632357137,0.1491076122210187
Sweden,netustm_log,-0.05750935212576547,0.12723604189848392,0.10480152894976026,0.1496705548472076
Sweden,netustm_log,-0.03331006720904206,0.12779898452467284,0.10536447157594918,0.1502334974733965
Sweden,netustm_log,-0.009110782292319097,0.12836192715086173,0.10592741420213807,0.1507964400995854
Sweden,netustm_log,0.01508850262440431,0.12892486977705064,0.10649035682832698,0.15135938272577432
Sweden,netustm_log,0.03928778754112727,0.12948781240323953,0.10705329945451587,0.1519223253519632
Sweden,netustm_log,0.06348707245785068,0.13005075502942845,0.10761624208070479,0.15248526797815212
Sweden,netustm_log,0.08768635737457409,0.13061369765561734,0.10817918470689368,0.153048210604341
Sweden,netustm_log,0.11188564229129705,0.13117664028180623,0.10874212733308257,0.1536111532305299
Sweden,netustm_log,0.13608492720802046,0.13173958290799515,0.10930506995927149,0.15417409585671882
Sweden,netustm_log,0.16028421212474342,0.13230252553418403,0.10986801258546038,0.1547370384829077
Sweden,netustm_log,0.18448349704146683,0.13286546816037295,0.11043095521164929,0.15529998110909662
Sweden,netustm_log,0.2086827819581898,0.13342841078656184,0.11099389783783818,0.1558629237352855
Sweden,netustm_log,0.2328820668749132,0.13399135341275076,0.1115568404640271,0.15642586636147443
Sweden,netustm_log,0.2570813517916366,0.13455429603893965,0.11211978309021599,0.15698880898766332
Sweden,netustm_log,0.28128063670835957,0.13511723866512854,0.11268272571640488,0.1575517516138522
Sweden,netustm_log,0.305479921625083,0.13568018129131745,0.1132456683425938,0.15811469424004113
Sweden,netustm_log,0.32967920654180594,0.13624312391750634,0.11380861096878268,0.15867763686623002
Sweden,netustm_log,0.35387849145852934,0.13680606654369526,0.1143715535949716,0.15924057949241893
Sweden,netustm_log,0.3780777763752523,0.13736900916988415,0.11493449622116049,0.15980352211860782
Sweden,netustm_log,0.4022770612919757,0.13793195179607307,0.1154974388473494,0.16036646474479674
Sweden,netustm_log,0.4264763462086991,0.13849489442226195,0.1160603814735383,0.16092940737098563
Sweden,netustm_log,0.4506756311254221,0.13905783704845084,0.11662332409972719,0.16149234999717452
Sweden,netustm_log,0.4748749160421455,0.13962077967463976,0.1171862667259161,0.16205529262336343
Sweden,netustm_log,0.49907420095886845,0.14018372230082865,0.11774920935210499,0.16261823524955232
Sweden,netustm_log,0.5232734858755919,0.14074666492701757,0.11831215197829391,0.16318117787574124
Sweden,netustm_log,0.5474727707923148,0.14130960755320646,0.1188750946044828,0.16374412050193013
Sweden,netustm_log,0.5716720557090382,0.14187255017939537,0.11943803723067171,0.16430706312811905
Sweden,netustm_log,0.5958713406257616,0.14243549280558426,0.1200009798568606,0.16487000575430794
Sweden,netustm_log,0.6200706255424846,0.14299843543177315,0.1205639224830495,0.16543294838049682
Sweden,netustm_log,0.644269910459208,0.14356137805796207,0.12112686510923841,0.16599589100668574
Sweden,netustm_log,0.668469195375931,0.14412432068415096,0.1216898077354273,0.16655883363287463
Sweden,netustm_log,0.6926684802926544,0.14468726331033988,0.12225275036161622,0.16712177625906355
Sweden,netustm_log,0.7168677652093773,0.14525020593652876,0.1228156929878051,0.16768471888525244
Sweden,netustm_log,0.7410670501261007,0.14581314856271768,0.12337863561399402,0.16824766151144135
Sweden,netustm_log,0.7652663350428242,0.14637609118890657,0.12394157824018291,0.16881060413763024
Sweden,netustm_log,0.7894656199595471,0.14693903381509546,0.1245045208663718,0.16937354676381913
Sweden,netustm_log,0.8136649048762705,0.14750197644128438,0.1250674634925607,0.16993648939000805
Sweden,netustm_log,0.8378641897929935,0.14806491906747327,0.1256304061187496,0.17049943201619694
Sweden,netustm_log,0.8620634747097169,0.14862786169366218,0.1261933487449385,0.17106237464238586
Sweden,netustm_log,0.8862627596264399,0.14919080431985107,0.1267562913711274,0.17162531726857475
Sweden,netustm_log,0.9104620445431633,0.14975374694604,0.12731923399731632,0.17218825989476366
Sweden,netustm_log,0.9346613294598867,0.15031668957222888,0.1278821766235052,0.17275120252095255
Sweden,netustm_log,0.9588606143766096,0.15087963219841777,0.1284451192496941,0.17331414514714144
Sweden,netustm_log,0.983059899293333,0.15144257482460668,0.129008061875883,0.17387708777333036
Sweden,netustm_log,1.007259184210056,0.15200551745079557,0.1295710045020719,0.17444003039951925
Sweden,netustm_log,1.0314584691267794,0.1525684600769845,0.13013394712826082,0.17500297302570816
Sweden,netustm_log,1.0556577540435024,0.15313140270317338,0.1306968897544497,0.17556591565189705
Sweden,netustm_log,1.0798570389602258,0.1536943453293623,0.13125983238063862,0.17612885827808597
Sweden,netustm_log,1.1040563238769492,0.1542572879555512,0.13182277500682751,0.17669180090427486
Sweden,netustm_log,1.1282556087936721,0.15482023058174008,0.1323857176330164,0.17725474353046375
Sweden,netustm_log,1.1524548937103956,0.155383173207929,0.13294866025920532,0.17781768615665267
Sweden,netustm_log,1.1766541786271185,0.15594611583411788,0.1335116028853942,0.17838062878284155
Sweden,netustm_log,1.200853463543842,0.1565090584603068,0.13407454551158313,0.17894357140903047
Sweden,netustm_log,1.2250527484605649,0.1570720010864957,0.13463748813777202,0.17950651403521936
Sweden,netustm_log,1.2492520333772883,0.1576349437126846,0.13520043076396093,0.18006945666140828
Sweden,netustm_log,1.2734513182940117,0.1581978863388735,0.13576337339014982,0.18063239928759717
Sweden,netustm_log,1.2976506032107347,0.15876082896506238,0.1363263160163387,0.18119534191378606
Sweden,netustm_log,1.321849888127458,0.1593237715912513,0.13688925864252763,0.18175828453997497
Sweden,netustm_log,1.346049173044181,0.1598867142174402,0.13745220126871652,0.18232122716616386
Sweden,netustm_log,1.3702484579609044,0.1604496568436291,0.13801514389490543,0.18288416979235278
Sweden,netustm_log,1.3944477428776274,0.161012599469818,0.13857808652109432,0.18344711241854167
Sweden,netustm_log,1.4186470277943508,0.16157554209600689,0.1391410291472832,0.18401005504473056
Sweden,netustm_log,1.4428463127110742,0.1621384847221958,0.13970397177347213,0.18457299767091948
Sweden,netustm_log,1.4670455976277972,0.16270142734838472,0.14026691439966105,0.1851359402971084
Sweden,netustm_log,1.4912448825445206,0.1632643699745736,0.14082985702584994,0.18569888292329728
Sweden,netustm_log,1.5154441674612436,0.1638273126007625,0.14139279965203883,0.18626182554948617
Sweden,netustm_log,1.539643452377967,0.16439025522695142,0.14195574227822774,0.1868247681756751
Sweden,netustm_log,1.56384273729469,0.1649531978531403,0.14251868490441663,0.18738771080186398
Sweden,netustm_log,1.588042022211413,0.16551614047932922,0.14308162753060555,0.1879506534280529
Sweden,nwspol_log,-2.918043184533,0.06139046058652543,0.03391017304319781,0.08887074812985306
Sweden,nwspol_log,-2.890136518045641,0.06203372637677855,0.034553438833450925,0.08951401392010618
Sweden,nwspol_log,-2.862229851558282,0.06267699216703168,0.035196704623704056,0.0901572797103593
Sweden,nwspol_log,-2.834323185070923,0.0633202579572848,0.03583997041395717,0.09080054550061242
Sweden,nwspol_log,-2.806416518583564,0.06396352374753791,0.03648323620421029,0.09144381129086554
Sweden,nwspol_log,-2.7785098520962053,0.06460678953779105,0.03712650199446342,0.09208707708111867
Sweden,nwspol_log,-2.7506031856088464,0.06525005532804416,0.03776976778471654,0.09273034287137179
Sweden,nwspol_log,-2.722696519121487,0.0658933211182973,0.03841303357496967,0.09337360866162492
Sweden,nwspol_log,-2.6947898526341283,0.06653658690855041,0.039056299365222785,0.09401687445187804
Sweden,nwspol_log,-2.6668831861467694,0.06717985269880353,0.0396995651554759,0.09466014024213115
Sweden,nwspol_log,-2.63897651965941,0.06782311848905667,0.04034283094572905,0.0953034060323843
Sweden,nwspol_log,-2.6110698531720513,0.06846638427930979,0.040986096735982164,0.09594667182263741
Sweden,nwspol_log,-2.5831631866846925,0.0691096500695629,0.04162936252623528,0.09658993761289053
Sweden,nwspol_log,-2.5552565201973336,0.06975291585981602,0.0422726283164884,0.09723320340314365
Sweden,nwspol_log,-2.527349853709975,0.07039618165006914,0.042915894106741515,0.09787646919339676
Sweden,nwspol_log,-2.4994431872226155,0.07103944744032227,0.043559159896994645,0.0985197349836499
Sweden,nwspol_log,-2.4715365207352566,0.0716827132305754,0.044202425687247776,0.09916300077390303
Sweden,nwspol_log,-2.443629854247898,0.07232597902082852,0.04484569147750089,0.09980626656415614
Sweden,nwspol_log,-2.4157231877605385,0.07296924481108163,0.04548895726775401,0.10044953235440926
Sweden,nwspol_log,-2.3878165212731797,0.07361251060133477,0.04613222305800714,0.10109279814466239
Sweden,nwspol_log,-2.359909854785821,0.07425577639158788,0.04677548884826026,0.10173606393491551
Sweden,nwspol_log,-2.332003188298462,0.07489904218184101,0.04741875463851339,0.10237932972516864
Sweden,nwspol_log,-2.304096521811103,0.07554230797209413,0.048062020428766505,0.10302259551542176
Sweden,nwspol_log,-2.276189855323744,0.07618557376234725,0.04870528621901962,0.10366586130567487
Sweden,nwspol_log,-2.248283188836385,0.07682883955260036,0.04934855200927274,0.10430912709592799
Sweden,nwspol_log,-2.220376522349026,0.0774721053428535,0.04999181779952587,0.10495239288618112
Sweden,nwspol_log,-2.192469855861667,0.07811537113310663,0.050635083589779,0.10559565867643425
Sweden,nwspol_log,-2.164563189374308,0.07875863692335974,0.05127834938003212,0.10623892446668737
Sweden,nwspol_log,-2.136656522886949,0.07940190271361286,0.051921615170285235,0.10688219025694048
Sweden,nwspol_log,-2.1087498563995903,0.08004516850386598,0.05256488096053835,0.1075254560471936
Sweden,nwspol_log,-2.0808431899122315,0.08068843429411911,0.05320814675079148,0.10816872183744673
Sweden,nwspol_log,-2.052936523424872,0.08133170008437224,0.05385141254104461,0.10881198762769986
Sweden,nwspol_log,-2.0250298569375134,0.08197496587462536,0.05449467833129773,0.10945525341795298
Sweden,nwspol_log,-1.9971231904501545,0.08261823166487847,0.05513794412155085,0.1100985192082061
Sweden,nwspol_log,-1.9692165239627955,0.0832614974551316,0.05578120991180398,0.11074178499845923
Sweden,nwspol_log,-1.9413098574754364,0.08390476324538473,0.05642447570205711,0.11138505078871236
Sweden,nwspol_log,-1.9134031909880775,0.08454802903563785,0.057067741492310226,0.11202831657896548
Sweden,nwspol_log,-1.8854965245007187,0.08519129482589097,0.05771100728256334,0.11267158236921859
Sweden,nwspol_log,-1.8575898580133596,0.08583456061614408,0.05835427307281646,0.11331484815947171
Sweden,nwspol_log,-1.8296831915260006,0.08647782640639722,0.05899753886306959,0.11395811394972484
Sweden,nwspol_log,-1.8017765250386417,0.08712109219665035,0.05964080465332272,0.11460137973997797
Sweden,nwspol_log,-1.7738698585512829,0.08776435798690346,0.06028407044357584,0.11524464553023109
Sweden,nwspol_log,-1.7459631920639238,0.08840762377715658,0.060927336233828955,0.1158879113204842
Sweden,nwspol_log,-1.7180565255765647,0.08905088956740971,0.061570602024082086,0.11653117711073734
Sweden,nwspol_log,-1.690149859089206,0.08969415535766283,0.0622138678143352,0.11717444290099045
Sweden,nwspol_log,-1.662243192601847,0.09033742114791594,0.06285713360458832,0.11781770869124357
Sweden,nwspol_log,-1.634336526114488,0.09098068693816908,0.06350039939484145,0.1184609744814967
Sweden,nwspol_log,-1.606429859627129,0.09162395272842219,0.06414366518509457,0.11910424027174982
Sweden,nwspol_log,-1.57852319313977,0.09226721851867531,0.06478693097534768,0.11974750606200293
Sweden,nwspol_log,-1.5506165266524112,0.09291048430892844,0.06543019676560081,0.12039077185225606
Sweden,nwspol_log,-1.5227098601650522,0.09355375009918157,0.06607346255585395,0.1210340376425092
Sweden,nwspol_log,-1.494803193677693,0.09419701588943469,0.06671672834610706,0.12167730343276231
Sweden,nwspol_log,-1.4668965271903343,0.0948402816796878,0.06735999413636018,0.12232056922301543
Sweden,nwspol_log,-1.4389898607029754,0.09548354746994092,0.0680032599266133,0.12296383501326855
Sweden,nwspol_log,-1.4110831942156163,0.09612681326019405,0.06864652571686643,0.12360710080352168
Sweden,nwspol_log,-1.3831765277282573,0.09677007905044718,0.06928979150711956,0.12425036659377481
Sweden,nwspol_log,-1.3552698612408984,0.0974133448407003,0.06993305729737267,0.12489363238402792
Sweden,nwspol_log,-1.3273631947535396,0.09805661063095342,0.07057632308762579,0.12553689817428104
Sweden,nwspol_log,-1.2994565282661805,0.09869987642120655,0.07121958887787892,0.1261801639645342
Sweden,nwspol_log,-1.2715498617788215,0.09934314221145966,0.07186285466813204,0.1268234297547873
Sweden,nwspol_log,-1.2436431952914626,0.0999864080017128,0.07250612045838517,0.12746669554504042
Sweden,nwspol_log,-1.2157365288041038,0.10062967379196591,0.07314938624863829,0.12810996133529354
Sweden,nwspol_log,-1.1878298623167447,0.10127293958221903,0.0737926520388914,0.12875322712554665
Sweden,nwspol_log,-1.1599231958293856,0.10191620537247216,0.07443591782914454,0.1293964929157998
Sweden,nwspol_log,-1.1320165293420268,0.10255947116272528,0.07507918361939765,0.13003975870605292
Sweden,nwspol_log,-1.104109862854668,0.10320273695297841,0.07572244940965078,0.13068302449630603
Sweden,nwspol_log,-1.0762031963673089,0.10384600274323152,0.0763657151999039,0.13132629028655915
Sweden,nwspol_log,-1.0482965298799498,0.10448926853348466,0.07700898099015703,0.1319695560768123
Sweden,nwspol_log,-1.020389863392591,0.10513253432373777,0.07765224678041015,0.1326128218670654
Sweden,nwspol_log,-0.9924831969052321,0.10577580011399089,0.07829551257066326,0.13325608765731853
Sweden,nwspol_log,-0.9645765304178731,0.10641906590424402,0.0789387783609164,0.13389935344757165
Sweden,nwspol_log,-0.936669863930514,0.10706233169449714,0.07958204415116951,0.13454261923782476
Sweden,nwspol_log,-0.9087631974431551,0.10770559748475025,0.08022530994142263,0.13518588502807788
Sweden,nwspol_log,-0.8808565309557963,0.10834886327500338,0.08086857573167576,0.13582915081833102
Sweden,nwspol_log,-0.8529498644684375,0.1089921290652565,0.08151184152192888,0.13647241660858414
Sweden,nwspol_log,-0.8250431979810782,0.10963539485550963,0.08215510731218201,0.13711568239883726
Sweden,nwspol_log,-0.7971365314937193,0.11027866064576275,0.08279837310243512,0.13775894818909037
Sweden,nwspol_log,-0.7692298650063605,0.11092192643601587,0.08344163889268824,0.1384022139793435
Sweden,nwspol_log,-0.7413231985190012,0.11156519222626901,0.08408490468294139,0.13904547976959664
Sweden,nwspol_log,-0.7134165320316423,0.11220845801652213,0.0847281704731945,0.13968874555984975
Sweden,nwspol_log,-0.6855098655442835,0.11285172380677524,0.08537143626344762,0.14033201135010287
Sweden,nwspol_log,-0.6576031990569247,0.11349498959702836,0.08601470205370074,0.140975277140356
Sweden,nwspol_log,-0.6296965325695658,0.11413825538728148,0.08665796784395385,0.1416185429306091
Sweden,nwspol_log,-0.6017898660822065,0.11478152117753461,0.08730123363420698,0.14226180872086225
Sweden,nwspol_log,-0.5738831995948477,0.11542478696778774,0.08794449942446012,0.14290507451111537
Sweden,nwspol_log,-0.5459765331074888,0.11606805275804086,0.08858776521471323,0.14354834030136848
Sweden,nwspol_log,-0.5180698666201295,0.11671131854829399,0.08923103100496636,0.14419160609162163
Sweden,nwspol_log,-0.4901632001327707,0.1173545843385471,0.08987429679521948,0.14483487188187474
Sweden,nwspol_log,-0.46225653364541186,0.11799785012880022,0.0905175625854726,0.14547813767212786
Sweden,nwspol_log,-0.434349867158053,0.11864111591905334,0.09116082837572571,0.14612140346238098
Sweden,nwspol_log,-0.40644320067069417,0.11928438170930647,0.09180409416597884,0.1467646692526341
Sweden,nwspol_log,-0.3785365341833349,0.1199276474995596,0.09244735995623198,0.14740793504288724
Sweden,nwspol_log,-0.35062986769597604,0.12057091328981272,0.09309062574648509,0.14805120083314036
Sweden,nwspol_log,-0.3227232012086172,0.12121417908006583,0.09373389153673821,0.14869446662339347
Sweden,nwspol_log,-0.2948165347212579,0.12185744487031896,0.09437715732699134,0.1493377324136466
Sweden,nwspol_log,-0.26690986823389906,0.12250071066057208,0.09502042311724446,0.1499809982038997
Sweden,nwspol_log,-0.23900320174654022,0.1231439764508252,0.09566368890749757,0.15062426399415282
Sweden,nwspol_log,-0.21109653525918137,0.12378724224107833,0.0963069546977507,0.15126752978440597
Sweden,nwspol_log,-0.18318986877182253,0.12443050803133145,0.09695022048800382,0.15191079557465909
Sweden,nwspol_log,-0.15528320228446324,0.12507377382158458,0.09759348627825695,0.1525540613649122
Sweden,nwspol_log,-0.1273765357971044,0.1257170396118377,0.09823675206851007,0.15319732715516532
Sweden,nwspol_log,-0.09946986930974555,0.1263603054020908,0.09888001785876319,0.15384059294541844
Sweden,nwspol_log,-0.07156320282238626,0.12700357119234396,0.09952328364901633,0.15448385873567158
Sweden,nwspol_log,-0.04365653633502742,0.12764683698259707,0.10016654943926945,0.1551271245259247
Sweden,nwspol_log,-0.015749869847668574,0.1282901027728502,0.10080981522952256,0.15577039031617781
Sweden,nwspol_log,0.01215679663969027,0.1289333685631033,0.10145308101977568,0.15641365610643093
Sweden,nwspol_log,0.040063463127049115,0.12957663435335642,0.1020963468100288,0.15705692189668405
Sweden,nwspol_log,0.0679701296144084,0.13021990014360957,0.10273961260028194,0.1577001876869372
Sweden,nwspol_log,0.09587679610176725,0.13086316593386269,0.10338287839053506,0.1583434534771903
Sweden,nwspol_log,0.12378346258912609,0.1315064317241158,0.10402614418078818,0.15898671926744343
Sweden,nwspol_log,0.15169012907648538,0.13214969751436892,0.1046694099710413,0.15962998505769654
Sweden,nwspol_log,0.17959679556384422,0.13279296330462204,0.10531267576129441,0.16027325084794966
Sweden,nwspol_log,0.20750346205120307,0.13343622909487518,0.10595594155154756,0.1609165166382028
Sweden,nwspol_log,0.2354101285385619,0.1340794948851283,0.10659920734180067,0.16155978242845592
Sweden,nwspol_log,0.26331679502592076,0.13472276067538141,0.10724247313205379,0.16220304821870904
Sweden,nwspol_log,0.29122346151328005,0.13536602646563453,0.1078857389223069,0.16284631400896216
Sweden,nwspol_log,0.3191301280006389,0.13600929225588765,0.10852900471256002,0.16348957979921527
Sweden,nwspol_log,0.34703679448799774,0.13665255804614077,0.10917227050281314,0.1641328455894684
Sweden,nwspol_log,0.374943460975357,0.1372958238363939,0.10981553629306628,0.16477611137972153
Sweden,nwspol_log,0.40285012746271587,0.13793908962664703,0.1104588020833194,0.16541937716997465
Sweden,nwspol_log,0.4307567939500747,0.13858235541690014,0.11110206787357252,0.16606264296022777
Sweden,nwspol_log,0.45866346043743356,0.13922562120715326,0.11174533366382564,0.16670590875048089
Sweden,nwspol_log,0.4865701269247924,0.13986888699740638,0.11238859945407875,0.167349174540734
Sweden,nwspol_log,0.5144767934121517,0.14051215278765952,0.1130318652443319,0.16799244033098715
Sweden,nwspol_log,0.5423834598995105,0.14115541857791264,0.11367513103458501,0.16863570612124026
Sweden,nwspol_log,0.5702901263868694,0.14179868436816576,0.11431839682483813,0.16927897191149338
Sweden,nwspol_log,0.5981967928742287,0.1424419501584189,0.11496166261509128,0.16992223770174653
Sweden,nwspol_log,0.6261034593615875,0.14308521594867202,0.11560492840534439,0.17056550349199964
Sweden,nwspol_log,0.6540101258489464,0.14372848173892513,0.11624819419559751,0.17120876928225276
Sweden,nwspol_log,0.6819167923363052,0.14437174752917825,0.11689145998585063,0.17185203507250588
Sweden,nwspol_log,0.709823458823664,0.14501501331943137,0.11753472577610374,0.172495300862759
Sweden,nwspol_log,0.7377301253110233,0.14565827910968449,0.11817799156635686,0.1731385666530121
Sweden,nwspol_log,0.7656367917983822,0.14630154489993763,0.11882125735661,0.17378183244326526
Sweden,nwspol_log,0.793543458285741,0.14694481069019075,0.11946452314686312,0.17442509823351837
Sweden,nwspol_log,0.8214501247731003,0.14758807648044386,0.12010778893711624,0.1750683640237715
Sweden,nwspol_log,0.8493567912604592,0.14823134227069698,0.12075105472736936,0.1757116298140246
Sweden,nwspol_log,0.877263457747818,0.1488746080609501,0.12139432051762247,0.17635489560427772
Sweden,nwspol_log,0.9051701242351768,0.14951787385120324,0.12203758630787562,0.17699816139453087
Sweden,nwspol_log,0.9330767907225357,0.15016113964145636,0.12268085209812873,0.17764142718478398
Sweden,nwspol_log,0.960983457209895,0.15080440543170948,0.12332411788838185,0.1782846929750371
Sweden,nwspol_log,0.9888901236972538,0.1514476712219626,0.12396738367863497,0.17892795876529022
Sweden,nwspol_log,1.0167967901846127,0.1520909370122157,0.12461064946888809,0.17957122455554334
Sweden,nwspol_log,1.044703456671972,0.15273420280246885,0.12525391525914123,0.18021449034579648
Sweden,nwspol_log,1.0726101231593308,0.15337746859272197,0.12589718104939435,0.1808577561360496
Sweden,nwspol_log,1.1005167896466896,0.1540207343829751,0.12654044683964746,0.1815010219263027
Sweden,nwspol_log,1.128423456134049,0.15466400017322823,0.1271837126299006,0.18214428771655586
Sweden,nwspol_log,1.1563301226214073,0.15530726596348132,0.1278269784201537,0.18278755350680895
Sweden,nwspol_log,1.1842367891087666,0.15595053175373447,0.12847024421040684,0.1834308192970621
Sweden,nwspol_log,1.212143455596125,0.15659379754398758,0.12911351000065996,0.1840740850873152
Sweden,nwspol_log,1.240050122083484,0.1572370633342407,0.12975677579091308,0.18471735087756833
Switzerland,netustm_log,-2.017651430380346,0.03389465356693447,0.012959193650948869,0.054830113482920065
Switzerland,netustm_log,-1.9934521454636227,0.03477002475015535,0.013834564834169751,0.05570548466614095
Switzerland,netustm_log,-1.9692528605468995,0.03564539593337622,0.01470993601739062,0.056580855849361816
Switzerland,netustm_log,-1.9450535756301763,0.0365207671165971,0.015585307200611503,0.0574562270325827
Switzerland,netustm_log,-1.920854290713453,0.037396138299817985,0.016460678383832385,0.05833159821580358
Switzerland,netustm_log,-1.8966550057967297,0.038271509483038854,0.017336049567053254,0.05920696939902445
Switzerland,netustm_log,-1.8724557208800066,0.03914688066625974,0.018211420750274137,0.06008234058224533
Switzerland,netustm_log,-1.8482564359632834,0.040022251849480606,0.019086791933495006,0.0609577117654662
Switzerland,netustm_log,-1.8240571510465602,0.04089762303270149,0.01996216311671589,0.061833082948687085
Switzerland,netustm_log,-1.799857866129837,0.04177299421592236,0.020837534299936757,0.06270845413190795
Switzerland,netustm_log,-1.7756585812131138,0.04264836539914324,0.02171290548315764,0.06358382531512884
Switzerland,netustm_log,-1.7514592962963906,0.04352373658236412,0.022588276666378523,0.06445919649834972
Switzerland,netustm_log,-1.7272600113796672,0.044399107765585,0.0234636478495994,0.0653345676815706
Switzerland,netustm_log,-1.703060726462944,0.045274478948805874,0.024339019032820274,0.06620993886479147
Switzerland,netustm_log,-1.6788614415462209,0.04614985013202676,0.025214390216041157,0.06708531004801235
Switzerland,netustm_log,-1.6546621566294977,0.04702522131524763,0.026089761399262033,0.06796068123123324
Switzerland,netustm_log,-1.6304628717127745,0.04790059249846851,0.02696513258248291,0.0688360524144541
Switzerland,netustm_log,-1.606263586796051,0.04877596368168939,0.02784050376570379,0.06971142359767499
Switzerland,netustm_log,-1.5820643018793281,0.04965133486491026,0.02871587494892466,0.07058679478089586
Switzerland,netustm_log,-1.5578650169626047,0.05052670604813114,0.029591246132145543,0.07146216596411674
Switzerland,netustm_log,-1.5336657320458815,0.05140207723135202,0.03046661731536642,0.07233753714733762
Switzerland,netustm_log,-1.5094664471291583,0.052277448414572894,0.0313419884985873,0.07321290833055849
Switzerland,netustm_log,-1.4852671622124352,0.05315281959779377,0.032217359681808166,0.07408827951377937
Switzerland,netustm_log,-1.461067877295712,0.054028190781014646,0.03309273086502905,0.07496365069700024
Switzerland,netustm_log,-1.4368685923789886,0.054903561964235535,0.03396810204824993,0.07583902188022114
Switzerland,netustm_log,-1.4126693074622656,0.055778933147456404,0.0348434732314708,0.07671439306344201
Switzerland,netustm_log,-1.3884700225455422,0.05665430433067729,0.03571884441469168,0.07758976424666289
Switzerland,netustm_log,-1.364270737628819,0.05752967551389816,0.036594215597912566,0.07846513542988376
Switzerland,netustm_log,-1.3400714527120958,0.05840504669711904,0.037469586781133435,0.07934050661310464
Switzerland,netustm_log,-1.3158721677953726,0.059280417880339914,0.03834495796435432,0.08021587779632551
Switzerland,netustm_log,-1.2916728828786495,0.06015578906356079,0.039220329147575186,0.0810912489795464
Switzerland,netustm_log,-1.267473597961926,0.06103116024678167,0.04009570033079607,0.08196662016276728
Switzerland,netustm_log,-1.243274313045203,0.06190653143000254,0.04097107151401694,0.08284199134598814
Switzerland,netustm_log,-1.2190750281284797,0.06278190261322343,0.041846442697237834,0.08371736252920903
Switzerland,netustm_log,-1.1948757432117565,0.06365727379644431,0.04272181388045872,0.08459273371242991
Switzerland,netustm_log,-1.1706764582950333,0.06453264497966518,0.043597185063679586,0.08546810489565078
Switzerland,netustm_log,-1.1464771733783101,0.06540801616288605,0.044472556246900455,0.08634347607887165
Switzerland,netustm_log,-1.122277888461587,0.06628338734610693,0.04534792743012134,0.08721884726209253
Switzerland,netustm_log,-1.0980786035448635,0.06715875852932782,0.04622329861334222,0.08809421844531341
Switzerland,netustm_log,-1.0738793186281406,0.06803412971254869,0.04709866979656309,0.08896958962853428
Switzerland,netustm_log,-1.0496800337114172,0.06890950089576957,0.04797404097978397,0.08984496081175516
Switzerland,netustm_log,-1.025480748794694,0.06978487207899045,0.048849412163004854,0.09072033199497605
Switzerland,netustm_log,-1.0012814638779708,0.07066024326221132,0.04972478334622572,0.09159570317819692
Switzerland,netustm_log,-0.9770821789612476,0.0715356144454322,0.050600154529446606,0.0924710743614178
Switzerland,netustm_log,-0.9528828940445244,0.07241098562865309,0.05147552571266749,0.09334644554463868
Switzerland,netustm_log,-0.9286836091278012,0.07328635681187395,0.05235089689588836,0.09422181672785955
Switzerland,netustm_log,-0.904484324211078,0.07416172799509482,0.053226268079109226,0.09509718791108042
Switzerland,netustm_log,-0.8802850392943546,0.07503709917831572,0.05410163926233012,0.09597255909430132
Switzerland,netustm_log,-0.8560857543776315,0.07591247036153659,0.05497701044555099,0.09684793027752218
Switzerland,netustm_log,-0.8318864694609083,0.07678784154475746,0.05585238162877186,0.09772330146074305
Switzerland,netustm_log,-0.8076871845441851,0.07766321272797834,0.05672775281199274,0.09859867264396394
Switzerland,netustm_log,-0.7834878996274619,0.07853858391119922,0.057603123995213626,0.09947404382718482
Switzerland,netustm_log,-0.7592886147107387,0.07941395509442009,0.058478495178434495,0.10034941501040569
Switzerland,netustm_log,-0.7350893297940155,0.08028932627764097,0.05935386636165538,0.10122478619362657
Switzerland,netustm_log,-0.7108900448772921,0.08116469746086186,0.06022923754487626,0.10210015737684745
Switzerland,netustm_log,-0.6866907599605689,0.08204006864408273,0.06110460872809713,0.10297552856006832
Switzerland,netustm_log,-0.6624914750438458,0.08291543982730361,0.06197997991131801,0.1038508997432892
Switzerland,netustm_log,-0.6382921901271226,0.08379081101052449,0.0628553510945389,0.10472627092651009
Switzerland,netustm_log,-0.6140929052103994,0.08466618219374536,0.06373072227775976,0.10560164210973096
Switzerland,netustm_log,-0.5898936202936762,0.08554155337696623,0.06460609346098063,0.10647701329295182
Switzerland,netustm_log,-0.565694335376953,0.08641692456018711,0.06548146464420151,0.10735238447617271
Switzerland,netustm_log,-0.5414950504602296,0.087292295743408,0.0663568358274224,0.10822775565939359
Switzerland,netustm_log,-0.5172957655435064,0.08816766692662888,0.06723220701064328,0.10910312684261447
Switzerland,netustm_log,-0.49309648062678324,0.08904303810984975,0.06810757819386415,0.10997849802583534
Switzerland,netustm_log,-0.46889719571006006,0.08991840929307063,0.06898294937708503,0.11085386920905622
Switzerland,netustm_log,-0.44469791079333687,0.0907937804762915,0.0698583205603059,0.1117292403922771
Switzerland,netustm_log,-0.4204986258766137,0.09166915165951238,0.07073369174352678,0.11260461157549798
Switzerland,netustm_log,-0.3962993409598905,0.09254452284273326,0.07160906292674767,0.11347998275871886
Switzerland,netustm_log,-0.3721000560431671,0.09341989402595414,0.07248443410996855,0.11435535394193974
Switzerland,netustm_log,-0.3479007711264439,0.09429526520917501,0.07335980529318942,0.11523072512516061
Switzerland,netustm_log,-0.3237014862097207,0.0951706363923959,0.0742351764764103,0.11610609630838149
Switzerland,netustm_log,-0.29950220129299754,0.09604600757561677,0.07511054765963117,0.11698146749160236
Switzerland,netustm_log,-0.27530291637627435,0.09692137875883765,0.07598591884285205,0.11785683867482324
Switzerland,netustm_log,-0.25110363145955117,0.09779674994205852,0.07686129002607292,0.11873220985804411
Switzerland,netustm_log,-0.22690434654282798,0.0986721211252794,0.0777366612092938,0.119607581041265
Switzerland,netustm_log,-0.20270506162610458,0.09954749230850028,0.07861203239251469,0.12048295222448588
Switzerland,netustm_log,-0.1785057767093814,0.10042286349172116,0.07948740357573557,0.12135832340770676
Switzerland,netustm_log,-0.1543064917926582,0.10129823467494203,0.08036277475895644,0.12223369459092763
Switzerland,netustm_log,-0.13010720687593502,0.10217360585816292,0.08123814594217732,0.12310906577414851
Switzerland,netustm_log,-0.10590792195921184,0.10304897704138379,0.08211351712539819,0.12398443695736938
Switzerland,netustm_log,-0.08170863704248865,0.10392434822460467,0.08298888830861907,0.12485980814059026
Switzerland,netustm_log,-0.05750935212576547,0.10479971940782554,0.08386425949183994,0.12573517932381115
Switzerland,netustm_log,-0.03331006720904206,0.10567509059104642,0.08473963067506082,0.12661055050703202
Switzerland,netustm_log,-0.009110782292319097,0.10655046177426729,0.08561500185828169,0.12748592169025288
Switzerland,netustm_log,0.01508850262440431,0.10742583295748817,0.08649037304150257,0.12836129287347378
Switzerland,netustm_log,0.03928778754112727,0.10830120414070904,0.08736574422472344,0.12923666405669465
Switzerland,netustm_log,0.06348707245785068,0.10917657532392992,0.08824111540794433,0.13011203523991552
Switzerland,netustm_log,0.08768635737457409,0.11005194650715082,0.08911648659116522,0.13098740642313642
Switzerland,netustm_log,0.11188564229129705,0.11092731769037169,0.08999185777438609,0.13186277760635728
Switzerland,netustm_log,0.13608492720802046,0.11180268887359257,0.09086722895760697,0.13273814878957818
Switzerland,netustm_log,0.16028421212474342,0.11267806005681344,0.09174260014082784,0.13361351997279905
Switzerland,netustm_log,0.18448349704146683,0.11355343124003432,0.09261797132404873,0.13448889115601992
Switzerland,netustm_log,0.2086827819581898,0.11442880242325519,0.0934933425072696,0.1353642623392408
Switzerland,netustm_log,0.2328820668749132,0.11530417360647607,0.09436871369049048,0.13623963352246168
Switzerland,netustm_log,0.2570813517916366,0.11617954478969696,0.09524408487371136,0.13711500470568255
Switzerland,netustm_log,0.28128063670835957,0.11705491597291783,0.09611945605693223,0.13799037588890342
Switzerland,netustm_log,0.305479921625083,0.11793028715613871,0.09699482724015311,0.13886574707212432
Switzerland,netustm_log,0.32967920654180594,0.11880565833935958,0.09787019842337398,0.1397411182553452
Switzerland,netustm_log,0.35387849145852934,0.11968102952258046,0.09874556960659486,0.14061648943856606
Switzerland,netustm_log,0.3780777763752523,0.12055640070580133,0.09962094078981573,0.14149186062178692
Switzerland,netustm_log,0.4022770612919757,0.12143177188902221,0.10049631197303661,0.14236723180500782
Switzerland,netustm_log,0.4264763462086991,0.1223071430722431,0.1013716831562575,0.1432426029882287
Switzerland,netustm_log,0.4506756311254221,0.12318251425546396,0.10224705433947837,0.14411797417144956
Switzerland,netustm_log,0.4748749160421455,0.12405788543868485,0.10312242552269925,0.14499334535467046
Switzerland,netustm_log,0.49907420095886845,0.12493325662190571,0.10399779670592012,0.14586871653789132
Switzerland,netustm_log,0.5232734858755919,0.1258086278051266,0.10487316788914101,0.14674408772111222
Switzerland,netustm_log,0.5474727707923148,0.12668399898834748,0.10574853907236188,0.1476194589043331
Switzerland,netustm_log,0.5716720557090382,0.12755937017156835,0.10662391025558275,0.14849483008755396
Switzerland,netustm_log,0.5958713406257616,0.12843474135478924,0.10749928143880365,0.14937020127077485
Switzerland,netustm_log,0.6200706255424846,0.1293101125380101,0.10837465262202452,0.15024557245399572
Switzerland,netustm_log,0.644269910459208,0.13018548372123098,0.10925002380524539,0.1511209436372166
Switzerland,netustm_log,0.668469195375931,0.13106085490445185,0.11012539498846625,0.15199631482043746
Switzerland,netustm_log,0.6926684802926544,0.13193622608767275,0.11100076617168715,0.15287168600365836
Switzerland,netustm_log,0.7168677652093773,0.13281159727089362,0.11187613735490802,0.15374705718687923
Switzerland,netustm_log,0.7410670501261007,0.13368696845411449,0.11275150853812889,0.1546224283701001
Switzerland,netustm_log,0.7652663350428242,0.13456233963733538,0.11362687972134979,0.155497799553321
Switzerland,netustm_log,0.7894656199595471,0.13543771082055625,0.11450225090457065,0.15637317073654186
Switzerland,netustm_log,0.8136649048762705,0.13631308200377712,0.11537762208779152,0.15724854191976273
Switzerland,netustm_log,0.8378641897929935,0.13718845318699802,0.11625299327101242,0.15812391310298363
Switzerland,netustm_log,0.8620634747097169,0.13806382437021888,0.11712836445423329,0.1589992842862045
Switzerland,netustm_log,0.8862627596264399,0.13893919555343975,0.11800373563745416,0.15987465546942536
Switzerland,netustm_log,0.9104620445431633,0.13981456673666065,0.11887910682067505,0.16075002665264626
Switzerland,netustm_log,0.9346613294598867,0.14068993791988152,0.11975447800389592,0.16162539783586713
Switzerland,netustm_log,0.9588606143766096,0.1415653091031024,0.12062984918711679,0.162500769019088
Switzerland,netustm_log,0.983059899293333,0.14244068028632328,0.12150522037033769,0.1633761402023089
Switzerland,netustm_log,1.007259184210056,0.14331605146954415,0.12238059155355856,0.16425151138552976
Switzerland,netustm_log,1.0314584691267794,0.14419142265276502,0.12325596273677943,0.16512688256875063
Switzerland,netustm_log,1.0556577540435024,0.1450667938359859,0.1241313339200003,0.1660022537519715
Switzerland,netustm_log,1.0798570389602258,0.1459421650192068,0.12500670510322118,0.1668776249351924
Switzerland,netustm_log,1.1040563238769492,0.14681753620242766,0.12588207628644205,0.16775299611841327
Switzerland,netustm_log,1.1282556087936721,0.14769290738564853,0.12675744746966291,0.16862836730163414
Switzerland,netustm_log,1.1524548937103956,0.14856827856886942,0.1276328186528838,0.16950373848485503
Switzerland,netustm_log,1.1766541786271185,0.1494436497520903,0.12850818983610468,0.1703791096680759
Switzerland,netustm_log,1.200853463543842,0.1503190209353112,0.12938356101932558,0.1712544808512968
Switzerland,netustm_log,1.2250527484605649,0.15119439211853203,0.13025893220254642,0.17212985203451764
Switzerland,netustm_log,1.2492520333772883,0.15206976330175292,0.13113430338576731,0.17300522321773854
Switzerland,netustm_log,1.2734513182940117,0.15294513448497382,0.1320096745689882,0.17388059440095943
Switzerland,netustm_log,1.2976506032107347,0.15382050566819466,0.13288504575220905,0.17475596558418027
Switzerland,netustm_log,1.321849888127458,0.15469587685141556,0.13376041693542995,0.17563133676740117
Switzerland,netustm_log,1.346049173044181,0.15557124803463643,0.13463578811865082,0.17650670795062204
Switzerland,netustm_log,1.3702484579609044,0.15644661921785732,0.13551115930187171,0.17738207913384293
Switzerland,netustm_log,1.3944477428776274,0.1573219904010782,0.13638653048509258,0.1782574503170638
Switzerland,netustm_log,1.4186470277943508,0.15819736158429906,0.13726190166831345,0.17913282150028467
Switzerland,netustm_log,1.4428463127110742,0.15907273276751996,0.13813727285153435,0.18000819268350557
Switzerland,netustm_log,1.4670455976277972,0.15994810395074083,0.13901264403475522,0.18088356386672644
Switzerland,netustm_log,1.4912448825445206,0.1608234751339617,0.13988801521797609,0.1817589350499473
Switzerland,netustm_log,1.5154441674612436,0.16169884631718257,0.14076338640119695,0.18263430623316818
Switzerland,netustm_log,1.539643452377967,0.16257421750040346,0.14163875758441785,0.18350967741638907
Switzerland,netustm_log,1.56384273729469,0.16344958868362433,0.14251412876763872,0.18438504859960994
Switzerland,netustm_log,1.588042022211413,0.1643249598668452,0.1433894999508596,0.1852604197828308
Switzerland,nwspol_log,-2.918043184533,-0.12086891694341925,-0.14689454849895173,-0.09484328538788678
Switzerland,nwspol_log,-2.890136518045641,-0.11864818928620158,-0.14467382084173405,-0.0926225577306691
Switzerland,nwspol_log,-2.862229851558282,-0.11642746162898385,-0.14245309318451632,-0.09040183007345137
Switzerland,nwspol_log,-2.834323185070923,-0.11420673397176617,-0.14023236552729865,-0.0881811024162337
Switzerland,nwspol_log,-2.806416518583564,-0.1119860063145485,-0.13801163787008097,-0.08596037475901602
Switzerland,nwspol_log,-2.7785098520962053,-0.10976527865733082,-0.1357909102128633,-0.08373964710179835
Switzerland,nwspol_log,-2.7506031856088464,-0.10754455100011312,-0.1335701825556456,-0.08151891944458065
Switzerland,nwspol_log,-2.722696519121487,-0.10532382334289542,-0.1313494548984279,-0.07929819178736294
Switzerland,nwspol_log,-2.6947898526341283,-0.10310309568567774,-0.12912872724121022,-0.07707746413014527
Switzerland,nwspol_log,-2.6668831861467694,-0.10088236802846007,-0.12690799958399254,-0.07485673647292759
Switzerland,nwspol_log,-2.63897651965941,-0.09866164037124234,-0.12468727192677481,-0.07263600881570986
Switzerland,nwspol_log,-2.6110698531720513,-0.09644091271402466,-0.12246654426955714,-0.07041528115849219
Switzerland,nwspol_log,-2.5831631866846925,-0.09422018505680699,-0.12024581661233946,-0.06819455350127451
Switzerland,nwspol_log,-2.5552565201973336,-0.09199945739958931,-0.11802508895512179,-0.06597382584405684
Switzerland,nwspol_log,-2.527349853709975,-0.08977872974237164,-0.11580436129790411,-0.06375309818683916
Switzerland,nwspol_log,-2.4994431872226155,-0.08755800208515391,-0.11358363364068638,-0.061532370529621426
Switzerland,nwspol_log,-2.4715365207352566,-0.08533727442793623,-0.11136290598346871,-0.05931164287240375
Switzerland,nwspol_log,-2.443629854247898,-0.08311654677071856,-0.10914217832625103,-0.057090915215186076
Switzerland,nwspol_log,-2.4157231877605385,-0.08089581911350083,-0.1069214506690333,-0.054870187557968346
Switzerland,nwspol_log,-2.3878165212731797,-0.07867509145628315,-0.10470072301181563,-0.05264945990075067
Switzerland,nwspol_log,-2.359909854785821,-0.07645436379906548,-0.10247999535459795,-0.050428732243532996
Switzerland,nwspol_log,-2.332003188298462,-0.0742336361418478,-0.10025926769738028,-0.04820800458631532
Switzerland,nwspol_log,-2.304096521811103,-0.07201290848463013,-0.0980385400401626,-0.04598727692909765
Switzerland,nwspol_log,-2.276189855323744,-0.0697921808274124,-0.09581781238294487,-0.043766549271879916
Switzerland,nwspol_log,-2.248283188836385,-0.06757145317019472,-0.0935970847257272,-0.04154582161466224
Switzerland,nwspol_log,-2.220376522349026,-0.06535072551297705,-0.09137635706850952,-0.03932509395744457
Switzerland,nwspol_log,-2.192469855861667,-0.06312999785575932,-0.08915562941129179,-0.037104366300226836
Switzerland,nwspol_log,-2.164563189374308,-0.06090927019854164,-0.08693490175407412,-0.03488363864300916
Switzerland,nwspol_log,-2.136656522886949,-0.05868854254132397,-0.08471417409685644,-0.032662910985791486
Switzerland,nwspol_log,-2.1087498563995903,-0.05646781488410629,-0.08249344643963877,-0.03044218332857381
Switzerland,nwspol_log,-2.0808431899122315,-0.05424708722688862,-0.08027271878242109,-0.028221455671356137
Switzerland,nwspol_log,-2.052936523424872,-0.05202635956967089,-0.07805199112520336,-0.026000728014138406
Switzerland,nwspol_log,-2.0250298569375134,-0.04980563191245321,-0.07583126346798569,-0.02378000035692073
Switzerland,nwspol_log,-1.9971231904501545,-0.04758490425523554,-0.07361053581076801,-0.021559272699703057
Switzerland,nwspol_log,-1.9692165239627955,-0.045364176598017836,-0.07138980815355031,-0.019338545042485354
Switzerland,nwspol_log,-1.9413098574754364,-0.04314344894080013,-0.06916908049633261,-0.01711781738526765
Switzerland,nwspol_log,-1.9134031909880775,-0.04092272128358246,-0.06694835283911493,-0.014897089728049977
Switzerland,nwspol_log,-1.8854965245007187,-0.03870199362636478,-0.06472762518189726,-0.012676362070832302
Switzerland,nwspol_log,-1.8575898580133596,-0.03648126596914708,-0.06250689752467956,-0.0104556344136146
Switzerland,nwspol_log,-1.8296831915260006,-0.03426053831192938,-0.06028616986746186,-0.008234906756396897
Switzerland,nwspol_log,-1.8017765250386417,-0.0320398106547117,-0.058065442210244185,-0.006014179099179222
Switzerland,nwspol_log,-1.7738698585512829,-0.02981908299749403,-0.05584471455302651,-0.003793451441961547
Switzerland,nwspol_log,-1.7459631920639238,-0.027598355340276326,-0.05362398689580881,-0.0015727237847438444
Switzerland,nwspol_log,-1.7180565255765647,-0.025377627683058623,-0.051403259238591105,0.0006480038724738582
Switzerland,nwspol_log,-1.690149859089206,-0.02315690002584095,-0.04918253158137343,0.002868731529691533
Switzerland,nwspol_log,-1.662243192601847,-0.020936172368623274,-0.046961803924155755,0.005089459186909208
Switzerland,nwspol_log,-1.634336526114488,-0.01871544471140557,-0.04474107626693805,0.0073101868441269105
Switzerland,nwspol_log,-1.606429859627129,-0.01649471705418787,-0.04252034860972035,0.009530914501344613
Switzerland,nwspol_log,-1.57852319313977,-0.014273989396970194,-0.040299620952502675,0.011751642158562288
Switzerland,nwspol_log,-1.5506165266524112,-0.012053261739752519,-0.038078893295285,0.013972369815779963
Switzerland,nwspol_log,-1.5227098601650522,-0.00983253408253483,-0.03585816563806731,0.01619309747299765
Switzerland,nwspol_log,-1.494803193677693,-0.0076118064253171275,-0.03363743798084961,0.018413825130215354
Switzerland,nwspol_log,-1.4668965271903343,-0.005391078768099453,-0.031416710323631934,0.02063455278743303
Switzerland,nwspol_log,-1.4389898607029754,-0.003170351110881764,-0.029195982666414245,0.022855280444650718
Switzerland,nwspol_log,-1.4110831942156163,-0.0009496234536640752,-0.026975255009196557,0.025076008101868406
Switzerland,nwspol_log,-1.3831765277282573,0.0012711042035536274,-0.024754527351978854,0.02729673575908611
Switzerland,nwspol_log,-1.3552698612408984,0.0034918318607713023,-0.02253379969476118,0.029517463416303784
Switzerland,nwspol_log,-1.3273631947535396,0.005712559517988991,-0.02031307203754349,0.03173819107352147
Switzerland,nwspol_log,-1.2994565282661805,0.00793328717520668,-0.018092344380325802,0.03395891873073916
Switzerland,nwspol_log,-1.2715498617788215,0.010154014832424382,-0.0158716167231081,0.036179646387956864
Switzerland,nwspol_log,-1.2436431952914626,0.012374742489642057,-0.013650889065890424,0.03840037404517454
Switzerland,nwspol_log,-1.2157365288041038,0.014595470146859746,-0.011430161408672736,0.04062110170239223
Switzerland,nwspol_log,-1.1878298623167447,0.016816197804077435,-0.009209433751455047,0.042841829359609916
Switzerland,nwspol_log,-1.1599231958293856,0.019036925461295137,-0.006988706094237344,0.04506255701682762
Switzerland,nwspol_log,-1.1320165293420268,0.021257653118512812,-0.0047679784370196696,0.047283284674045294
Switzerland,nwspol_log,-1.104109862854668,0.023478380775730487,-0.0025472507798019947,0.04950401233126297
Switzerland,nwspol_log,-1.0762031963673089,0.02569910843294819,-0.0003265231225842921,0.05172473998848067
Switzerland,nwspol_log,-1.0482965298799498,0.027919836090165892,0.0018942045346334105,0.053945467645698374
Switzerland,nwspol_log,-1.020389863392591,0.030140563747383567,0.004114932191851085,0.05616619530291605
Switzerland,nwspol_log,-0.9924831969052321,0.03236129140460124,0.00633565984906876,0.05838692296013372
Switzerland,nwspol_log,-0.9645765304178731,0.034582019061818944,0.008556387506286463,0.060607650617351426
Switzerland,nwspol_log,-0.936669863930514,0.03680274671903665,0.010777115163504165,0.06282837827456914
Switzerland,nwspol_log,-0.9087631974431551,0.03902347437625432,0.01299784282072184,0.06504910593178681
Switzerland,nwspol_log,-0.8808565309557963,0.041244202033472,0.015218570477939515,0.06726983358900449
Switzerland,nwspol_log,-0.8529498644684375,0.043464929690689685,0.017439298135157204,0.06949056124622216
Switzerland,nwspol_log,-0.8250431979810782,0.0456856573479074,0.01966002579237492,0.07171128890343989
Switzerland,nwspol_log,-0.7971365314937193,0.04790638500512508,0.021880753449592595,0.07393201656065757
Switzerland,nwspol_log,-0.7692298650063605,0.05012711266234275,0.02410148110681027,0.07615274421787524
Switzerland,nwspol_log,-0.7413231985190012,0.05234784031956047,0.026322208764027986,0.07837347187509294
Switzerland,nwspol_log,-0.7134165320316423,0.05456856797677815,0.028542936421245668,0.08059419953231063
Switzerland,nwspol_log,-0.6855098655442835,0.05678929563399583,0.03076366407846335,0.08281492718952832
Switzerland,nwspol_log,-0.6576031990569247,0.059010023291213506,0.032984391735681025,0.085035654846746
Switzerland,nwspol_log,-0.6296965325695658,0.06123075094843119,0.03520511939289871,0.08725638250396367
Switzerland,nwspol_log,-0.6017898660822065,0.0634514786056489,0.037425847050116416,0.08947711016118137
Switzerland,nwspol_log,-0.5738831995948477,0.06567220626286657,0.03964657470733409,0.09169783781839905
Switzerland,nwspol_log,-0.5459765331074888,0.06789293392008426,0.04186730236455178,0.09391856547561675
Switzerland,nwspol_log,-0.5180698666201295,0.07011366157730198,0.044088030021769496,0.09613929313283445
Switzerland,nwspol_log,-0.4901632001327707,0.07233438923451965,0.04630875767898717,0.09836002079005213
Switzerland,nwspol_log,-0.46225653364541186,0.07455511689173733,0.048529485336204846,0.1005807484472698
Switzerland,nwspol_log,-0.434349867158053,0.07677584454895502,0.050750212993422535,0.1028014761044875
Switzerland,nwspol_log,-0.40644320067069417,0.0789965722061727,0.05297094065064022,0.10502220376170518
Switzerland,nwspol_log,-0.3785365341833349,0.08121729986339041,0.055191668307857926,0.10724293141892288
Switzerland,nwspol_log,-0.35062986769597604,0.08343802752060808,0.0574123959650756,0.10946365907614056
Switzerland,nwspol_log,-0.3227232012086172,0.08565875517782577,0.05963312362229329,0.11168438673335826
Switzerland,nwspol_log,-0.2948165347212579,0.08787948283504349,0.061853851279511006,0.11390511439057596
Switzerland,nwspol_log,-0.26690986823389906,0.09010021049226116,0.06407457893672869,0.11612584204779364
Switzerland,nwspol_log,-0.23900320174654022,0.09232093814947884,0.06629530659394636,0.11834656970501131
Switzerland,nwspol_log,-0.21109653525918137,0.09454166580669653,0.06851603425116404,0.12056729736222901
Switzerland,nwspol_log,-0.18318986877182253,0.0967623934639142,0.07073676190838171,0.12278802501944669
Switzerland,nwspol_log,-0.15528320228446324,0.09898312112113192,0.07295748956559944,0.1250087526766644
Switzerland,nwspol_log,-0.1273765357971044,0.10120384877834959,0.07517821722281712,0.12722948033388207
Switzerland,nwspol_log,-0.09946986930974555,0.10342457643556728,0.07739894488003479,0.12945020799109977
Switzerland,nwspol_log,-0.07156320282238626,0.105645304092785,0.07961967253725252,0.13167093564831747
Switzerland,nwspol_log,-0.04365653633502742,0.10786603175000267,0.0818404001944702,0.13389166330553515
Switzerland,nwspol_log,-0.015749869847668574,0.11008675940722035,0.08406112785168787,0.13611239096275282
Switzerland,nwspol_log,0.01215679663969027,0.11230748706443804,0.08628185550890555,0.13833311861997052
Switzerland,nwspol_log,0.040063463127049115,0.11452821472165571,0.08850258316612322,0.1405538462771882
Switzerland,nwspol_log,0.0679701296144084,0.11674894237887343,0.09072331082334095,0.1427745739344059
Switzerland,nwspol_log,0.09587679610176725,0.1189696700360911,0.09294403848055863,0.14499530159162358
Switzerland,nwspol_log,0.12378346258912609,0.12119039769330878,0.0951647661377763,0.14721602924884125
Switzerland,nwspol_log,0.15169012907648538,0.1234111253505265,0.097385493794994,0.14943675690605898
Switzerland,nwspol_log,0.17959679556384422,0.12563185300774418,0.09960622145221171,0.15165748456327666
Switzerland,nwspol_log,0.20750346205120307,0.12785258066496186,0.10182694910942938,0.15387821222049433
Switzerland,nwspol_log,0.2354101285385619,0.13007330832217953,0.10404767676664706,0.156098939877712
Switzerland,nwspol_log,0.26331679502592076,0.1322940359793972,0.10626840442386473,0.15831966753492968
Switzerland,nwspol_log,0.29122346151328005,0.13451476363661494,0.10848913208108246,0.1605403951921474
Switzerland,nwspol_log,0.3191301280006389,0.1367354912938326,0.11070985973830014,0.1627611228493651
Switzerland,nwspol_log,0.34703679448799774,0.1389562189510503,0.11293058739551781,0.16498185050658276
Switzerland,nwspol_log,0.374943460975357,0.14117694660826802,0.11515131505273554,0.1672025781638005
Switzerland,nwspol_log,0.40285012746271587,0.1433976742654857,0.11737204270995322,0.16942330582101817
Switzerland,nwspol_log,0.4307567939500747,0.14561840192270337,0.11959277036717089,0.17164403347823584
Switzerland,nwspol_log,0.45866346043743356,0.14783912957992104,0.12181349802438857,0.17386476113545352
Switzerland,nwspol_log,0.4865701269247924,0.15005985723713872,0.12403422568160624,0.1760854887926712
Switzerland,nwspol_log,0.5144767934121517,0.15228058489435645,0.12625495333882397,0.17830621644988892
Switzerland,nwspol_log,0.5423834598995105,0.15450131255157412,0.12847568099604165,0.1805269441071066
Switzerland,nwspol_log,0.5702901263868694,0.1567220402087918,0.13069640865325932,0.18274767176432427
Switzerland,nwspol_log,0.5981967928742287,0.15894276786600953,0.13291713631047705,0.184968399421542
Switzerland,nwspol_log,0.6261034593615875,0.1611634955232272,0.13513786396769473,0.18718912707875968
Switzerland,nwspol_log,0.6540101258489464,0.16338422318044488,0.1373585916249124,0.18940985473597735
Switzerland,nwspol_log,0.6819167923363052,0.16560495083766255,0.13957931928213008,0.19163058239319503
Switzerland,nwspol_log,0.709823458823664,0.16782567849488023,0.14180004693934775,0.1938513100504127
Switzerland,nwspol_log,0.7377301253110233,0.17004640615209796,0.14402077459656548,0.19607203770763043
Switzerland,nwspol_log,0.7656367917983822,0.17226713380931563,0.14624150225378316,0.1982927653648481
Switzerland,nwspol_log,0.793543458285741,0.1744878614665333,0.14846222991100083,0.20051349302206578
Switzerland,nwspol_log,0.8214501247731003,0.17670858912375104,0.15068295756821856,0.2027342206792835
Switzerland,nwspol_log,0.8493567912604592,0.17892931678096868,0.1529036852254362,0.20495494833650116
Switzerland,nwspol_log,0.877263457747818,0.1811500444381864,0.1551244128826539,0.20717567599371886
Switzerland,nwspol_log,0.9051701242351768,0.18337077209540406,0.1573451405398716,0.20939640365093654
Switzerland,nwspol_log,0.9330767907225357,0.18559149975262174,0.15956586819708926,0.2116171313081542
Switzerland,nwspol_log,0.960983457209895,0.18781222740983944,0.16178659585430696,0.2138378589653719
Switzerland,nwspol_log,0.9888901236972538,0.19003295506705714,0.16400732351152467,0.21605858662258962
Switzerland,nwspol_log,1.0167967901846127,0.19225368272427482,0.16622805116874234,0.2182793142798073
Switzerland,nwspol_log,1.044703456671972,0.19447441038149255,0.16844877882596007,0.22050004193702502
Switzerland,nwspol_log,1.0726101231593308,0.1966951380387102,0.17066950648317772,0.22272076959424267
Switzerland,nwspol_log,1.1005167896466896,0.1989158656959279,0.17289023414039542,0.22494149725146037
Switzerland,nwspol_log,1.128423456134049,0.2011365933531456,0.17511096179761312,0.22716222490867807
Switzerland,nwspol_log,1.1563301226214073,0.20335732101036325,0.17733168945483077,0.22938295256589572
Switzerland,nwspol_log,1.1842367891087666,0.20557804866758095,0.17955241711204847,0.23160368022311342
Switzerland,nwspol_log,1.212143455596125,0.2077987763247986,0.18177314476926612,0.23382440788033107
Switzerland,nwspol_log,1.240050122083484,0.2100195039820163,0.18399387242648382,0.23604513553754877
United Kingdom,netustm_log,-2.017651430380346,-0.07094670711636178,-0.0956388736241501,-0.04625454060857345
United Kingdom,netustm_log,-1.9934521454636227,-0.06973400456519459,-0.09442617107298291,-0.04504183805740626
United Kingdom,netustm_log,-1.9692528605468995,-0.06852130201402738,-0.09321346852181571,-0.043829135506239056
United Kingdom,netustm_log,-1.9450535756301763,-0.06730859946286018,-0.0920007659706485,-0.04261643295507185
United Kingdom,netustm_log,-1.920854290713453,-0.06609589691169297,-0.0907880634194813,-0.041403730403904646
United Kingdom,netustm_log,-1.8966550057967297,-0.06488319436052577,-0.0895753608683141,-0.04019102785273744
United Kingdom,netustm_log,-1.8724557208800066,-0.06367049180935858,-0.0883626583171469,-0.03897832530157025
United Kingdom,netustm_log,-1.8482564359632834,-0.06245778925819137,-0.0871499557659797,-0.037765622750403044
United Kingdom,netustm_log,-1.8240571510465602,-0.061245086707024166,-0.08593725321481249,-0.03655292019923584
United Kingdom,netustm_log,-1.799857866129837,-0.060032384155856974,-0.0847245506636453,-0.03534021764806865
United Kingdom,netustm_log,-1.7756585812131138,-0.05881968160468977,-0.0835118481124781,-0.03412751509690144
United Kingdom,netustm_log,-1.7514592962963906,-0.057606979053522564,-0.08229914556131089,-0.03291481254573424
United Kingdom,netustm_log,-1.7272600113796672,-0.05639427650235536,-0.08108644301014369,-0.03170210999456703
United Kingdom,netustm_log,-1.703060726462944,-0.055181573951188154,-0.07987374045897648,-0.03048940744339983
United Kingdom,netustm_log,-1.6788614415462209,-0.05396887140002095,-0.07866103790780928,-0.029276704892232625
United Kingdom,netustm_log,-1.6546621566294977,-0.05275616884885376,-0.07744833535664208,-0.028064002341065434
United Kingdom,netustm_log,-1.6304628717127745,-0.05154346629768655,-0.07623563280547488,-0.02685129978989823
United Kingdom,netustm_log,-1.606263586796051,-0.05033076374651935,-0.07502293025430767,-0.025638597238731024
United Kingdom,netustm_log,-1.5820643018793281,-0.049118061195352156,-0.07381022770314048,-0.024425894687563832
United Kingdom,netustm_log,-1.5578650169626047,-0.04790535864418494,-0.07259752515197326,-0.023213192136396613
United Kingdom,netustm_log,-1.5336657320458815,-0.046692656093017745,-0.07138482260080607,-0.022000489585229422
United Kingdom,netustm_log,-1.5094664471291583,-0.04547995354185054,-0.07017212004963887,-0.020787787034062217
United Kingdom,netustm_log,-1.4852671622124352,-0.044267250990683335,-0.06895941749847166,-0.01957508448289501
United Kingdom,netustm_log,-1.461067877295712,-0.043054548439516144,-0.06774671494730447,-0.01836238193172782
United Kingdom,netustm_log,-1.4368685923789886,-0.041841845888348925,-0.06653401239613725,-0.0171496793805606
United Kingdom,netustm_log,-1.4126693074622656,-0.04062914333718173,-0.06532130984497006,-0.01593697682939341
United Kingdom,netustm_log,-1.3884700225455422,-0.03941644078601453,-0.06410860729380286,-0.014724274278226205
United Kingdom,netustm_log,-1.364270737628819,-0.03820373823484732,-0.06289590474263565,-0.013511571727059
United Kingdom,netustm_log,-1.3400714527120958,-0.03699103568368013,-0.06168320219146846,-0.012298869175891809
United Kingdom,netustm_log,-1.3158721677953726,-0.03577833313251293,-0.06047049964030125,-0.011086166624724603
United Kingdom,netustm_log,-1.2916728828786495,-0.03456563058134572,-0.05925779708913405,-0.009873464073557398
United Kingdom,netustm_log,-1.267473597961926,-0.033352928030178516,-0.05804509453796684,-0.008660761522390193
United Kingdom,netustm_log,-1.243274313045203,-0.032140225479011325,-0.05683239198679965,-0.007448058971223002
United Kingdom,netustm_log,-1.2190750281284797,-0.03092752292784411,-0.05561968943563243,-0.006235356420055786
United Kingdom,netustm_log,-1.1948757432117565,-0.029714820376676904,-0.05440698688446523,-0.005022653868888581
United Kingdom,netustm_log,-1.1706764582950333,-0.028502117825509706,-0.05319428433329803,-0.003809951317721383
United Kingdom,netustm_log,-1.1464771733783101,-0.027289415274342508,-0.05198158178213083,-0.0025972487665541846
United Kingdom,netustm_log,-1.122277888461587,-0.026076712723175303,-0.050768879230963626,-0.0013845462153869795
United Kingdom,netustm_log,-1.0980786035448635,-0.024864010172008098,-0.04955617667979642,-0.00017184366421977432
United Kingdom,netustm_log,-1.0738793186281406,-0.023651307620840906,-0.04834347412862923,0.001040858886947417
United Kingdom,netustm_log,-1.0496800337114172,-0.022438605069673694,-0.04713077157746202,0.002253561438114629
United Kingdom,netustm_log,-1.025480748794694,-0.021225902518506496,-0.04591806902629482,0.0034662639892818273
United Kingdom,netustm_log,-1.0012814638779708,-0.02001319996733929,-0.044705366475127614,0.004678966540449032
United Kingdom,netustm_log,-0.9770821789612476,-0.018800497416172093,-0.043492663923960416,0.005891669091616231
United Kingdom,netustm_log,-0.9528828940445244,-0.017587794865004894,-0.04227996137279322,0.007104371642783429
United Kingdom,netustm_log,-0.9286836091278012,-0.01637509231383769,-0.04106725882162601,0.008317074193950634
United Kingdom,netustm_log,-0.904484324211078,-0.015162389762670491,-0.039854556270458814,0.009529776745117832
United Kingdom,netustm_log,-0.8802850392943546,-0.013949687211503279,-0.0386418537192916,0.010742479296285044
United Kingdom,netustm_log,-0.8560857543776315,-0.01273698466033608,-0.037429151168124404,0.011955181847452243
United Kingdom,netustm_log,-0.8318864694609083,-0.011524282109168876,-0.0362164486169572,0.013167884398619448
United Kingdom,netustm_log,-0.8076871845441851,-0.010311579558001677,-0.03500374606579,0.014380586949786646
United Kingdom,netustm_log,-0.7834878996274619,-0.00909887700683448,-0.0337910435146228,0.015593289500953844
United Kingdom,netustm_log,-0.7592886147107387,-0.007886174455667274,-0.0325783409634556,0.01680599205212105
United Kingdom,netustm_log,-0.7350893297940155,-0.006673471904500076,-0.0313656384122884,0.018018694603288248
United Kingdom,netustm_log,-0.7108900448772921,-0.005460769353332864,-0.030152935861121187,0.01923139715445546
United Kingdom,netustm_log,-0.6866907599605689,-0.0042480668021656655,-0.02894023330995399,0.020444099705622658
United Kingdom,netustm_log,-0.6624914750438458,-0.0030353642509984603,-0.027727530758786784,0.021656802256789863
United Kingdom,netustm_log,-0.6382921901271226,-0.0018226616998312621,-0.026514828207619585,0.02286950480795706
United Kingdom,netustm_log,-0.6140929052103994,-0.0006099591486640604,-0.025302125656452384,0.024082207359124263
United Kingdom,netustm_log,-0.5898936202936762,0.0006027434025031378,-0.024089423105285186,0.02529490991029146
United Kingdom,netustm_log,-0.565694335376953,0.0018154459536703395,-0.022876720554117984,0.026507612461458663
United Kingdom,netustm_log,-0.5414950504602296,0.0030281485048375516,-0.021664018002950772,0.027720315012625875
United Kingdom,netustm_log,-0.5172957655435064,0.004240851056004753,-0.02045131545178357,0.028933017563793077
United Kingdom,netustm_log,-0.49309648062678324,0.0054535536071719515,-0.019238612900616372,0.030145720114960275
United Kingdom,netustm_log,-0.46889719571006006,0.006666256158339153,-0.01802591034944917,0.031358422666127476
United Kingdom,netustm_log,-0.44469791079333687,0.007878958709506355,-0.01681320779828197,0.032571125217294675
United Kingdom,netustm_log,-0.4204986258766137,0.009091661260673553,-0.01560050524711477,0.03378382776846188
United Kingdom,netustm_log,-0.3962993409598905,0.010304363811840755,-0.014387802695947569,0.03499653031962908
United Kingdom,netustm_log,-0.3721000560431671,0.011517066363007967,-0.013175100144780356,0.03620923287079629
United Kingdom,netustm_log,-0.3479007711264439,0.012729768914175165,-0.011962397593613158,0.03742193542196349
United Kingdom,netustm_log,-0.3237014862097207,0.013942471465342367,-0.010749695042445957,0.03863463797313069
United Kingdom,netustm_log,-0.29950220129299754,0.015155174016509567,-0.009536992491278757,0.03984734052429789
United Kingdom,netustm_log,-0.27530291637627435,0.01636787656767677,-0.008324289940111553,0.0410600430754651
United Kingdom,netustm_log,-0.25110363145955117,0.01758057911884397,-0.007111587388944355,0.04227274562663229
United Kingdom,netustm_log,-0.22690434654282798,0.018793281670011167,-0.005898884837777157,0.04348544817779949
United Kingdom,netustm_log,-0.20270506162610458,0.02000598422117838,-0.004686182286609945,0.0446981507289667
United Kingdom,netustm_log,-0.1785057767093814,0.02121868677234558,-0.003473479735442743,0.045910853280133904
United Kingdom,netustm_log,-0.1543064917926582,0.022431389323512782,-0.0022607771842755413,0.04712355583130111
United Kingdom,netustm_log,-0.13010720687593502,0.02364409187467998,-0.001048074633108343,0.0483362583824683
United Kingdom,netustm_log,-0.10590792195921184,0.024856794425847182,0.00016462791805885862,0.049548960933635505
United Kingdom,netustm_log,-0.08170863704248865,0.026069496977014384,0.0013773304692260603,0.05076166348480271
United Kingdom,netustm_log,-0.05750935212576547,0.027282199528181582,0.0025900330203932585,0.0519743660359699
United Kingdom,netustm_log,-0.03331006720904206,0.028494902079348794,0.0038027355715604706,0.05318706858713712
United Kingdom,netustm_log,-0.009110782292319097,0.029707604630515985,0.005015438122727662,0.05439977113830431
United Kingdom,netustm_log,0.01508850262440431,0.030920307181683197,0.006228140673894874,0.05561247368947152
United Kingdom,netustm_log,0.03928778754112727,0.03213300973285039,0.007440843225062065,0.05682517624063871
United Kingdom,netustm_log,0.06348707245785068,0.0333457122840176,0.008653545776229277,0.05803787879180593
United Kingdom,netustm_log,0.08768635737457409,0.034558414835184806,0.009866248327396483,0.05925058134297313
United Kingdom,netustm_log,0.11188564229129705,0.035771117386352,0.011078950878563674,0.060463283894140324
United Kingdom,netustm_log,0.13608492720802046,0.03698381993751921,0.012291653429730886,0.06167598644530753
United Kingdom,netustm_log,0.16028421212474342,0.0381965224886864,0.013504355980898077,0.06288868899647472
United Kingdom,netustm_log,0.18448349704146683,0.03940922503985361,0.01471705853206529,0.06410139154764194
United Kingdom,netustm_log,0.2086827819581898,0.040621927591020804,0.01592976108323248,0.06531409409880913
United Kingdom,netustm_log,0.2328820668749132,0.04183463014218801,0.017142463634399686,0.06652679664997634
United Kingdom,netustm_log,0.2570813517916366,0.04304733269335523,0.018355166185566905,0.06773949920114355
United Kingdom,netustm_log,0.28128063670835957,0.04426003524452241,0.01956786873673409,0.06895220175231073
United Kingdom,netustm_log,0.305479921625083,0.045472737795689624,0.0207805712879013,0.07016490430347795
United Kingdom,netustm_log,0.32967920654180594,0.046685440346856816,0.021993273839068492,0.07137760685464514
United Kingdom,netustm_log,0.35387849145852934,0.04789814289802402,0.023205976390235698,0.07259030940581235
United Kingdom,netustm_log,0.3780777763752523,0.04911084544919121,0.02441867894140289,0.07380301195697954
United Kingdom,netustm_log,0.4022770612919757,0.05032354800035843,0.025631381492570108,0.07501571450814676
United Kingdom,netustm_log,0.4264763462086991,0.051536250551525636,0.026844084043737313,0.07622841705931396
United Kingdom,netustm_log,0.4506756311254221,0.05274895310269283,0.028056786594904504,0.07744111961048115
United Kingdom,netustm_log,0.4748749160421455,0.05396165565386004,0.029269489146071716,0.07865382216164836
United Kingdom,netustm_log,0.49907420095886845,0.055174358205027224,0.0304821916972389,0.07986652471281555
United Kingdom,netustm_log,0.5232734858755919,0.05638706075619444,0.031694894248406116,0.08107922726398277
United Kingdom,netustm_log,0.5474727707923148,0.057599763307361634,0.03290759679957331,0.08229192981514996
United Kingdom,netustm_log,0.5716720557090382,0.05881246585852884,0.03412029935074051,0.08350463236631717
United Kingdom,netustm_log,0.5958713406257616,0.06002516840969606,0.03533300190190773,0.08471733491748439
United Kingdom,netustm_log,0.6200706255424846,0.06123787096086324,0.03654570445307492,0.08593003746865156
United Kingdom,netustm_log,0.644269910459208,0.062450573512030455,0.03775840700424213,0.08714274001981878
United Kingdom,netustm_log,0.668469195375931,0.06366327606319765,0.03897110955540932,0.08835544257098597
United Kingdom,netustm_log,0.6926684802926544,0.06487597861436485,0.040183812106576525,0.08956814512215318
United Kingdom,netustm_log,0.7168677652093773,0.06608868116553204,0.041396514657743716,0.09078084767332037
United Kingdom,netustm_log,0.7410670501261007,0.06730138371669926,0.042609217208910935,0.09199355022448759
United Kingdom,netustm_log,0.7652663350428242,0.06851408626786647,0.04382191976007814,0.0932062527756548
United Kingdom,netustm_log,0.7894656199595471,0.06972678881903366,0.04503462231124533,0.09441895532682198
United Kingdom,netustm_log,0.8136649048762705,0.07093949137020086,0.04624732486241254,0.09563165787798919
United Kingdom,netustm_log,0.8378641897929935,0.07215219392136805,0.04746002741357973,0.09684436042915638
United Kingdom,netustm_log,0.8620634747097169,0.07336489647253527,0.04867272996474695,0.0980570629803236
United Kingdom,netustm_log,0.8862627596264399,0.07457759902370246,0.04988543251591414,0.09926976553149079
United Kingdom,netustm_log,0.9104620445431633,0.07579030157486967,0.05109813506708134,0.100482468082658
United Kingdom,netustm_log,0.9346613294598867,0.07700300412603689,0.05231083761824856,0.10169517063382522
United Kingdom,netustm_log,0.9588606143766096,0.07821570667720407,0.05352354016941574,0.1029078731849924
United Kingdom,netustm_log,0.983059899293333,0.07942840922837129,0.05473624272058296,0.10412057573615961
United Kingdom,netustm_log,1.007259184210056,0.08064111177953848,0.05594894527175015,0.1053332782873268
United Kingdom,netustm_log,1.0314584691267794,0.08185381433070568,0.057161647822917355,0.10654598083849401
United Kingdom,netustm_log,1.0556577540435024,0.08306651688187287,0.058374350374084547,0.1077586833896612
United Kingdom,netustm_log,1.0798570389602258,0.08427921943304009,0.059587052925251766,0.10897138594082842
United Kingdom,netustm_log,1.1040563238769492,0.0854919219842073,0.06079975547641897,0.11018408849199562
United Kingdom,netustm_log,1.1282556087936721,0.08670462453537449,0.06201245802758616,0.11139679104316282
United Kingdom,netustm_log,1.1524548937103956,0.0879173270865417,0.06322516057875337,0.11260949359433002
United Kingdom,netustm_log,1.1766541786271185,0.08913002963770889,0.06443786312992056,0.11382219614549721
United Kingdom,netustm_log,1.200853463543842,0.0903427321888761,0.06565056568108778,0.11503489869666443
United Kingdom,netustm_log,1.2250527484605649,0.0915554347400433,0.06686326823225497,0.11624760124783162
United Kingdom,netustm_log,1.2492520333772883,0.0927681372912105,0.06807597078342217,0.11746030379899883
United Kingdom,netustm_log,1.2734513182940117,0.0939808398423777,0.06928867333458938,0.11867300635016603
United Kingdom,netustm_log,1.2976506032107347,0.0951935423935449,0.07050137588575657,0.11988570890133322
United Kingdom,netustm_log,1.321849888127458,0.09640624494471212,0.07171407843692379,0.12109841145250044
United Kingdom,netustm_log,1.346049173044181,0.0976189474958793,0.07292678098809097,0.12231111400366762
United Kingdom,netustm_log,1.3702484579609044,0.09883165004704651,0.07413948353925819,0.12352381655483484
United Kingdom,netustm_log,1.3944477428776274,0.1000443525982137,0.07535218609042538,0.12473651910600203
United Kingdom,netustm_log,1.4186470277943508,0.10125705514938091,0.07656488864159258,0.12594922165716924
United Kingdom,netustm_log,1.4428463127110742,0.10246975770054813,0.0777775911927598,0.12716192420833644
United Kingdom,netustm_log,1.4670455976277972,0.10368246025171532,0.07899029374392699,0.12837462675950365
United Kingdom,netustm_log,1.4912448825445206,0.10489516280288252,0.0802029962950942,0.12958732931067085
United Kingdom,netustm_log,1.5154441674612436,0.10610786535404972,0.08141569884626139,0.13080003186183803
United Kingdom,netustm_log,1.539643452377967,0.10732056790521692,0.0826284013974286,0.13201273441300523
United Kingdom,netustm_log,1.56384273729469,0.10853327045638411,0.08384110394859579,0.13322543696417244
United Kingdom,netustm_log,1.588042022211413,0.10974597300755132,0.08505380649976299,0.13443813951533964
United Kingdom,nwspol_log,-2.918043184533,-0.20079703645872932,-0.218639051835453,-0.18295502108200562
United Kingdom,nwspol_log,-2.890136518045641,-0.19835608041473973,-0.21619809579146343,-0.18051406503801604
United Kingdom,nwspol_log,-2.862229851558282,-0.19591512437075015,-0.21375713974747385,-0.17807310899402645
United Kingdom,nwspol_log,-2.834323185070923,-0.19347416832676056,-0.21131618370348426,-0.17563215295003687
United Kingdom,nwspol_log,-2.806416518583564,-0.19103321228277098,-0.20887522765949468,-0.17319119690604728
United Kingdom,nwspol_log,-2.7785098520962053,-0.1885922562387814,-0.2064342716155051,-0.1707502408620577
United Kingdom,nwspol_log,-2.7506031856088464,-0.18615130019479184,-0.20399331557151554,-0.16830928481806814
United Kingdom,nwspol_log,-2.722696519121487,-0.18371034415080223,-0.20155235952752593,-0.16586832877407853
United Kingdom,nwspol_log,-2.6947898526341283,-0.18126938810681265,-0.19911140348353634,-0.16342737273008895
United Kingdom,nwspol_log,-2.6668831861467694,-0.1788284320628231,-0.19667044743954679,-0.1609864166860994
United Kingdom,nwspol_log,-2.63897651965941,-0.17638747601883348,-0.19422949139555717,-0.15854546064210978
United Kingdom,nwspol_log,-2.6110698531720513,-0.1739465199748439,-0.1917885353515676,-0.1561045045981202
United Kingdom,nwspol_log,-2.5831631866846925,-0.17150556393085434,-0.18934757930757803,-0.15366354855413064
United Kingdom,nwspol_log,-2.5552565201973336,-0.16906460788686475,-0.18690662326358845,-0.15122259251014106
United Kingdom,nwspol_log,-2.527349853709975,-0.1666236518428752,-0.1844656672195989,-0.1487816364661515
United Kingdom,nwspol_log,-2.4994431872226155,-0.1641826957988856,-0.18202471117560928,-0.1463406804221619
United Kingdom,nwspol_log,-2.4715365207352566,-0.161741739754896,-0.1795837551316197,-0.1438997243781723
United Kingdom,nwspol_log,-2.443629854247898,-0.15930078371090645,-0.17714279908763014,-0.14145876833418275
United Kingdom,nwspol_log,-2.4157231877605385,-0.15685982766691683,-0.17470184304364053,-0.13901781229019314
United Kingdom,nwspol_log,-2.3878165212731797,-0.15441887162292725,-0.17226088699965095,-0.13657685624620355
United Kingdom,nwspol_log,-2.359909854785821,-0.15197791557893767,-0.16981993095566136,-0.13413590020221397
United Kingdom,nwspol_log,-2.332003188298462,-0.1495369595349481,-0.1673789749116718,-0.13169494415822441
United Kingdom,nwspol_log,-2.304096521811103,-0.14709600349095853,-0.16493801886768222,-0.12925398811423483
United Kingdom,nwspol_log,-2.276189855323744,-0.14465504744696892,-0.1624970628236926,-0.12681303207024522
United Kingdom,nwspol_log,-2.248283188836385,-0.14221409140297936,-0.16005610677970306,-0.12437207602625566
United Kingdom,nwspol_log,-2.220376522349026,-0.13977313535898978,-0.15761515073571347,-0.12193111998226608
United Kingdom,nwspol_log,-2.192469855861667,-0.13733217931500016,-0.15517419469172386,-0.11949016393827647
United Kingdom,nwspol_log,-2.164563189374308,-0.1348912232710106,-0.1527332386477343,-0.11704920789428691
United Kingdom,nwspol_log,-2.136656522886949,-0.13245026722702102,-0.15029228260374472,-0.11460825185029733
United Kingdom,nwspol_log,-2.1087498563995903,-0.13000931118303147,-0.14785132655975516,-0.11216729580630777
United Kingdom,nwspol_log,-2.0808431899122315,-0.12756835513904188,-0.14541037051576558,-0.10972633976231819
United Kingdom,nwspol_log,-2.052936523424872,-0.12512739909505227,-0.14296941447177597,-0.10728538371832858
United Kingdom,nwspol_log,-2.0250298569375134,-0.12268644305106269,-0.14052845842778638,-0.10484442767433899
United Kingdom,nwspol_log,-1.9971231904501545,-0.12024548700707313,-0.13808750238379683,-0.10240347163034944
United Kingdom,nwspol_log,-1.9692165239627955,-0.11780453096308355,-0.13564654633980724,-0.09996251558635985
United Kingdom,nwspol_log,-1.9413098574754364,-0.11536357491909394,-0.13320559029581763,-0.09752155954237024
United Kingdom,nwspol_log,-1.9134031909880775,-0.11292261887510438,-0.13076463425182808,-0.09508060349838068
United Kingdom,nwspol_log,-1.8854965245007187,-0.1104816628311148,-0.1283236782078385,-0.0926396474543911
United Kingdom,nwspol_log,-1.8575898580133596,-0.10804070678712521,-0.1258827221638489,-0.09019869141040152
United Kingdom,nwspol_log,-1.8296831915260006,-0.10559975074313563,-0.12344176611985933,-0.08775773536641193
United Kingdom,nwspol_log,-1.8017765250386417,-0.10315879469914604,-0.12100081007586974,-0.08531677932242235
United Kingdom,nwspol_log,-1.7738698585512829,-0.10071783865515649,-0.11855985403188019,-0.08287582327843279
United Kingdom,nwspol_log,-1.7459631920639238,-0.09827688261116688,-0.11611889798789057,-0.08043486723444318
United Kingdom,nwspol_log,-1.7180565255765647,-0.0958359265671773,-0.11367794194390099,-0.0779939111904536
United Kingdom,nwspol_log,-1.690149859089206,-0.09339497052318774,-0.11123698589991143,-0.07555295514646404
United Kingdom,nwspol_log,-1.662243192601847,-0.09095401447919815,-0.10879602985592185,-0.07311199910247446
United Kingdom,nwspol_log,-1.634336526114488,-0.08851305843520857,-0.10635507381193227,-0.07067104305848487
United Kingdom,nwspol_log,-1.606429859627129,-0.08607210239121896,-0.10391411776794265,-0.06823008701449526
United Kingdom,nwspol_log,-1.57852319313977,-0.0836311463472294,-0.1014731617239531,-0.0657891309705057
United Kingdom,nwspol_log,-1.5506165266524112,-0.08119019030323982,-0.09903220567996351,-0.06334817492651612
United Kingdom,nwspol_log,-1.5227098601650522,-0.07874923425925023,-0.09659124963597393,-0.060907218882526544
United Kingdom,nwspol_log,-1.494803193677693,-0.07630827821526065,-0.09415029359198435,-0.05846626283853696
United Kingdom,nwspol_log,-1.4668965271903343,-0.07386732217127107,-0.09170933754799476,-0.056025306794547376
United Kingdom,nwspol_log,-1.4389898607029754,-0.07142636612728151,-0.0892683815040052,-0.05358435075055782
United Kingdom,nwspol_log,-1.4110831942156163,-0.06898541008329191,-0.0868274254600156,-0.05114339470656822
United Kingdom,nwspol_log,-1.3831765277282573,-0.06654445403930231,-0.08438646941602601,-0.048702438662578625
United Kingdom,nwspol_log,-1.3552698612408984,-0.06410349799531274,-0.08194551337203643,-0.046261482618589055
United Kingdom,nwspol_log,-1.3273631947535396,-0.061662541951323174,-0.07950455732804687,-0.043820526574599485
United Kingdom,nwspol_log,-1.2994565282661805,-0.05922158590733359,-0.07706360128405729,-0.0413795705306099
United Kingdom,nwspol_log,-1.2715498617788215,-0.05678062986334399,-0.07462264524006768,-0.0389386144866203
United Kingdom,nwspol_log,-1.2436431952914626,-0.05433967381935442,-0.07218168919607812,-0.03649765844263073
United Kingdom,nwspol_log,-1.2157365288041038,-0.05189871777536485,-0.06974073315208854,-0.03405670239864116
United Kingdom,nwspol_log,-1.1878298623167447,-0.049457761731375255,-0.06729977710809895,-0.031615746354651565
United Kingdom,nwspol_log,-1.1599231958293856,-0.04701680568738567,-0.06485882106410937,-0.02917479031066198
United Kingdom,nwspol_log,-1.1320165293420268,-0.0445758496433961,-0.06241786502011979,-0.02673383426667241
United Kingdom,nwspol_log,-1.104109862854668,-0.04213489359940653,-0.05997690897613022,-0.02429287822268284
United Kingdom,nwspol_log,-1.0762031963673089,-0.03969393755541693,-0.05753595293214062,-0.021851922178693244
United Kingdom,nwspol_log,-1.0482965298799498,-0.037252981511427335,-0.055094996888151025,-0.019410966134703646
United Kingdom,nwspol_log,-1.020389863392591,-0.034812025467437765,-0.052654040844161455,-0.016970010090714076
United Kingdom,nwspol_log,-0.9924831969052321,-0.032371069423448195,-0.050213084800171885,-0.014529054046724506
United Kingdom,nwspol_log,-0.9645765304178731,-0.02993011337945861,-0.0477721287561823,-0.012088098002734922
United Kingdom,nwspol_log,-0.936669863930514,-0.027489157335469014,-0.045331172712192704,-0.009647141958745324
United Kingdom,nwspol_log,-0.9087631974431551,-0.025048201291479444,-0.042890216668203134,-0.007206185914755754
United Kingdom,nwspol_log,-0.8808565309557963,-0.022607245247489874,-0.040449260624213564,-0.004765229870766184
United Kingdom,nwspol_log,-0.8529498644684375,-0.020166289203500304,-0.038008304580223994,-0.002324273826776614
United Kingdom,nwspol_log,-0.8250431979810782,-0.017725333159510692,-0.03556734853623438,0.00011668221721299749
United Kingdom,nwspol_log,-0.7971365314937193,-0.015284377115521122,-0.03312639249224481,0.0025576382612025675
United Kingdom,nwspol_log,-0.7692298650063605,-0.012843421071531552,-0.030685436448255242,0.0049985943051921375
United Kingdom,nwspol_log,-0.7413231985190012,-0.01040246502754194,-0.02824448040426563,0.007439550349181749
United Kingdom,nwspol_log,-0.7134165320316423,-0.007961508983552364,-0.025803524360276053,0.009880506393171326
United Kingdom,nwspol_log,-0.6855098655442835,-0.005520552939562794,-0.023362568316286483,0.012321462437160896
United Kingdom,nwspol_log,-0.6576031990569247,-0.0030795968955732236,-0.020921612272296913,0.014762418481150466
United Kingdom,nwspol_log,-0.6296965325695658,-0.0006386408515836467,-0.018480656228307336,0.017203374525140043
United Kingdom,nwspol_log,-0.6017898660822065,0.001802315192405958,-0.01603970018431773,0.019644330569129648
United Kingdom,nwspol_log,-0.5738831995948477,0.004243271236395535,-0.013598744140328155,0.022085286613119225
United Kingdom,nwspol_log,-0.5459765331074888,0.006684227280385105,-0.011157788096338585,0.024526242657108795
United Kingdom,nwspol_log,-0.5180698666201295,0.009125183324374717,-0.008716832052348973,0.026967198701098406
United Kingdom,nwspol_log,-0.4901632001327707,0.011566139368364287,-0.006275876008359403,0.029408154745087976
United Kingdom,nwspol_log,-0.46225653364541186,0.014007095412353857,-0.003834919964369833,0.031849110789077546
United Kingdom,nwspol_log,-0.434349867158053,0.016448051456343427,-0.0013939639203802631,0.034290066833067116
United Kingdom,nwspol_log,-0.40644320067069417,0.018889007500333004,0.0010469921236093138,0.03673102287705669
United Kingdom,nwspol_log,-0.3785365341833349,0.021329963544322615,0.0034879481675989255,0.039171978921046305
United Kingdom,nwspol_log,-0.35062986769597604,0.023770919588312185,0.0059289042115884955,0.041612934965035875
United Kingdom,nwspol_log,-0.3227232012086172,0.026211875632301755,0.008369860255578065,0.044053891009025445
United Kingdom,nwspol_log,-0.2948165347212579,0.028652831676291367,0.010810816299567677,0.046494847053015056
United Kingdom,nwspol_log,-0.26690986823389906,0.031093787720280937,0.013251772343557247,0.048935803097004626
United Kingdom,nwspol_log,-0.23900320174654022,0.033534743764270514,0.015692728387546824,0.0513767591409942
United Kingdom,nwspol_log,-0.21109653525918137,0.035975699808260084,0.018133684431536394,0.05381771518498377
United Kingdom,nwspol_log,-0.18318986877182253,0.038416655852249654,0.020574640475525964,0.05625867122897334
United Kingdom,nwspol_log,-0.15528320228446324,0.040857611896239265,0.023015596519515576,0.058699627272962955
United Kingdom,nwspol_log,-0.1273765357971044,0.043298567940228835,0.025456552563505146,0.061140583316952525
United Kingdom,nwspol_log,-0.09946986930974555,0.045739523984218405,0.027897508607494716,0.0635815393609421
United Kingdom,nwspol_log,-0.07156320282238626,0.04818048002820802,0.030338464651484327,0.06602249540493171
United Kingdom,nwspol_log,-0.04365653633502742,0.05062143607219759,0.0327794206954739,0.06846345144892127
United Kingdom,nwspol_log,-0.015749869847668574,0.053062392116187164,0.035220376739463474,0.07090440749291085
United Kingdom,nwspol_log,0.01215679663969027,0.055503348160176734,0.037661332783453044,0.07334536353690042
United Kingdom,nwspol_log,0.040063463127049115,0.057944304204166304,0.040102288827442614,0.07578631958089
United Kingdom,nwspol_log,0.0679701296144084,0.060385260248155916,0.042543244871432226,0.0782272756248796
United Kingdom,nwspol_log,0.09587679610176725,0.06282621629214549,0.0449842009154218,0.08066823166886919
United Kingdom,nwspol_log,0.12378346258912609,0.06526717233613506,0.04742515695941137,0.08310918771285875
United Kingdom,nwspol_log,0.15169012907648538,0.06770812838012467,0.049866113003400984,0.08555014375684836
United Kingdom,nwspol_log,0.17959679556384422,0.07014908442411424,0.052307069047390554,0.08799109980083794
United Kingdom,nwspol_log,0.20750346205120307,0.07259004046810381,0.054748025091380124,0.0904320558448275
United Kingdom,nwspol_log,0.2354101285385619,0.07503099651209338,0.057188981135369694,0.09287301188881708
United Kingdom,nwspol_log,0.26331679502592076,0.07747195255608295,0.059629937179359264,0.09531396793280664
United Kingdom,nwspol_log,0.29122346151328005,0.07991290860007257,0.062070893223348876,0.09775492397679625
United Kingdom,nwspol_log,0.3191301280006389,0.08235386464406214,0.06451184926733844,0.10019588002078583
United Kingdom,nwspol_log,0.34703679448799774,0.0847948206880517,0.06695280531132802,0.10263683606477539
United Kingdom,nwspol_log,0.374943460975357,0.08723577673204132,0.06939376135531763,0.105077792108765
United Kingdom,nwspol_log,0.40285012746271587,0.08967673277603089,0.07183471739930719,0.10751874815275458
United Kingdom,nwspol_log,0.4307567939500747,0.09211768882002047,0.07427567344329677,0.10995970419674417
United Kingdom,nwspol_log,0.45866346043743356,0.09455864486401003,0.07671662948728633,0.11240066024073372
United Kingdom,nwspol_log,0.4865701269247924,0.09699960090799961,0.07915758553127591,0.11484161628472331
United Kingdom,nwspol_log,0.5144767934121517,0.09944055695198922,0.08159854157526553,0.11728257232871292
United Kingdom,nwspol_log,0.5423834598995105,0.10188151299597879,0.08403949761925511,0.11972352837270248
United Kingdom,nwspol_log,0.5702901263868694,0.10432246903996836,0.08648045366324467,0.12216448441669206
United Kingdom,nwspol_log,0.5981967928742287,0.10676342508395797,0.08892140970723428,0.12460544046068167
United Kingdom,nwspol_log,0.6261034593615875,0.10920438112794754,0.09136236575122386,0.12704639650467123
United Kingdom,nwspol_log,0.6540101258489464,0.11164533717193711,0.09380332179521342,0.1294873525486608
United Kingdom,nwspol_log,0.6819167923363052,0.11408629321592668,0.096244277839203,0.13192830859265037
United Kingdom,nwspol_log,0.709823458823664,0.11652724925991625,0.09868523388319256,0.13436926463663995
United Kingdom,nwspol_log,0.7377301253110233,0.11896820530390587,0.10112618992718217,0.13681022068062956
United Kingdom,nwspol_log,0.7656367917983822,0.12140916134789544,0.10356714597117175,0.13925117672461912
United Kingdom,nwspol_log,0.793543458285741,0.123850117391885,0.10600810201516131,0.1416921327686087
United Kingdom,nwspol_log,0.8214501247731003,0.12629107343587462,0.10844905805915092,0.14413308881259831
United Kingdom,nwspol_log,0.8493567912604592,0.1287320294798642,0.1108900141031405,0.1465740448565879
United Kingdom,nwspol_log,0.877263457747818,0.13117298552385376,0.11333097014713006,0.14901500090057745
United Kingdom,nwspol_log,0.9051701242351768,0.13361394156784334,0.11577192619111965,0.15145595694456704
United Kingdom,nwspol_log,0.9330767907225357,0.13605489761183293,0.11821288223510923,0.15389691298855662
United Kingdom,nwspol_log,0.960983457209895,0.1384958536558225,0.12065383827909881,0.1563378690325462
United Kingdom,nwspol_log,0.9888901236972538,0.1409368096998121,0.1230947943230884,0.1587788250765358
United Kingdom,nwspol_log,1.0167967901846127,0.14337776574380168,0.12553575036707798,0.16121978112052537
United Kingdom,nwspol_log,1.044703456671972,0.14581872178779126,0.12797670641106756,0.16366073716451496
United Kingdom,nwspol_log,1.0726101231593308,0.14825967783178085,0.13041766245505715,0.16610169320850454
United Kingdom,nwspol_log,1.1005167896466896,0.15070063387577043,0.13285861849904673,0.16854264925249413
United Kingdom,nwspol_log,1.128423456134049,0.15314158991976,0.13529957454303632,0.1709836052964837
United Kingdom,nwspol_log,1.1563301226214073,0.15558254596374954,0.13774053058702584,0.17342456134047324
United Kingdom,nwspol_log,1.1842367891087666,0.15802350200773918,0.14018148663101548,0.17586551738446288
United Kingdom,nwspol_log,1.212143455596125,0.1604644580517287,0.142622442675005,0.1783064734284524
United Kingdom,nwspol_log,1.240050122083484,0.1629054140957183,0.1450633987189946,0.180747429472442
